customer_id,city,previous_orders,average_order_value
CUS000001,Mysore,6,2078.75
CUS000002,Bangalore,6,2996.67
CUS000003,Hyderabad,7,3762.45
CUS000004,Chennai,5,1615.03
CUS000005,Chennai,8,1384.61
CUS000006,Tumkur,13,1803.05
CUS000007,Mysore,4,1436.09
CUS000008,Mysore,7,3067.32
CUS000009,Pune,5,1188.43
CUS000010,Bangalore,9,1549.04
CUS000011,Bangalore,8,889.47
CUS000012,Mysore,7,3044.97
CUS000013,Chennai,12,1486.15
CUS000014,Chennai,5,869.78
CUS000015,Bangalore,10,1057.58
CUS000016,Chennai,4,1100.71
CUS000017,Pune,9,3646.04
CUS000018,Chennai,6,897.02
CUS000019,Delhi,6,1141.72
CUS000020,Hyderabad,9,3924.39
CUS000021,Bangalore,11,1286.9
CUS000022,Tumkur,4,2030.68
CUS000023,Pune,3,3055.42
CUS000024,Mumbai,9,3507.13
CUS000025,Hyderabad,11,1117.1
CUS000026,Tumkur,7,2947.14
CUS000027,Chennai,14,1861.44
CUS000028,Mumbai,18,1020.98
CUS000029,Mysore,5,1469.58
CUS000030,Mysore,6,1882.02
CUS000031,Pune,8,3053.4
CUS000032,Mysore,3,1320.43
CUS000033,Mumbai,10,5224.31
CUS000034,Mumbai,5,3029.74
CUS000035,Hyderabad,5,357.58
CUS000036,Bangalore,6,1083.34
CUS000037,Delhi,7,2498.84
CUS000038,Mysore,10,1925.71
CUS000039,Pune,2,1417.69
CUS000040,Mysore,5,2005.8
CUS000041,Hyderabad,13,3930.14
CUS000042,Mumbai,8,1451.34
CUS000043,Chennai,10,2658.03
CUS000044,Mysore,7,2523.82
CUS000045,Bangalore,5,1455.85
CUS000046,Chennai,10,2002.02
CUS000047,Hyderabad,7,1791.38
CUS000048,Mysore,5,1565.05
CUS000049,Chennai,6,1872.12
CUS000050,Mysore,11,2956.47
CUS000051,Pune,9,694.82
CUS000052,Hyderabad,12,2167.3
CUS000053,Delhi,12,2058.42
CUS000054,Mumbai,13,2103.11
CUS000055,Tumkur,11,3806.72
CUS000056,Mumbai,3,2804.31
CUS000057,Mumbai,13,1570.75
CUS000058,Chennai,6,786.55
CUS000059,Hyderabad,4,2627.23
CUS000060,Mysore,5,1563.46
CUS000061,Tumkur,4,1370.84
CUS000062,Chennai,8,993.33
CUS000063,Tumkur,8,4115.37
CUS000064,Delhi,6,1596.36
CUS000065,Pune,5,1063.55
CUS000066,Hyderabad,8,1303.51
CUS000067,Chennai,8,1833.25
CUS000068,Mumbai,4,1926.93
CUS000069,Bangalore,6,2197.61
CUS000070,Chennai,10,1732.89
CUS000071,Bangalore,7,1749.28
CUS000072,Mumbai,4,986.82
CUS000073,Pune,13,1968.18
CUS000074,Hyderabad,7,1890.69
CUS000075,Mysore,10,709.53
CUS000076,Chennai,11,1516.63
CUS000077,Mumbai,8,3846.37
CUS000078,Chennai,8,2210.6
CUS000079,Delhi,10,1158.15
CUS000080,Pune,8,565.46
CUS000081,Delhi,11,1859.13
CUS000082,Tumkur,5,3124.71
CUS000083,Hyderabad,9,1598.99
CUS000084,Tumkur,6,1577.57
CUS000085,Chennai,7,1288.48
CUS000086,Hyderabad,5,1948.17
CUS000087,Pune,8,1523.33
CUS000088,Pune,7,1501.59
CUS000089,Mumbai,6,1899.55
CUS000090,Chennai,8,1693.97
CUS000091,Tumkur,5,2128.27
CUS000092,Delhi,10,967.24
CUS000093,Mysore,10,2108.86
CUS000094,Bangalore,8,768.87
CUS000095,Mysore,8,2054.97
CUS000096,Tumkur,7,2955.27
CUS000097,Tumkur,6,3535.66
CUS000098,Pune,7,1162.25
CUS000099,Mysore,7,1978.16
CUS000100,Pune,10,1529.31
CUS000101,Pune,12,842.8
CUS000102,Delhi,8,1756.45
CUS000103,Hyderabad,12,1073.58
CUS000104,Bangalore,9,3425.37
CUS000105,Mysore,4,1395.99
CUS000106,Hyderabad,10,3658.01
CUS000107,Mumbai,4,1776.96
CUS000108,Mysore,11,2032.67
CUS000109,Hyderabad,9,1314.62
CUS000110,Pune,9,3276.43
CUS000111,Tumkur,8,2372.62
CUS000112,Delhi,7,3108.22
CUS000113,Bangalore,9,796.56
CUS000114,Hyderabad,14,2278.5
CUS000115,Tumkur,8,2721.33
CUS000116,Mysore,13,858.6
CUS000117,Hyderabad,7,1422.16
CUS000118,Chennai,7,1927.35
CUS000119,Tumkur,9,2500.68
CUS000120,Mumbai,6,2962.1
CUS000121,Tumkur,10,1876.39
CUS000122,Bangalore,12,1612.11
CUS000123,Mumbai,8,1248.36
CUS000124,Delhi,5,1795.17
CUS000125,Bangalore,8,1114.89
CUS000126,Mysore,7,1765.42
CUS000127,Mumbai,4,1653.24
CUS000128,Hyderabad,6,1253.96
CUS000129,Chennai,6,2200.92
CUS000130,Bangalore,11,2542.04
CUS000131,Chennai,6,2348.23
CUS000132,Mysore,10,1357.16
CUS000133,Mysore,7,828.07
CUS000134,Delhi,12,4919.04
CUS000135,Mysore,10,591.57
CUS000136,Tumkur,8,2033.68
CUS000137,Tumkur,6,1588.23
CUS000138,Delhi,5,3350.43
CUS000139,Tumkur,10,2601.43
CUS000140,Hyderabad,5,1855.62
CUS000141,Pune,4,1938.5
CUS000142,Chennai,6,2267.12
CUS000143,Chennai,9,2793.45
CUS000144,Hyderabad,10,2316.57
CUS000145,Pune,8,2123.2
CUS000146,Mumbai,13,2232.69
CUS000147,Delhi,8,1968.15
CUS000148,Delhi,8,1274.03
CUS000149,Mysore,9,2642.46
CUS000150,Chennai,6,2080.98
CUS000151,Chennai,9,1690.65
CUS000152,Mysore,8,1669.68
CUS000153,Mumbai,9,896.68
CUS000154,Bangalore,9,4336.35
CUS000155,Chennai,8,3335.21
CUS000156,Chennai,9,4071.22
CUS000157,Bangalore,8,1351.76
CUS000158,Mysore,4,1088.57
CUS000159,Bangalore,13,1897.36
CUS000160,Chennai,8,1286.34
CUS000161,Mysore,12,1388.9
CUS000162,Bangalore,7,2166.44
CUS000163,Mumbai,13,1452.01
CUS000164,Mysore,9,3239.43
CUS000165,Chennai,12,1333.08
CUS000166,Hyderabad,6,1646.68
CUS000167,Delhi,7,1281.35
CUS000168,Chennai,6,1752.28
CUS000169,Tumkur,8,2321.02
CUS000170,Delhi,9,5677.92
CUS000171,Chennai,3,2783.74
CUS000172,Delhi,3,1214.13
CUS000173,Pune,9,995.72
CUS000174,Chennai,13,1772.16
CUS000175,Mysore,9,996.61
CUS000176,Mysore,6,1865.61
CUS000177,Pune,4,1107.15
CUS000178,Mumbai,7,930.8
CUS000179,Pune,5,966.52
CUS000180,Pune,8,1406.37
CUS000181,Delhi,11,5054.85
CUS000182,Bangalore,11,1041.48
CUS000183,Mysore,11,2208.0
CUS000184,Bangalore,14,1305.47
CUS000185,Pune,5,3442.63
CUS000186,Mumbai,8,1463.51
CUS000187,Mysore,7,2594.61
CUS000188,Chennai,9,1500.54
CUS000189,Chennai,7,3909.07
CUS000190,Chennai,8,4929.76
CUS000191,Delhi,9,2298.54
CUS000192,Tumkur,13,913.49
CUS000193,Pune,3,1388.68
CUS000194,Tumkur,11,2659.04
CUS000195,Hyderabad,8,2651.92
CUS000196,Delhi,4,3339.13
CUS000197,Chennai,7,1389.86
CUS000198,Mysore,7,1795.41
CUS000199,Delhi,10,2093.89
CUS000200,Mysore,7,917.55
CUS000201,Bangalore,9,1057.78
CUS000202,Bangalore,9,419.61
CUS000203,Mysore,6,3232.36
CUS000204,Chennai,9,1231.29
CUS000205,Tumkur,8,1913.4
CUS000206,Pune,12,880.83
CUS000207,Delhi,8,5070.84
CUS000208,Delhi,11,1060.22
CUS000209,Chennai,6,1208.72
CUS000210,Pune,12,2436.26
CUS000211,Bangalore,6,2648.62
CUS000212,Tumkur,10,3389.81
CUS000213,Pune,9,2337.77
CUS000214,Bangalore,12,1977.9
CUS000215,Pune,7,1454.46
CUS000216,Hyderabad,10,2631.46
CUS000217,Delhi,4,704.44
CUS000218,Hyderabad,10,1559.1
CUS000219,Pune,4,1252.76
CUS000220,Delhi,10,1840.94
CUS000221,Tumkur,12,1590.34
CUS000222,Chennai,9,543.82
CUS000223,Hyderabad,5,2266.56
CUS000224,Chennai,3,972.6
CUS000225,Bangalore,2,1549.05
CUS000226,Bangalore,8,1241.31
CUS000227,Mumbai,9,2739.89
CUS000228,Bangalore,6,1651.21
CUS000229,Bangalore,4,1268.84
CUS000230,Delhi,6,2146.1
CUS000231,Tumkur,7,2576.29
CUS000232,Bangalore,7,2031.66
CUS000233,Mysore,5,1958.49
CUS000234,Tumkur,15,1081.56
CUS000235,Mysore,9,1549.96
CUS000236,Mysore,5,2669.99
CUS000237,Chennai,9,1426.64
CUS000238,Pune,4,1795.02
CUS000239,Mysore,5,1725.52
CUS000240,Chennai,11,2027.36
CUS000241,Bangalore,7,962.25
CUS000242,Mysore,12,1173.19
CUS000243,Pune,6,2065.12
CUS000244,Mumbai,8,4378.92
CUS000245,Hyderabad,11,3065.69
CUS000246,Chennai,12,2021.55
CUS000247,Mumbai,10,1112.28
CUS000248,Chennai,6,907.04
CUS000249,Hyderabad,6,2697.83
CUS000250,Pune,8,2636.34
CUS000251,Tumkur,5,1835.54
CUS000252,Hyderabad,5,2451.13
CUS000253,Delhi,7,1573.1
CUS000254,Mumbai,10,2481.65
CUS000255,Mysore,10,1249.62
CUS000256,Bangalore,6,2821.31
CUS000257,Delhi,0,1322.01
CUS000258,Mysore,4,1822.0
CUS000259,Mysore,7,2061.69
CUS000260,Chennai,10,1991.8
CUS000261,Hyderabad,11,2217.12
CUS000262,Tumkur,6,1698.52
CUS000263,Mumbai,12,3419.66
CUS000264,Mysore,8,2710.89
CUS000265,Chennai,4,843.31
CUS000266,Mumbai,4,1025.66
CUS000267,Hyderabad,7,2585.54
CUS000268,Tumkur,6,2589.17
CUS000269,Delhi,5,2964.12
CUS000270,Hyderabad,9,919.91
CUS000271,Bangalore,10,962.87
CUS000272,Hyderabad,8,1328.52
CUS000273,Mysore,8,1190.86
CUS000274,Tumkur,7,5139.8
CUS000275,Hyderabad,6,2261.83
CUS000276,Mysore,11,2176.66
CUS000277,Mysore,14,1120.78
CUS000278,Tumkur,4,2289.76
CUS000279,Hyderabad,8,1453.37
CUS000280,Hyderabad,7,1749.23
CUS000281,Chennai,13,1820.99
CUS000282,Mumbai,2,1122.18
CUS000283,Chennai,10,1644.91
CUS000284,Hyderabad,8,2866.44
CUS000285,Delhi,7,3036.69
CUS000286,Hyderabad,6,2618.34
CUS000287,Bangalore,2,2553.24
CUS000288,Mysore,5,503.11
CUS000289,Pune,3,3323.21
CUS000290,Hyderabad,12,2725.15
CUS000291,Bangalore,9,2502.95
CUS000292,Bangalore,11,852.74
CUS000293,Mumbai,15,1047.49
CUS000294,Tumkur,5,1489.88
CUS000295,Hyderabad,12,2042.27
CUS000296,Tumkur,8,3616.92
CUS000297,Delhi,7,743.88
CUS000298,Pune,8,2217.92
CUS000299,Bangalore,9,3866.75
CUS000300,Mysore,5,1411.78
CUS000301,Mysore,8,855.54
CUS000302,Tumkur,7,1306.34
CUS000303,Bangalore,7,2712.7
CUS000304,Mumbai,8,1018.28
CUS000305,Tumkur,8,840.88
CUS000306,Pune,8,2338.18
CUS000307,Tumkur,8,4336.37
CUS000308,Bangalore,7,3607.34
CUS000309,Hyderabad,4,4240.8
CUS000310,Mumbai,13,1555.57
CUS000311,Bangalore,10,925.84
CUS000312,Mumbai,9,2556.67
CUS000313,Chennai,6,4335.59
CUS000314,Chennai,4,1086.67
CUS000315,Mysore,9,920.08
CUS000316,Mumbai,12,933.34
CUS000317,Pune,11,1076.52
CUS000318,Tumkur,2,2622.56
CUS000319,Chennai,5,1268.02
CUS000320,Tumkur,5,963.67
CUS000321,Tumkur,10,1808.45
CUS000322,Pune,7,945.22
CUS000323,Bangalore,7,1767.2
CUS000324,Tumkur,6,1233.37
CUS000325,Mumbai,11,3356.72
CUS000326,Pune,7,1438.49
CUS000327,Chennai,8,965.7
CUS000328,Hyderabad,6,866.57
CUS000329,Tumkur,4,2067.85
CUS000330,Mysore,10,3852.6
CUS000331,Pune,11,4467.81
CUS000332,Bangalore,7,1621.29
CUS000333,Delhi,8,1899.14
CUS000334,Chennai,7,1760.91
CUS000335,Chennai,9,1531.01
CUS000336,Delhi,11,2311.78
CUS000337,Mumbai,9,1722.15
CUS000338,Hyderabad,5,1405.44
CUS000339,Chennai,6,2193.83
CUS000340,Chennai,15,3119.69
CUS000341,Bangalore,11,4823.69
CUS000342,Chennai,9,1811.39
CUS000343,Pune,9,510.41
CUS000344,Mumbai,7,1558.84
CUS000345,Hyderabad,7,2476.9
CUS000346,Mysore,9,1209.35
CUS000347,Hyderabad,8,1300.1
CUS000348,Mumbai,4,1271.01
CUS000349,Pune,9,1230.29
CUS000350,Mumbai,6,945.72
CUS000351,Bangalore,6,1982.11
CUS000352,Mysore,6,6950.14
CUS000353,Hyderabad,10,1572.71
CUS000354,Tumkur,10,2758.88
CUS000355,Hyderabad,8,2096.05
CUS000356,Bangalore,6,846.98
CUS000357,Mysore,10,3261.24
CUS000358,Pune,7,1992.32
CUS000359,Mumbai,3,1314.68
CUS000360,Mumbai,5,2273.77
CUS000361,Pune,8,4767.59
CUS000362,Mysore,6,897.4
CUS000363,Pune,7,637.75
CUS000364,Chennai,5,4282.74
CUS000365,Hyderabad,7,1383.45
CUS000366,Bangalore,7,2162.95
CUS000367,Pune,9,3980.09
CUS000368,Bangalore,8,2959.35
CUS000369,Chennai,8,2975.85
CUS000370,Mumbai,6,1431.89
CUS000371,Pune,13,2484.24
CUS000372,Mysore,9,1034.1
CUS000373,Mumbai,8,912.18
CUS000374,Mumbai,12,4883.6
CUS000375,Mysore,4,1027.51
CUS000376,Hyderabad,6,6038.06
CUS000377,Hyderabad,9,1749.37
CUS000378,Pune,4,2264.99
CUS000379,Mumbai,9,1350.46
CUS000380,Pune,6,3038.71
CUS000381,Hyderabad,10,521.04
CUS000382,Tumkur,7,1300.98
CUS000383,Chennai,11,1565.13
CUS000384,Pune,6,1221.85
CUS000385,Pune,6,4347.98
CUS000386,Tumkur,14,1824.75
CUS000387,Hyderabad,12,1724.63
CUS000388,Pune,9,2230.11
CUS000389,Bangalore,8,587.53
CUS000390,Hyderabad,6,3397.04
CUS000391,Hyderabad,4,1499.92
CUS000392,Chennai,6,1402.99
CUS000393,Pune,2,1289.05
CUS000394,Mumbai,7,2987.81
CUS000395,Delhi,8,1710.72
CUS000396,Delhi,5,1154.8
CUS000397,Delhi,9,1437.2
CUS000398,Chennai,4,1277.55
CUS000399,Delhi,9,2645.6
CUS000400,Tumkur,9,1019.48
CUS000401,Mysore,13,3204.47
CUS000402,Hyderabad,8,2007.92
CUS000403,Mumbai,8,1441.51
CUS000404,Mysore,10,2828.1
CUS000405,Chennai,7,1183.91
CUS000406,Hyderabad,5,3377.22
CUS000407,Chennai,5,2992.07
CUS000408,Chennai,7,965.4
CUS000409,Tumkur,12,1706.45
CUS000410,Bangalore,1,2051.44
CUS000411,Bangalore,6,2521.75
CUS000412,Chennai,6,4772.42
CUS000413,Delhi,4,1143.52
CUS000414,Mysore,7,3560.73
CUS000415,Delhi,7,3674.84
CUS000416,Pune,10,521.18
CUS000417,Chennai,11,1436.87
CUS000418,Pune,8,758.2
CUS000419,Delhi,3,833.41
CUS000420,Pune,8,2056.97
CUS000421,Chennai,11,1499.53
CUS000422,Tumkur,10,1672.74
CUS000423,Bangalore,7,1015.7
CUS000424,Mysore,7,777.69
CUS000425,Pune,10,1033.93
CUS000426,Chennai,9,1511.18
CUS000427,Tumkur,6,4847.76
CUS000428,Delhi,10,904.16
CUS000429,Bangalore,7,6746.43
CUS000430,Chennai,9,2358.72
CUS000431,Mysore,7,1561.34
CUS000432,Delhi,11,875.93
CUS000433,Tumkur,7,3641.68
CUS000434,Delhi,6,2385.38
CUS000435,Mumbai,6,1637.81
CUS000436,Delhi,8,1987.35
CUS000437,Pune,4,1416.58
CUS000438,Delhi,3,2725.71
CUS000439,Tumkur,9,1036.12
CUS000440,Delhi,4,4381.23
CUS000441,Delhi,7,2317.16
CUS000442,Hyderabad,9,1383.46
CUS000443,Chennai,11,2247.08
CUS000444,Hyderabad,7,2293.23
CUS000445,Delhi,10,3583.34
CUS000446,Chennai,9,1007.91
CUS000447,Hyderabad,7,2511.09
CUS000448,Delhi,8,2735.4
CUS000449,Mysore,6,1157.93
CUS000450,Hyderabad,6,1752.99
CUS000451,Chennai,12,2347.91
CUS000452,Hyderabad,5,722.41
CUS000453,Mumbai,5,3527.91
CUS000454,Mumbai,8,3265.87
CUS000455,Mysore,9,5038.71
CUS000456,Tumkur,12,1808.66
CUS000457,Tumkur,9,3446.56
CUS000458,Chennai,10,2649.31
CUS000459,Pune,6,2966.44
CUS000460,Tumkur,13,1348.19
CUS000461,Chennai,12,3025.19
CUS000462,Mysore,8,2796.59
CUS000463,Pune,11,2290.5
CUS000464,Pune,7,2888.99
CUS000465,Mumbai,9,1829.77
CUS000466,Delhi,9,1584.33
CUS000467,Pune,8,2317.95
CUS000468,Bangalore,11,3086.79
CUS000469,Chennai,3,1264.79
CUS000470,Pune,5,2346.41
CUS000471,Pune,6,1714.29
CUS000472,Bangalore,7,1441.02
CUS000473,Pune,13,888.4
CUS000474,Delhi,3,1396.09
CUS000475,Bangalore,4,745.81
CUS000476,Mumbai,8,2288.77
CUS000477,Hyderabad,6,1979.37
CUS000478,Pune,6,3469.06
CUS000479,Pune,11,2307.81
CUS000480,Chennai,8,1171.42
CUS000481,Delhi,7,1482.02
CUS000482,Chennai,9,1000.23
CUS000483,Hyderabad,9,1113.14
CUS000484,Pune,7,1482.11
CUS000485,Delhi,8,1534.61
CUS000486,Bangalore,4,2698.74
CUS000487,Pune,5,1801.68
CUS000488,Mumbai,9,1623.27
CUS000489,Pune,10,1603.33
CUS000490,Tumkur,13,784.52
CUS000491,Delhi,11,1370.36
CUS000492,Tumkur,9,4769.49
CUS000493,Bangalore,11,2634.22
CUS000494,Pune,11,998.51
CUS000495,Bangalore,10,2365.67
CUS000496,Mysore,7,2239.69
CUS000497,Pune,10,1504.87
CUS000498,Tumkur,12,1271.04
CUS000499,Delhi,9,4730.2
CUS000500,Tumkur,9,1227.45
CUS000501,Bangalore,7,1824.4
CUS000502,Hyderabad,5,2290.02
CUS000503,Pune,7,1737.96
CUS000504,Mumbai,7,1353.48
CUS000505,Chennai,9,2782.52
CUS000506,Delhi,9,890.59
CUS000507,Mumbai,7,1716.13
CUS000508,Mumbai,10,2200.97
CUS000509,Pune,9,1666.34
CUS000510,Hyderabad,5,4063.96
CUS000511,Pune,7,1755.69
CUS000512,Hyderabad,12,1404.58
CUS000513,Mysore,9,853.96
CUS000514,Delhi,12,1224.86
CUS000515,Bangalore,7,957.47
CUS000516,Bangalore,7,1721.25
CUS000517,Mumbai,5,1570.42
CUS000518,Chennai,14,1899.32
CUS000519,Mysore,9,1819.68
CUS000520,Bangalore,6,2298.27
CUS000521,Bangalore,9,1720.82
CUS000522,Chennai,6,2944.93
CUS000523,Chennai,3,5851.99
CUS000524,Bangalore,3,1263.93
CUS000525,Tumkur,14,793.59
CUS000526,Chennai,5,2446.21
CUS000527,Tumkur,5,1669.3
CUS000528,Delhi,5,2241.8
CUS000529,Mysore,4,4574.82
CUS000530,Chennai,11,1421.0
CUS000531,Delhi,10,1732.97
CUS000532,Hyderabad,8,3847.02
CUS000533,Mumbai,12,583.68
CUS000534,Tumkur,12,1151.6
CUS000535,Mysore,4,1722.33
CUS000536,Tumkur,9,667.1
CUS000537,Hyderabad,7,1686.61
CUS000538,Mysore,5,3302.87
CUS000539,Bangalore,6,1110.91
CUS000540,Hyderabad,8,2570.14
CUS000541,Pune,9,764.65
CUS000542,Pune,13,1143.59
CUS000543,Chennai,10,1765.72
CUS000544,Mysore,6,819.68
CUS000545,Chennai,12,1390.17
CUS000546,Mysore,6,1837.58
CUS000547,Hyderabad,7,2819.7
CUS000548,Mysore,4,2165.92
CUS000549,Bangalore,8,1151.3
CUS000550,Mumbai,7,2902.9
CUS000551,Pune,13,3105.29
CUS000552,Mumbai,9,1439.15
CUS000553,Mysore,9,1539.18
CUS000554,Mumbai,11,1909.13
CUS000555,Bangalore,7,1625.79
CUS000556,Pune,6,3259.97
CUS000557,Delhi,4,1896.69
CUS000558,Mysore,6,1343.91
CUS000559,Pune,7,2765.67
CUS000560,Mumbai,10,2227.96
CUS000561,Delhi,8,1184.91
CUS000562,Tumkur,8,2384.38
CUS000563,Pune,10,1119.47
CUS000564,Tumkur,8,919.42
CUS000565,Hyderabad,8,1654.15
CUS000566,Delhi,5,1145.5
CUS000567,Delhi,10,2940.42
CUS000568,Pune,14,1710.83
CUS000569,Hyderabad,11,2220.03
CUS000570,Mumbai,7,1610.77
CUS000571,Chennai,6,1600.16
CUS000572,Mysore,12,2246.54
CUS000573,Hyderabad,5,1003.77
CUS000574,Delhi,5,4492.98
CUS000575,Chennai,10,1638.45
CUS000576,Delhi,13,1332.23
CUS000577,Pune,5,966.1
CUS000578,Mumbai,6,1828.45
CUS000579,Bangalore,4,4135.56
CUS000580,Delhi,10,1348.39
CUS000581,Mumbai,13,2486.58
CUS000582,Tumkur,10,4056.8
CUS000583,Delhi,6,2589.47
CUS000584,Chennai,8,1670.91
CUS000585,Mumbai,10,3772.59
CUS000586,Hyderabad,6,1274.43
CUS000587,Mumbai,7,2245.62
CUS000588,Hyderabad,9,1402.09
CUS000589,Hyderabad,13,1926.01
CUS000590,Bangalore,4,1003.45
CUS000591,Chennai,6,654.26
CUS000592,Mysore,8,5198.76
CUS000593,Chennai,9,1809.51
CUS000594,Pune,9,2224.72
CUS000595,Delhi,5,855.23
CUS000596,Chennai,9,3430.53
CUS000597,Delhi,11,1786.27
CUS000598,Delhi,11,3298.51
CUS000599,Delhi,6,1761.75
CUS000600,Bangalore,10,1688.9
CUS000601,Mysore,6,1513.89
CUS000602,Hyderabad,8,2224.78
CUS000603,Chennai,12,1854.31
CUS000604,Pune,6,3808.16
CUS000605,Chennai,6,1204.5
CUS000606,Hyderabad,9,1566.37
CUS000607,Mumbai,3,1288.72
CUS000608,Delhi,7,2225.59
CUS000609,Mumbai,4,8420.55
CUS000610,Pune,6,3569.06
CUS000611,Mumbai,6,2971.7
CUS000612,Mumbai,7,3593.77
CUS000613,Delhi,9,1061.98
CUS000614,Hyderabad,7,1799.16
CUS000615,Hyderabad,6,3519.37
CUS000616,Hyderabad,12,713.0
CUS000617,Chennai,7,3128.39
CUS000618,Mysore,11,604.48
CUS000619,Chennai,8,3016.61
CUS000620,Mumbai,11,1477.76
CUS000621,Mysore,10,3883.04
CUS000622,Tumkur,10,1736.24
CUS000623,Chennai,9,1165.93
CUS000624,Chennai,5,543.33
CUS000625,Delhi,7,1547.39
CUS000626,Hyderabad,5,3340.59
CUS000627,Hyderabad,9,814.86
CUS000628,Mysore,11,1627.56
CUS000629,Chennai,7,1589.86
CUS000630,Hyderabad,10,806.97
CUS000631,Chennai,10,1928.95
CUS000632,Mumbai,7,669.93
CUS000633,Tumkur,8,2452.25
CUS000634,Hyderabad,10,830.74
CUS000635,Bangalore,3,2312.21
CUS000636,Tumkur,9,1845.61
CUS000637,Hyderabad,6,1232.21
CUS000638,Bangalore,13,1870.64
CUS000639,Bangalore,5,4174.22
CUS000640,Hyderabad,7,1346.51
CUS000641,Tumkur,5,1948.47
CUS000642,Delhi,11,1898.68
CUS000643,Mysore,6,1461.99
CUS000644,Bangalore,5,3068.71
CUS000645,Hyderabad,10,1936.58
CUS000646,Delhi,5,7778.25
CUS000647,Delhi,8,1017.98
CUS000648,Delhi,6,2055.02
CUS000649,Mumbai,7,1503.47
CUS000650,Tumkur,7,2012.04
CUS000651,Bangalore,10,1905.75
CUS000652,Hyderabad,8,3619.53
CUS000653,Delhi,6,1475.87
CUS000654,Mysore,10,506.05
CUS000655,Mysore,10,2803.64
CUS000656,Pune,8,1638.62
CUS000657,Delhi,6,2277.0
CUS000658,Mysore,7,2088.98
CUS000659,Bangalore,7,2338.67
CUS000660,Tumkur,5,1497.54
CUS000661,Tumkur,10,3971.37
CUS000662,Hyderabad,9,2271.84
CUS000663,Mysore,9,1577.81
CUS000664,Chennai,7,3350.49
CUS000665,Mysore,5,3109.13
CUS000666,Pune,9,2008.52
CUS000667,Chennai,3,1229.21
CUS000668,Pune,8,1409.54
CUS000669,Delhi,8,1575.93
CUS000670,Delhi,13,601.47
CUS000671,Hyderabad,5,1643.99
CUS000672,Pune,8,855.15
CUS000673,Hyderabad,12,1348.56
CUS000674,Bangalore,10,1326.25
CUS000675,Mysore,6,929.5
CUS000676,Chennai,6,608.51
CUS000677,Chennai,8,701.78
CUS000678,Hyderabad,8,2112.75
CUS000679,Mysore,7,2544.92
CUS000680,Tumkur,11,1760.55
CUS000681,Chennai,3,937.22
CUS000682,Tumkur,7,2688.33
CUS000683,Mysore,8,2121.72
CUS000684,Tumkur,7,894.74
CUS000685,Bangalore,11,3857.3
CUS000686,Pune,5,2188.27
CUS000687,Delhi,6,1845.58
CUS000688,Delhi,9,2438.08
CUS000689,Hyderabad,8,1963.93
CUS000690,Bangalore,7,905.96
CUS000691,Chennai,9,2326.9
CUS000692,Hyderabad,3,2473.2
CUS000693,Hyderabad,6,1492.78
CUS000694,Delhi,9,2370.53
CUS000695,Mysore,10,5003.72
CUS000696,Chennai,7,2285.84
CUS000697,Hyderabad,9,1836.74
CUS000698,Chennai,6,2553.03
CUS000699,Pune,6,4675.7
CUS000700,Mysore,7,3015.52
CUS000701,Chennai,7,3173.11
CUS000702,Tumkur,4,756.43
CUS000703,Hyderabad,5,2305.57
CUS000704,Tumkur,10,1536.64
CUS000705,Mysore,7,2197.74
CUS000706,Bangalore,9,1674.13
CUS000707,Tumkur,11,2679.01
CUS000708,Hyderabad,9,1366.8
CUS000709,Hyderabad,8,2048.14
CUS000710,Delhi,10,1797.1
CUS000711,Mysore,9,1123.73
CUS000712,Delhi,7,1523.99
CUS000713,Hyderabad,9,1480.37
CUS000714,Pune,6,1245.65
CUS000715,Hyderabad,8,1888.44
CUS000716,Delhi,8,1076.99
CUS000717,Delhi,5,802.82
CUS000718,Mysore,2,1502.74
CUS000719,Bangalore,6,1902.41
CUS000720,Pune,4,2136.03
CUS000721,Mumbai,6,8475.58
CUS000722,Hyderabad,7,2079.96
CUS000723,Bangalore,7,2931.51
CUS000724,Mysore,5,1289.27
CUS000725,Chennai,9,1356.42
CUS000726,Bangalore,9,1328.34
CUS000727,Hyderabad,11,1659.31
CUS000728,Bangalore,7,2256.61
CUS000729,Tumkur,13,1126.72
CUS000730,Delhi,6,2059.01
CUS000731,Delhi,9,1959.21
CUS000732,Hyderabad,6,3572.66
CUS000733,Tumkur,10,2592.81
CUS000734,Pune,6,1376.65
CUS000735,Delhi,8,1529.35
CUS000736,Mysore,4,737.33
CUS000737,Delhi,5,916.0
CUS000738,Mumbai,8,3340.58
CUS000739,Pune,10,3134.84
CUS000740,Mumbai,9,1494.57
CUS000741,Mumbai,4,1655.62
CUS000742,Mysore,11,424.22
CUS000743,Tumkur,7,2495.04
CUS000744,Mumbai,7,1883.7
CUS000745,Pune,7,4174.38
CUS000746,Delhi,7,2254.93
CUS000747,Hyderabad,9,1935.84
CUS000748,Pune,8,1831.14
CUS000749,Bangalore,9,1810.31
CUS000750,Delhi,6,4467.27
CUS000751,Mysore,3,4132.57
CUS000752,Mumbai,4,2468.94
CUS000753,Hyderabad,7,2319.95
CUS000754,Mumbai,4,2635.6
CUS000755,Mysore,10,1296.96
CUS000756,Pune,11,1081.86
CUS000757,Bangalore,12,3089.48
CUS000758,Delhi,3,851.27
CUS000759,Pune,7,2724.71
CUS000760,Bangalore,9,2720.72
CUS000761,Chennai,13,1853.19
CUS000762,Mumbai,8,2594.69
CUS000763,Delhi,13,1858.49
CUS000764,Delhi,7,1424.82
CUS000765,Bangalore,7,2206.64
CUS000766,Chennai,6,2044.08
CUS000767,Hyderabad,2,2573.74
CUS000768,Tumkur,6,2026.36
CUS000769,Hyderabad,8,839.33
CUS000770,Delhi,9,1441.46
CUS000771,Delhi,8,3118.02
CUS000772,Mysore,5,1358.87
CUS000773,Bangalore,7,4656.86
CUS000774,Chennai,3,1162.28
CUS000775,Tumkur,3,2597.48
CUS000776,Hyderabad,3,2262.54
CUS000777,Bangalore,8,937.0
CUS000778,Pune,9,745.24
CUS000779,Mysore,9,3490.55
CUS000780,Chennai,5,1681.73
CUS000781,Mysore,8,1371.79
CUS000782,Delhi,3,1044.64
CUS000783,Mysore,8,5323.41
CUS000784,Tumkur,7,712.84
CUS000785,Delhi,11,1439.07
CUS000786,Hyderabad,5,3436.53
CUS000787,Hyderabad,7,2513.61
CUS000788,Pune,9,1446.4
CUS000789,Delhi,8,3670.95
CUS000790,Delhi,7,2661.43
CUS000791,Chennai,6,5978.71
CUS000792,Delhi,2,1231.9
CUS000793,Tumkur,12,2521.57
CUS000794,Pune,10,1085.14
CUS000795,Chennai,5,2920.2
CUS000796,Tumkur,7,3177.48
CUS000797,Mysore,14,3287.85
CUS000798,Hyderabad,8,1522.09
CUS000799,Pune,8,2100.15
CUS000800,Mumbai,4,1355.42
CUS000801,Hyderabad,11,639.98
CUS000802,Bangalore,11,1607.38
CUS000803,Hyderabad,7,1659.32
CUS000804,Hyderabad,11,3131.42
CUS000805,Delhi,11,1151.24
CUS000806,Tumkur,7,2709.81
CUS000807,Delhi,9,2252.38
CUS000808,Delhi,7,1721.32
CUS000809,Mumbai,9,1203.27
CUS000810,Mumbai,8,3829.24
CUS000811,Pune,9,1451.21
CUS000812,Delhi,10,1342.5
CUS000813,Mumbai,7,1182.21
CUS000814,Chennai,5,1420.14
CUS000815,Chennai,8,644.23
CUS000816,Pune,7,2636.03
CUS000817,Chennai,8,3339.7
CUS000818,Pune,8,987.25
CUS000819,Bangalore,8,980.82
CUS000820,Mumbai,7,3686.06
CUS000821,Delhi,7,3164.8
CUS000822,Pune,3,2082.92
CUS000823,Pune,8,2302.82
CUS000824,Tumkur,4,2381.93
CUS000825,Delhi,6,831.35
CUS000826,Bangalore,9,3957.05
CUS000827,Tumkur,15,946.25
CUS000828,Mumbai,8,2018.65
CUS000829,Mysore,6,2180.35
CUS000830,Delhi,8,1473.7
CUS000831,Mysore,7,747.93
CUS000832,Delhi,9,4317.67
CUS000833,Bangalore,14,1864.06
CUS000834,Tumkur,6,803.33
CUS000835,Pune,7,1485.21
CUS000836,Tumkur,6,1234.96
CUS000837,Mysore,7,2437.03
CUS000838,Delhi,8,1024.31
CUS000839,Hyderabad,13,2785.34
CUS000840,Mumbai,3,466.95
CUS000841,Pune,8,1942.79
CUS000842,Mysore,8,1733.06
CUS000843,Mumbai,9,2290.61
CUS000844,Pune,1,1272.25
CUS000845,Mumbai,12,1012.51
CUS000846,Delhi,8,1591.25
CUS000847,Bangalore,12,3663.56
CUS000848,Mysore,6,1866.41
CUS000849,Chennai,10,2730.46
CUS000850,Hyderabad,8,1884.37
CUS000851,Chennai,7,684.86
CUS000852,Mysore,9,548.7
CUS000853,Pune,10,2603.61
CUS000854,Mysore,9,943.55
CUS000855,Mysore,5,843.81
CUS000856,Delhi,7,2584.06
CUS000857,Tumkur,11,2058.16
CUS000858,Hyderabad,7,1418.94
CUS000859,Bangalore,5,8018.67
CUS000860,Bangalore,8,1710.18
CUS000861,Mumbai,5,2192.91
CUS000862,Bangalore,5,1003.93
CUS000863,Hyderabad,5,1893.21
CUS000864,Mumbai,10,2294.16
CUS000865,Mumbai,13,2967.51
CUS000866,Pune,7,1554.62
CUS000867,Tumkur,6,864.26
CUS000868,Chennai,5,4459.48
CUS000869,Pune,5,1261.29
CUS000870,Tumkur,6,1029.85
CUS000871,Tumkur,7,2431.51
CUS000872,Tumkur,7,1705.1
CUS000873,Mysore,8,2244.36
CUS000874,Pune,7,1263.21
CUS000875,Chennai,8,3142.76
CUS000876,Delhi,9,1545.68
CUS000877,Tumkur,7,4019.66
CUS000878,Chennai,6,1308.07
CUS000879,Delhi,9,1755.98
CUS000880,Hyderabad,4,2733.13
CUS000881,Delhi,7,1262.75
CUS000882,Hyderabad,6,4249.7
CUS000883,Bangalore,5,896.78
CUS000884,Delhi,7,5143.8
CUS000885,Hyderabad,5,2677.38
CUS000886,Tumkur,15,743.34
CUS000887,Mysore,7,3192.92
CUS000888,Delhi,7,2207.76
CUS000889,Mumbai,8,2986.46
CUS000890,Hyderabad,9,1553.49
CUS000891,Pune,10,4800.88
CUS000892,Hyderabad,6,2549.06
CUS000893,Delhi,9,1587.65
CUS000894,Hyderabad,9,1833.93
CUS000895,Chennai,10,2534.04
CUS000896,Pune,5,766.61
CUS000897,Delhi,4,963.9
CUS000898,Mysore,9,2806.15
CUS000899,Chennai,9,1557.65
CUS000900,Pune,7,791.39
CUS000901,Mumbai,11,791.59
CUS000902,Hyderabad,6,1604.45
CUS000903,Hyderabad,10,1565.91
CUS000904,Bangalore,9,1080.09
CUS000905,Pune,8,2115.87
CUS000906,Hyderabad,16,1510.99
CUS000907,Bangalore,13,907.97
CUS000908,Bangalore,10,4230.47
CUS000909,Delhi,7,2043.78
CUS000910,Hyderabad,10,2600.34
CUS000911,Chennai,6,693.2
CUS000912,Mumbai,5,866.48
CUS000913,Chennai,10,2481.42
CUS000914,Chennai,11,1900.99
CUS000915,Hyderabad,6,1981.28
CUS000916,Tumkur,11,1191.38
CUS000917,Mysore,4,1049.82
CUS000918,Bangalore,9,3377.46
CUS000919,Hyderabad,8,2271.34
CUS000920,Delhi,6,394.52
CUS000921,Bangalore,9,1676.61
CUS000922,Mumbai,11,1228.32
CUS000923,Tumkur,12,2767.77
CUS000924,Mysore,7,1147.29
CUS000925,Hyderabad,11,3071.07
CUS000926,Mumbai,13,1369.72
CUS000927,Pune,9,1543.73
CUS000928,Tumkur,13,2115.76
CUS000929,Chennai,5,1498.55
CUS000930,Tumkur,6,2565.05
CUS000931,Mumbai,8,1790.13
CUS000932,Hyderabad,6,1597.28
CUS000933,Tumkur,8,1228.72
CUS000934,Hyderabad,13,1756.39
CUS000935,Delhi,8,1199.21
CUS000936,Hyderabad,4,2365.53
CUS000937,Mumbai,9,2904.66
CUS000938,Mysore,11,1551.57
CUS000939,Delhi,10,2733.87
CUS000940,Mysore,5,848.95
CUS000941,Tumkur,5,1464.48
CUS000942,Chennai,9,362.12
CUS000943,Pune,7,1690.77
CUS000944,Mumbai,10,913.86
CUS000945,Mysore,10,967.76
CUS000946,Pune,5,2177.34
CUS000947,Bangalore,9,4742.99
CUS000948,Hyderabad,11,1850.6
CUS000949,Mysore,2,840.22
CUS000950,Delhi,6,1028.34
CUS000951,Mumbai,8,1312.81
CUS000952,Hyderabad,6,3796.64
CUS000953,Pune,7,2821.8
CUS000954,Mumbai,10,3067.89
CUS000955,Mysore,8,1312.49
CUS000956,Chennai,5,2119.02
CUS000957,Delhi,4,3837.33
CUS000958,Bangalore,7,1053.63
CUS000959,Mumbai,9,3091.66
CUS000960,Chennai,7,1180.04
CUS000961,Mysore,7,2900.55
CUS000962,Delhi,11,1371.58
CUS000963,Hyderabad,10,648.46
CUS000964,Pune,7,1285.42
CUS000965,Mysore,10,1608.49
CUS000966,Tumkur,7,1639.18
CUS000967,Bangalore,3,2258.48
CUS000968,Bangalore,7,2766.56
CUS000969,Hyderabad,9,1597.72
CUS000970,Delhi,10,2135.84
CUS000971,Mysore,10,1477.23
CUS000972,Mysore,4,1809.67
CUS000973,Chennai,14,2710.84
CUS000974,Tumkur,12,1258.37
CUS000975,Pune,8,1563.65
CUS000976,Delhi,12,2257.63
CUS000977,Mumbai,7,1991.98
CUS000978,Pune,6,1642.91
CUS000979,Tumkur,7,1668.57
CUS000980,Pune,10,1369.71
CUS000981,Mysore,9,1087.92
CUS000982,Delhi,4,1504.66
CUS000983,Pune,4,1096.69
CUS000984,Hyderabad,4,5414.31
CUS000985,Bangalore,11,1305.93
CUS000986,Mumbai,6,1535.6
CUS000987,Chennai,9,1282.63
CUS000988,Delhi,12,1399.97
CUS000989,Delhi,6,1751.43
CUS000990,Chennai,11,914.98
CUS000991,Mumbai,11,1096.83
CUS000992,Mysore,11,1397.05
CUS000993,Mumbai,1,1503.33
CUS000994,Mumbai,4,1603.35
CUS000995,Bangalore,6,2099.84
CUS000996,Pune,7,2620.77
CUS000997,Hyderabad,4,1656.85
CUS000998,Chennai,9,3569.15
CUS000999,Mysore,13,1579.42
CUS001000,Delhi,6,902.45
CUS001001,Mysore,9,3531.19
CUS001002,Chennai,9,749.85
CUS001003,Bangalore,4,1743.36
CUS001004,Bangalore,4,4650.08
CUS001005,Mumbai,5,1782.15
CUS001006,Chennai,8,3516.0
CUS001007,Tumkur,7,3425.25
CUS001008,Chennai,9,2404.85
CUS001009,Mysore,9,730.7
CUS001010,Chennai,7,1124.01
CUS001011,Chennai,12,2145.84
CUS001012,Chennai,7,1121.23
CUS001013,Mumbai,5,2457.1
CUS001014,Tumkur,5,1321.61
CUS001015,Bangalore,11,4470.03
CUS001016,Hyderabad,10,2207.54
CUS001017,Tumkur,8,2515.46
CUS001018,Tumkur,4,1679.62
CUS001019,Hyderabad,9,1013.63
CUS001020,Tumkur,12,671.55
CUS001021,Mysore,5,1650.45
CUS001022,Bangalore,9,4976.26
CUS001023,Tumkur,10,841.23
CUS001024,Bangalore,6,1700.68
CUS001025,Mumbai,8,2283.87
CUS001026,Chennai,6,1377.26
CUS001027,Mumbai,12,1377.86
CUS001028,Bangalore,6,3401.35
CUS001029,Tumkur,11,3571.72
CUS001030,Hyderabad,14,1860.01
CUS001031,Bangalore,7,1481.45
CUS001032,Tumkur,8,1446.18
CUS001033,Pune,8,791.46
CUS001034,Mysore,7,2932.11
CUS001035,Mysore,12,1241.48
CUS001036,Delhi,11,3898.19
CUS001037,Delhi,11,2144.75
CUS001038,Mumbai,5,2201.87
CUS001039,Mysore,7,1969.83
CUS001040,Delhi,3,2424.91
CUS001041,Chennai,6,1173.63
CUS001042,Bangalore,9,3190.11
CUS001043,Hyderabad,13,2740.1
CUS001044,Delhi,6,2694.71
CUS001045,Bangalore,10,661.75
CUS001046,Bangalore,10,932.64
CUS001047,Delhi,9,2596.17
CUS001048,Pune,11,1587.82
CUS001049,Pune,11,902.41
CUS001050,Mysore,11,1704.16
CUS001051,Delhi,8,2710.34
CUS001052,Delhi,12,2029.12
CUS001053,Mysore,12,2032.32
CUS001054,Mysore,9,3237.3
CUS001055,Mumbai,2,2720.36
CUS001056,Tumkur,5,1087.24
CUS001057,Mysore,10,1232.53
CUS001058,Tumkur,11,1738.2
CUS001059,Hyderabad,7,1220.13
CUS001060,Mumbai,7,2134.92
CUS001061,Pune,4,2140.52
CUS001062,Hyderabad,10,2534.82
CUS001063,Delhi,7,5470.72
CUS001064,Pune,8,921.63
CUS001065,Mysore,7,2546.36
CUS001066,Mysore,9,1317.21
CUS001067,Chennai,4,1810.81
CUS001068,Pune,5,2421.91
CUS001069,Delhi,8,3333.78
CUS001070,Chennai,6,1272.67
CUS001071,Pune,12,1606.39
CUS001072,Mumbai,5,448.27
CUS001073,Delhi,9,2106.17
CUS001074,Pune,10,2682.33
CUS001075,Pune,11,1822.91
CUS001076,Mysore,6,1103.82
CUS001077,Mumbai,9,1639.91
CUS001078,Pune,6,1257.61
CUS001079,Mumbai,6,1474.59
CUS001080,Hyderabad,11,1547.49
CUS001081,Mumbai,7,2908.98
CUS001082,Tumkur,6,1103.51
CUS001083,Delhi,10,1853.07
CUS001084,Mysore,7,1641.76
CUS001085,Mysore,9,1449.37
CUS001086,Mysore,8,2757.24
CUS001087,Mysore,14,3207.0
CUS001088,Pune,11,3418.14
CUS001089,Mysore,10,2333.83
CUS001090,Mumbai,8,1999.93
CUS001091,Tumkur,4,4007.86
CUS001092,Bangalore,12,1347.67
CUS001093,Mumbai,4,3145.92
CUS001094,Mysore,10,2400.18
CUS001095,Pune,5,1609.38
CUS001096,Mumbai,5,2601.04
CUS001097,Pune,13,1510.86
CUS001098,Bangalore,12,650.49
CUS001099,Hyderabad,6,4081.88
CUS001100,Hyderabad,5,1983.11
CUS001101,Mumbai,11,2099.45
CUS001102,Mysore,8,2484.0
CUS001103,Chennai,9,3388.35
CUS001104,Tumkur,7,3274.29
CUS001105,Delhi,11,2303.76
CUS001106,Chennai,9,2066.76
CUS001107,Mysore,8,3845.75
CUS001108,Mumbai,7,826.76
CUS001109,Mumbai,8,1677.01
CUS001110,Mysore,11,1297.79
CUS001111,Hyderabad,8,947.05
CUS001112,Chennai,11,1551.16
CUS001113,Pune,10,1705.67
CUS001114,Bangalore,4,2012.4
CUS001115,Hyderabad,8,1617.26
CUS001116,Bangalore,8,2081.86
CUS001117,Tumkur,4,919.98
CUS001118,Hyderabad,3,1556.1
CUS001119,Hyderabad,6,2314.66
CUS001120,Mumbai,8,3556.28
CUS001121,Mumbai,5,2135.34
CUS001122,Bangalore,7,2392.07
CUS001123,Tumkur,9,2523.83
CUS001124,Tumkur,10,835.03
CUS001125,Pune,13,1530.61
CUS001126,Mysore,9,923.7
CUS001127,Tumkur,9,3009.41
CUS001128,Bangalore,8,1696.97
CUS001129,Mysore,5,1986.87
CUS001130,Chennai,8,4040.14
CUS001131,Pune,13,1215.28
CUS001132,Pune,7,440.84
CUS001133,Delhi,8,861.68
CUS001134,Mumbai,6,3215.8
CUS001135,Tumkur,10,5050.58
CUS001136,Mumbai,9,3910.43
CUS001137,Hyderabad,8,2387.43
CUS001138,Mumbai,7,654.73
CUS001139,Mysore,8,3890.1
CUS001140,Bangalore,7,2231.14
CUS001141,Tumkur,12,1873.96
CUS001142,Tumkur,12,2516.48
CUS001143,Bangalore,4,1126.77
CUS001144,Mysore,6,1798.36
CUS001145,Hyderabad,11,2528.82
CUS001146,Delhi,9,3084.05
CUS001147,Pune,8,2706.26
CUS001148,Delhi,5,1612.89
CUS001149,Delhi,5,620.49
CUS001150,Pune,15,1638.84
CUS001151,Hyderabad,3,1409.69
CUS001152,Chennai,11,3153.87
CUS001153,Mysore,8,2086.4
CUS001154,Mumbai,5,1645.34
CUS001155,Pune,6,1156.36
CUS001156,Mysore,10,3290.26
CUS001157,Hyderabad,5,3515.36
CUS001158,Delhi,6,782.28
CUS001159,Hyderabad,9,1364.18
CUS001160,Bangalore,8,2175.81
CUS001161,Chennai,8,1888.53
CUS001162,Pune,12,1092.37
CUS001163,Bangalore,4,1569.81
CUS001164,Bangalore,9,1463.62
CUS001165,Chennai,8,3099.71
CUS001166,Hyderabad,6,1731.76
CUS001167,Chennai,5,1418.14
CUS001168,Tumkur,11,1317.22
CUS001169,Hyderabad,8,3635.06
CUS001170,Hyderabad,2,2258.56
CUS001171,Mumbai,14,613.6
CUS001172,Mysore,8,2301.39
CUS001173,Bangalore,10,2944.22
CUS001174,Delhi,3,2174.67
CUS001175,Pune,7,1806.02
CUS001176,Tumkur,6,1060.27
CUS001177,Tumkur,8,1968.42
CUS001178,Pune,12,2568.07
CUS001179,Chennai,2,817.63
CUS001180,Mumbai,6,1630.01
CUS001181,Mysore,4,2390.71
CUS001182,Pune,8,1476.87
CUS001183,Bangalore,14,2783.26
CUS001184,Pune,8,1193.88
CUS001185,Bangalore,2,1112.0
CUS001186,Delhi,7,1881.43
CUS001187,Mysore,3,1493.96
CUS001188,Mumbai,10,2617.73
CUS001189,Pune,9,1668.18
CUS001190,Pune,10,1278.84
CUS001191,Pune,12,1626.77
CUS001192,Hyderabad,11,1198.76
CUS001193,Mysore,13,1714.95
CUS001194,Pune,7,2328.33
CUS001195,Bangalore,7,1363.45
CUS001196,Mumbai,11,1482.26
CUS001197,Tumkur,7,1762.05
CUS001198,Delhi,14,1206.48
CUS001199,Mumbai,6,2109.3
CUS001200,Mysore,6,3088.71
CUS001201,Pune,7,1052.57
CUS001202,Mysore,10,1526.4
CUS001203,Chennai,7,1548.25
CUS001204,Pune,10,1372.84
CUS001205,Pune,10,725.67
CUS001206,Mysore,10,2984.34
CUS001207,Pune,5,1332.03
CUS001208,Hyderabad,10,1603.01
CUS001209,Mumbai,6,3170.72
CUS001210,Chennai,13,2536.39
CUS001211,Mumbai,5,1985.36
CUS001212,Tumkur,10,2195.6
CUS001213,Mysore,4,705.22
CUS001214,Mysore,10,844.04
CUS001215,Chennai,11,1484.64
CUS001216,Mumbai,5,899.9
CUS001217,Mumbai,11,3753.76
CUS001218,Tumkur,9,1810.27
CUS001219,Chennai,9,3871.77
CUS001220,Mysore,6,1635.63
CUS001221,Tumkur,8,2029.27
CUS001222,Hyderabad,10,4481.84
CUS001223,Chennai,12,1581.0
CUS001224,Tumkur,6,2160.98
CUS001225,Tumkur,11,1956.03
CUS001226,Mysore,9,2946.15
CUS001227,Tumkur,4,2604.84
CUS001228,Delhi,5,1501.71
CUS001229,Delhi,9,1954.38
CUS001230,Delhi,9,1042.27
CUS001231,Mumbai,6,1313.44
CUS001232,Mumbai,6,1672.14
CUS001233,Tumkur,9,1477.71
CUS001234,Delhi,9,2727.17
CUS001235,Mysore,5,1398.85
CUS001236,Delhi,7,1395.51
CUS001237,Delhi,5,2022.16
CUS001238,Hyderabad,13,1184.27
CUS001239,Hyderabad,8,765.5
CUS001240,Bangalore,8,3051.77
CUS001241,Mumbai,9,4330.31
CUS001242,Mysore,12,645.55
CUS001243,Hyderabad,6,3599.11
CUS001244,Delhi,10,2647.59
CUS001245,Delhi,9,1089.7
CUS001246,Bangalore,7,749.96
CUS001247,Bangalore,4,1295.55
CUS001248,Mumbai,9,2748.62
CUS001249,Hyderabad,5,2672.75
CUS001250,Mysore,10,2749.77
CUS001251,Mysore,11,2729.06
CUS001252,Pune,7,2901.02
CUS001253,Delhi,5,1588.25
CUS001254,Bangalore,11,1924.06
CUS001255,Delhi,10,1521.26
CUS001256,Chennai,4,1625.77
CUS001257,Mumbai,7,2163.45
CUS001258,Delhi,11,1075.03
CUS001259,Tumkur,9,3651.25
CUS001260,Bangalore,5,1998.93
CUS001261,Delhi,11,2258.14
CUS001262,Mysore,7,2246.03
CUS001263,Mumbai,1,2290.23
CUS001264,Mysore,7,463.48
CUS001265,Tumkur,6,2472.49
CUS001266,Bangalore,7,2032.52
CUS001267,Chennai,9,2444.14
CUS001268,Delhi,10,1348.56
CUS001269,Delhi,11,2613.33
CUS001270,Tumkur,5,2463.73
CUS001271,Mumbai,11,1529.5
CUS001272,Mumbai,12,2399.02
CUS001273,Hyderabad,7,1711.9
CUS001274,Pune,12,2530.42
CUS001275,Pune,4,1201.59
CUS001276,Mumbai,8,2822.02
CUS001277,Bangalore,6,1464.82
CUS001278,Mumbai,10,855.11
CUS001279,Mysore,7,1454.1
CUS001280,Mumbai,8,1778.57
CUS001281,Mysore,4,1504.91
CUS001282,Pune,15,1487.42
CUS001283,Hyderabad,4,1068.74
CUS001284,Hyderabad,7,716.31
CUS001285,Tumkur,13,815.62
CUS001286,Mumbai,5,2456.17
CUS001287,Mysore,17,1752.64
CUS001288,Tumkur,3,951.33
CUS001289,Mumbai,6,1443.22
CUS001290,Hyderabad,9,664.57
CUS001291,Pune,7,1509.28
CUS001292,Tumkur,3,1922.24
CUS001293,Mysore,8,1214.1
CUS001294,Hyderabad,8,865.63
CUS001295,Pune,2,1918.37
CUS001296,Mumbai,5,1026.65
CUS001297,Tumkur,10,1578.35
CUS001298,Mysore,3,709.91
CUS001299,Pune,13,1058.56
CUS001300,Mumbai,6,1388.77
CUS001301,Bangalore,7,689.7
CUS001302,Mumbai,11,1489.84
CUS001303,Hyderabad,4,2306.23
CUS001304,Tumkur,8,1995.51
CUS001305,Chennai,9,1447.23
CUS001306,Mumbai,6,1589.71
CUS001307,Delhi,8,3959.37
CUS001308,Chennai,8,2628.69
CUS001309,Chennai,9,1049.48
CUS001310,Tumkur,10,1284.18
CUS001311,Tumkur,9,2988.66
CUS001312,Mysore,8,1760.92
CUS001313,Hyderabad,10,3043.91
CUS001314,Mysore,6,1444.5
CUS001315,Bangalore,8,1075.26
CUS001316,Mumbai,10,1171.29
CUS001317,Tumkur,8,2320.85
CUS001318,Pune,7,1257.31
CUS001319,Tumkur,6,1417.17
CUS001320,Tumkur,7,596.57
CUS001321,Tumkur,4,2394.0
CUS001322,Tumkur,9,1431.43
CUS001323,Delhi,13,3311.02
CUS001324,Bangalore,7,2077.98
CUS001325,Pune,9,1436.26
CUS001326,Mumbai,6,2436.42
CUS001327,Chennai,5,1219.43
CUS001328,Delhi,11,2024.64
CUS001329,Hyderabad,7,3648.82
CUS001330,Delhi,10,2043.91
CUS001331,Chennai,9,787.4
CUS001332,Chennai,9,855.35
CUS001333,Hyderabad,10,1464.48
CUS001334,Delhi,5,3415.57
CUS001335,Chennai,9,1850.31
CUS001336,Mumbai,8,2629.29
CUS001337,Delhi,5,1231.68
CUS001338,Delhi,9,1235.43
CUS001339,Hyderabad,4,3843.56
CUS001340,Pune,8,1096.48
CUS001341,Pune,2,701.14
CUS001342,Tumkur,8,1669.0
CUS001343,Chennai,10,2690.22
CUS001344,Tumkur,8,4930.54
CUS001345,Hyderabad,8,3984.51
CUS001346,Bangalore,7,2859.16
CUS001347,Delhi,11,1361.16
CUS001348,Mumbai,7,2336.18
CUS001349,Mysore,7,1804.25
CUS001350,Mysore,8,4241.54
CUS001351,Hyderabad,6,4116.17
CUS001352,Mysore,9,1607.47
CUS001353,Tumkur,9,3411.97
CUS001354,Hyderabad,6,3454.74
CUS001355,Delhi,7,1543.98
CUS001356,Tumkur,8,1787.4
CUS001357,Pune,12,1112.25
CUS001358,Mysore,7,1155.62
CUS001359,Chennai,12,849.57
CUS001360,Delhi,3,1281.91
CUS001361,Mumbai,7,1378.14
CUS001362,Bangalore,6,1276.06
CUS001363,Pune,11,733.96
CUS001364,Bangalore,6,1899.58
CUS001365,Pune,6,1871.16
CUS001366,Mumbai,10,3075.11
CUS001367,Chennai,10,5155.63
CUS001368,Pune,4,1437.73
CUS001369,Mysore,11,2633.95
CUS001370,Mumbai,9,1347.42
CUS001371,Chennai,10,1980.9
CUS001372,Bangalore,2,1030.5
CUS001373,Mumbai,10,1416.11
CUS001374,Mysore,12,1582.99
CUS001375,Mumbai,7,2648.03
CUS001376,Tumkur,12,2867.63
CUS001377,Tumkur,7,1316.86
CUS001378,Bangalore,4,1510.23
CUS001379,Hyderabad,7,1647.0
CUS001380,Delhi,13,5353.99
CUS001381,Tumkur,8,1653.77
CUS001382,Delhi,9,1163.55
CUS001383,Delhi,5,3939.05
CUS001384,Bangalore,16,1073.47
CUS001385,Mysore,7,2538.36
CUS001386,Bangalore,8,708.09
CUS001387,Hyderabad,16,822.09
CUS001388,Chennai,8,2202.57
CUS001389,Tumkur,5,3595.82
CUS001390,Pune,5,1023.7
CUS001391,Mysore,7,692.53
CUS001392,Hyderabad,8,2785.74
CUS001393,Chennai,9,1508.91
CUS001394,Hyderabad,7,1977.0
CUS001395,Mysore,8,2641.42
CUS001396,Bangalore,8,1500.08
CUS001397,Chennai,5,2306.35
CUS001398,Pune,10,4182.31
CUS001399,Delhi,6,1740.38
CUS001400,Mysore,7,787.77
CUS001401,Mysore,1,2103.77
CUS001402,Delhi,13,1346.71
CUS001403,Bangalore,9,2012.7
CUS001404,Chennai,7,1722.97
CUS001405,Tumkur,7,1371.11
CUS001406,Hyderabad,10,1357.16
CUS001407,Pune,6,2576.36
CUS001408,Bangalore,4,2664.68
CUS001409,Mumbai,6,1309.7
CUS001410,Chennai,7,1255.49
CUS001411,Pune,3,3257.14
CUS001412,Tumkur,7,4523.62
CUS001413,Mysore,8,1539.43
CUS001414,Mumbai,6,1567.24
CUS001415,Mysore,5,2845.21
CUS001416,Bangalore,15,2214.82
CUS001417,Pune,10,1874.45
CUS001418,Delhi,5,5752.36
CUS001419,Bangalore,4,1912.16
CUS001420,Pune,14,1438.92
CUS001421,Mumbai,6,1614.32
CUS001422,Hyderabad,9,2501.32
CUS001423,Bangalore,11,2766.92
CUS001424,Mumbai,9,2640.31
CUS001425,Mysore,10,1573.71
CUS001426,Mumbai,5,1840.21
CUS001427,Chennai,8,1311.51
CUS001428,Mysore,5,656.36
CUS001429,Mumbai,9,343.59
CUS001430,Tumkur,12,1346.0
CUS001431,Bangalore,8,2923.53
CUS001432,Mumbai,8,783.25
CUS001433,Mumbai,8,1601.4
CUS001434,Tumkur,12,1922.47
CUS001435,Delhi,6,549.29
CUS001436,Delhi,12,1042.46
CUS001437,Tumkur,7,2211.96
CUS001438,Tumkur,14,2333.58
CUS001439,Mysore,10,2763.54
CUS001440,Delhi,12,4032.13
CUS001441,Bangalore,14,1033.62
CUS001442,Hyderabad,9,1910.09
CUS001443,Chennai,6,1345.37
CUS001444,Bangalore,10,2130.99
CUS001445,Chennai,6,5805.19
CUS001446,Bangalore,7,3456.33
CUS001447,Mumbai,9,952.66
CUS001448,Hyderabad,11,1243.39
CUS001449,Pune,9,5370.41
CUS001450,Delhi,8,725.97
CUS001451,Hyderabad,5,2589.7
CUS001452,Bangalore,9,1669.15
CUS001453,Chennai,9,2615.47
CUS001454,Hyderabad,9,2760.38
CUS001455,Mumbai,8,2755.59
CUS001456,Bangalore,10,1381.1
CUS001457,Mumbai,2,1040.99
CUS001458,Hyderabad,11,1119.95
CUS001459,Mysore,7,2445.16
CUS001460,Mumbai,14,2475.11
CUS001461,Pune,7,939.08
CUS001462,Pune,8,1522.95
CUS001463,Delhi,10,1154.66
CUS001464,Pune,5,1745.22
CUS001465,Mumbai,4,2797.64
CUS001466,Tumkur,4,2451.59
CUS001467,Delhi,13,1978.4
CUS001468,Delhi,6,1722.59
CUS001469,Mumbai,8,1154.71
CUS001470,Hyderabad,6,1492.65
CUS001471,Mysore,12,1509.51
CUS001472,Pune,7,3748.2
CUS001473,Mysore,11,2584.12
CUS001474,Pune,8,3205.85
CUS001475,Tumkur,7,2245.29
CUS001476,Hyderabad,8,810.89
CUS001477,Mumbai,7,1511.05
CUS001478,Mysore,10,2564.05
CUS001479,Mysore,6,1049.6
CUS001480,Mumbai,9,2050.71
CUS001481,Hyderabad,4,1640.25
CUS001482,Hyderabad,4,1552.07
CUS001483,Delhi,7,1340.34
CUS001484,Pune,6,1617.42
CUS001485,Tumkur,9,2372.33
CUS001486,Delhi,4,732.31
CUS001487,Mumbai,10,2409.54
CUS001488,Delhi,6,1409.96
CUS001489,Bangalore,10,1498.22
CUS001490,Mumbai,8,2060.27
CUS001491,Pune,13,1289.39
CUS001492,Hyderabad,5,690.37
CUS001493,Bangalore,8,990.95
CUS001494,Mysore,6,1102.12
CUS001495,Pune,8,1297.68
CUS001496,Mumbai,11,909.07
CUS001497,Tumkur,5,6457.69
CUS001498,Bangalore,8,4256.29
CUS001499,Tumkur,6,1743.39
CUS001500,Delhi,5,2749.04
CUS001501,Bangalore,9,1825.3
CUS001502,Tumkur,13,1393.22
CUS001503,Mysore,4,808.39
CUS001504,Chennai,17,3403.32
CUS001505,Mumbai,12,1336.73
CUS001506,Mumbai,7,2017.48
CUS001507,Pune,5,2571.89
CUS001508,Bangalore,7,2710.18
CUS001509,Tumkur,6,1614.3
CUS001510,Delhi,4,761.31
CUS001511,Mumbai,6,5487.57
CUS001512,Mumbai,9,1656.68
CUS001513,Delhi,4,2279.84
CUS001514,Mysore,9,1008.53
CUS001515,Tumkur,6,1376.32
CUS001516,Mumbai,12,2768.73
CUS001517,Pune,10,1457.56
CUS001518,Mumbai,8,519.74
CUS001519,Hyderabad,9,1740.71
CUS001520,Chennai,9,1882.13
CUS001521,Mysore,7,2218.54
CUS001522,Bangalore,11,1461.24
CUS001523,Tumkur,8,2924.5
CUS001524,Delhi,8,2926.69
CUS001525,Pune,4,1083.83
CUS001526,Mysore,12,3680.76
CUS001527,Hyderabad,4,1919.32
CUS001528,Hyderabad,8,3276.72
CUS001529,Delhi,8,2777.67
CUS001530,Chennai,6,2768.9
CUS001531,Hyderabad,9,1336.27
CUS001532,Delhi,8,2476.94
CUS001533,Chennai,9,1110.24
CUS001534,Mysore,4,1927.12
CUS001535,Tumkur,9,2025.42
CUS001536,Mysore,11,1739.56
CUS001537,Delhi,15,994.01
CUS001538,Tumkur,6,536.43
CUS001539,Delhi,10,1256.19
CUS001540,Mysore,7,2654.73
CUS001541,Mumbai,7,3905.16
CUS001542,Mumbai,9,2934.37
CUS001543,Mysore,5,2095.22
CUS001544,Hyderabad,8,1639.49
CUS001545,Hyderabad,4,1534.01
CUS001546,Tumkur,6,894.8
CUS001547,Tumkur,1,1279.12
CUS001548,Mumbai,6,3446.42
CUS001549,Chennai,10,1227.32
CUS001550,Mysore,9,3315.98
CUS001551,Chennai,8,1540.23
CUS001552,Tumkur,6,1334.4
CUS001553,Chennai,9,1031.66
CUS001554,Delhi,9,2736.97
CUS001555,Bangalore,6,737.62
CUS001556,Mumbai,7,1764.88
CUS001557,Mumbai,8,2110.01
CUS001558,Delhi,6,2195.69
CUS001559,Tumkur,13,1906.94
CUS001560,Mysore,8,1378.36
CUS001561,Mysore,5,1846.01
CUS001562,Hyderabad,8,2027.32
CUS001563,Pune,5,1810.94
CUS001564,Delhi,8,1390.71
CUS001565,Pune,8,1032.67
CUS001566,Pune,5,1253.01
CUS001567,Mysore,8,3378.81
CUS001568,Tumkur,7,2094.38
CUS001569,Mumbai,6,1467.58
CUS001570,Mysore,7,1734.19
CUS001571,Delhi,8,1168.56
CUS001572,Delhi,10,1442.6
CUS001573,Mumbai,5,1826.23
CUS001574,Tumkur,13,2635.48
CUS001575,Tumkur,8,2942.11
CUS001576,Tumkur,2,2783.52
CUS001577,Pune,5,562.3
CUS001578,Bangalore,10,2240.65
CUS001579,Mysore,10,1606.9
CUS001580,Tumkur,8,3054.58
CUS001581,Hyderabad,15,1758.34
CUS001582,Tumkur,3,1641.75
CUS001583,Tumkur,4,2324.17
CUS001584,Mumbai,7,803.39
CUS001585,Chennai,13,528.36
CUS001586,Mumbai,5,1685.66
CUS001587,Hyderabad,6,1274.33
CUS001588,Mysore,12,1009.45
CUS001589,Hyderabad,10,2324.06
CUS001590,Chennai,7,1957.73
CUS001591,Hyderabad,10,1230.46
CUS001592,Tumkur,10,1319.51
CUS001593,Hyderabad,12,2232.74
CUS001594,Mysore,11,1197.07
CUS001595,Tumkur,11,449.67
CUS001596,Tumkur,10,1730.95
CUS001597,Tumkur,6,1109.64
CUS001598,Mumbai,9,2944.42
CUS001599,Bangalore,7,1627.53
CUS001600,Bangalore,4,1539.88
CUS001601,Mysore,15,1418.82
CUS001602,Bangalore,11,1371.48
CUS001603,Hyderabad,5,1027.88
CUS001604,Chennai,10,1244.72
CUS001605,Pune,6,445.98
CUS001606,Bangalore,10,1892.56
CUS001607,Delhi,12,2844.29
CUS001608,Hyderabad,6,2743.99
CUS001609,Hyderabad,4,733.05
CUS001610,Delhi,6,2982.4
CUS001611,Chennai,7,1750.83
CUS001612,Pune,8,985.97
CUS001613,Hyderabad,4,1024.75
CUS001614,Delhi,10,2214.14
CUS001615,Mysore,12,1173.27
CUS001616,Bangalore,10,3420.78
CUS001617,Tumkur,11,1348.7
CUS001618,Delhi,9,2077.14
CUS001619,Pune,9,1778.65
CUS001620,Delhi,8,1233.78
CUS001621,Delhi,6,673.84
CUS001622,Chennai,7,1020.48
CUS001623,Mumbai,5,1523.43
CUS001624,Tumkur,8,2525.93
CUS001625,Mumbai,11,1964.85
CUS001626,Mumbai,9,3354.65
CUS001627,Mumbai,8,5042.98
CUS001628,Pune,5,2471.24
CUS001629,Tumkur,9,2672.41
CUS001630,Mumbai,11,2742.38
CUS001631,Mysore,11,926.87
CUS001632,Mumbai,9,850.37
CUS001633,Chennai,11,1894.7
CUS001634,Delhi,7,1350.4
CUS001635,Mysore,10,2153.55
CUS001636,Hyderabad,11,525.67
CUS001637,Delhi,3,2452.72
CUS001638,Chennai,4,1682.03
CUS001639,Tumkur,6,2686.7
CUS001640,Mysore,10,2051.05
CUS001641,Bangalore,7,3490.22
CUS001642,Hyderabad,10,5632.25
CUS001643,Pune,5,1456.72
CUS001644,Pune,10,6127.01
CUS001645,Chennai,6,1965.46
CUS001646,Tumkur,10,3753.11
CUS001647,Mumbai,11,4864.37
CUS001648,Mumbai,9,1564.04
CUS001649,Chennai,13,1128.56
CUS001650,Tumkur,10,825.48
CUS001651,Delhi,6,1894.12
CUS001652,Delhi,14,2860.64
CUS001653,Delhi,6,1835.77
CUS001654,Hyderabad,3,1069.58
CUS001655,Delhi,7,1628.16
CUS001656,Bangalore,12,1879.96
CUS001657,Mysore,10,675.93
CUS001658,Pune,7,1036.25
CUS001659,Delhi,7,2432.22
CUS001660,Chennai,9,2644.14
CUS001661,Chennai,9,3592.2
CUS001662,Mumbai,8,1050.32
CUS001663,Bangalore,7,2848.77
CUS001664,Bangalore,7,2890.79
CUS001665,Hyderabad,4,2401.37
CUS001666,Delhi,6,1507.01
CUS001667,Delhi,10,2018.89
CUS001668,Hyderabad,15,1661.8
CUS001669,Bangalore,10,1068.73
CUS001670,Mysore,7,1108.9
CUS001671,Pune,16,1517.87
CUS001672,Tumkur,8,1309.92
CUS001673,Hyderabad,12,2091.56
CUS001674,Mumbai,8,6691.79
CUS001675,Pune,3,1176.69
CUS001676,Mumbai,7,1833.06
CUS001677,Bangalore,12,3617.71
CUS001678,Pune,11,1254.75
CUS001679,Bangalore,8,2079.56
CUS001680,Chennai,13,2064.5
CUS001681,Mumbai,6,1742.3
CUS001682,Hyderabad,8,3684.37
CUS001683,Mysore,15,387.11
CUS001684,Pune,18,2209.93
CUS001685,Delhi,2,745.81
CUS001686,Hyderabad,10,1271.78
CUS001687,Mysore,6,1881.08
CUS001688,Tumkur,7,1123.77
CUS001689,Mysore,9,824.59
CUS001690,Pune,8,3348.08
CUS001691,Mumbai,11,689.31
CUS001692,Mumbai,7,2170.66
CUS001693,Mumbai,10,1317.64
CUS001694,Tumkur,9,3652.31
CUS001695,Chennai,7,3437.36
CUS001696,Pune,11,1426.61
CUS001697,Bangalore,9,2277.0
CUS001698,Bangalore,1,1397.28
CUS001699,Bangalore,11,1514.9
CUS001700,Tumkur,10,1886.86
CUS001701,Mumbai,4,2846.27
CUS001702,Delhi,11,3118.55
CUS001703,Delhi,9,1003.9
CUS001704,Tumkur,3,2476.35
CUS001705,Tumkur,10,2429.04
CUS001706,Mumbai,14,3482.28
CUS001707,Mumbai,7,1253.97
CUS001708,Tumkur,6,971.45
CUS001709,Pune,6,1464.85
CUS001710,Hyderabad,9,1891.3
CUS001711,Mumbai,5,1139.69
CUS001712,Delhi,6,1894.96
CUS001713,Hyderabad,6,1282.19
CUS001714,Delhi,6,3131.03
CUS001715,Bangalore,12,1911.29
CUS001716,Mumbai,9,759.1
CUS001717,Mumbai,6,4857.63
CUS001718,Mysore,16,2352.49
CUS001719,Pune,17,1146.37
CUS001720,Hyderabad,11,1631.66
CUS001721,Bangalore,12,1816.08
CUS001722,Delhi,7,4353.07
CUS001723,Hyderabad,8,2280.46
CUS001724,Chennai,4,2401.86
CUS001725,Bangalore,5,3451.61
CUS001726,Delhi,7,1275.55
CUS001727,Tumkur,15,1766.89
CUS001728,Pune,7,940.8
CUS001729,Tumkur,9,1790.74
CUS001730,Chennai,9,2788.92
CUS001731,Bangalore,8,3931.11
CUS001732,Mysore,9,1844.38
CUS001733,Chennai,9,3489.54
CUS001734,Bangalore,6,1359.93
CUS001735,Delhi,10,2226.82
CUS001736,Mumbai,8,1491.03
CUS001737,Pune,8,2868.5
CUS001738,Tumkur,5,2265.12
CUS001739,Pune,8,2244.96
CUS001740,Chennai,5,1077.29
CUS001741,Pune,10,3452.69
CUS001742,Delhi,3,1226.92
CUS001743,Bangalore,5,1738.97
CUS001744,Tumkur,10,2898.22
CUS001745,Chennai,8,1710.13
CUS001746,Mumbai,9,1627.7
CUS001747,Delhi,6,506.72
CUS001748,Pune,6,1090.6
CUS001749,Mumbai,12,1815.39
CUS001750,Tumkur,8,1880.13
CUS001751,Delhi,4,2933.37
CUS001752,Mumbai,9,1140.06
CUS001753,Mumbai,11,1852.46
CUS001754,Hyderabad,4,3109.01
CUS001755,Delhi,7,2595.12
CUS001756,Chennai,6,1986.85
CUS001757,Chennai,7,2244.88
CUS001758,Hyderabad,13,2441.22
CUS001759,Hyderabad,7,2778.58
CUS001760,Chennai,6,1560.87
CUS001761,Hyderabad,8,1363.51
CUS001762,Hyderabad,8,1981.26
CUS001763,Chennai,8,4267.67
CUS001764,Delhi,14,2144.35
CUS001765,Mumbai,10,2875.79
CUS001766,Delhi,19,1100.72
CUS001767,Mumbai,5,2299.05
CUS001768,Hyderabad,8,2275.99
CUS001769,Hyderabad,15,1957.34
CUS001770,Mysore,9,1483.2
CUS001771,Pune,6,1060.63
CUS001772,Pune,5,2034.68
CUS001773,Mumbai,3,793.86
CUS001774,Tumkur,13,1929.01
CUS001775,Hyderabad,12,1132.81
CUS001776,Bangalore,9,3111.42
CUS001777,Hyderabad,5,3287.79
CUS001778,Mysore,11,2809.81
CUS001779,Mumbai,8,1291.01
CUS001780,Delhi,5,1142.52
CUS001781,Hyderabad,13,2598.22
CUS001782,Delhi,8,731.41
CUS001783,Chennai,8,4311.64
CUS001784,Chennai,8,1718.23
CUS001785,Hyderabad,6,1567.43
CUS001786,Hyderabad,5,1373.66
CUS001787,Tumkur,5,3051.3
CUS001788,Mysore,9,1235.26
CUS001789,Chennai,9,1485.45
CUS001790,Chennai,9,1615.76
CUS001791,Bangalore,8,1940.57
CUS001792,Chennai,11,1697.83
CUS001793,Chennai,7,1176.83
CUS001794,Bangalore,8,1052.5
CUS001795,Mysore,15,2060.12
CUS001796,Pune,6,2178.7
CUS001797,Mumbai,3,1127.94
CUS001798,Delhi,14,1404.58
CUS001799,Mysore,6,2835.01
CUS001800,Tumkur,7,2857.17
CUS001801,Bangalore,6,1448.98
CUS001802,Tumkur,15,2951.8
CUS001803,Pune,7,2663.97
CUS001804,Delhi,5,2777.49
CUS001805,Delhi,7,992.97
CUS001806,Chennai,7,1656.61
CUS001807,Hyderabad,8,927.23
CUS001808,Mumbai,14,1299.6
CUS001809,Hyderabad,9,2195.16
CUS001810,Bangalore,9,1216.99
CUS001811,Mysore,9,1430.4
CUS001812,Chennai,7,662.52
CUS001813,Bangalore,9,1806.43
CUS001814,Tumkur,10,2384.27
CUS001815,Pune,9,2735.0
CUS001816,Tumkur,6,2700.43
CUS001817,Bangalore,7,2343.63
CUS001818,Pune,7,2507.68
CUS001819,Delhi,5,1137.94
CUS001820,Tumkur,10,976.59
CUS001821,Hyderabad,12,1383.23
CUS001822,Bangalore,15,2121.84
CUS001823,Bangalore,8,2371.44
CUS001824,Hyderabad,14,3392.7
CUS001825,Mysore,12,1277.62
CUS001826,Mumbai,10,2247.21
CUS001827,Hyderabad,7,3451.45
CUS001828,Delhi,6,1672.61
CUS001829,Delhi,8,1696.27
CUS001830,Tumkur,15,1648.92
CUS001831,Delhi,3,737.69
CUS001832,Hyderabad,7,2284.28
CUS001833,Chennai,13,1216.26
CUS001834,Mysore,9,2520.83
CUS001835,Mumbai,17,2259.9
CUS001836,Tumkur,5,3246.93
CUS001837,Delhi,6,3016.5
CUS001838,Hyderabad,11,3900.76
CUS001839,Tumkur,14,610.87
CUS001840,Bangalore,7,1144.2
CUS001841,Mumbai,6,1374.44
CUS001842,Hyderabad,6,2065.46
CUS001843,Chennai,10,8692.46
CUS001844,Tumkur,9,1677.75
CUS001845,Pune,6,3583.89
CUS001846,Pune,8,3004.29
CUS001847,Mumbai,6,1807.27
CUS001848,Mysore,8,2730.67
CUS001849,Pune,9,2112.9
CUS001850,Mysore,9,2496.51
CUS001851,Tumkur,3,883.72
CUS001852,Tumkur,9,7421.11
CUS001853,Delhi,9,1682.92
CUS001854,Mumbai,8,1778.76
CUS001855,Chennai,5,1206.94
CUS001856,Bangalore,5,2212.87
CUS001857,Hyderabad,3,1991.08
CUS001858,Pune,6,2827.92
CUS001859,Chennai,9,1098.8
CUS001860,Delhi,6,3331.23
CUS001861,Hyderabad,2,1992.02
CUS001862,Mumbai,8,1802.27
CUS001863,Hyderabad,4,1635.09
CUS001864,Bangalore,8,974.11
CUS001865,Hyderabad,9,1490.17
CUS001866,Mumbai,8,2121.04
CUS001867,Chennai,5,1840.7
CUS001868,Bangalore,7,1937.35
CUS001869,Mysore,7,1723.18
CUS001870,Delhi,9,2636.2
CUS001871,Hyderabad,10,1848.13
CUS001872,Tumkur,6,2716.08
CUS001873,Pune,8,1307.44
CUS001874,Hyderabad,8,1656.45
CUS001875,Mysore,16,2292.03
CUS001876,Hyderabad,4,674.89
CUS001877,Mumbai,10,3473.17
CUS001878,Chennai,8,866.11
CUS001879,Chennai,8,2005.97
CUS001880,Tumkur,6,2304.93
CUS001881,Delhi,9,1570.9
CUS001882,Tumkur,8,1588.36
CUS001883,Delhi,7,1893.69
CUS001884,Mumbai,15,2246.62
CUS001885,Pune,13,1030.32
CUS001886,Delhi,8,836.14
CUS001887,Chennai,4,1418.46
CUS001888,Chennai,15,1594.24
CUS001889,Mysore,5,3288.9
CUS001890,Delhi,9,1496.53
CUS001891,Mumbai,5,1194.56
CUS001892,Mysore,8,3276.66
CUS001893,Mysore,15,965.29
CUS001894,Bangalore,9,868.69
CUS001895,Chennai,7,2395.53
CUS001896,Tumkur,6,1108.72
CUS001897,Tumkur,9,1841.72
CUS001898,Mumbai,7,3013.03
CUS001899,Delhi,7,1582.85
CUS001900,Mysore,11,1297.32
CUS001901,Chennai,4,2591.54
CUS001902,Delhi,7,1474.64
CUS001903,Mysore,12,4877.85
CUS001904,Delhi,2,1106.48
CUS001905,Bangalore,11,2525.43
CUS001906,Delhi,12,1027.88
CUS001907,Tumkur,8,927.12
CUS001908,Pune,9,4554.31
CUS001909,Delhi,5,2594.76
CUS001910,Bangalore,10,1543.29
CUS001911,Delhi,7,2613.35
CUS001912,Hyderabad,7,2345.38
CUS001913,Bangalore,10,1596.61
CUS001914,Pune,4,2744.89
CUS001915,Hyderabad,11,1167.91
CUS001916,Bangalore,9,1351.92
CUS001917,Chennai,9,2099.4
CUS001918,Mysore,10,3271.84
CUS001919,Bangalore,2,3629.53
CUS001920,Pune,9,794.29
CUS001921,Mumbai,9,381.36
CUS001922,Mysore,5,2013.74
CUS001923,Bangalore,10,1758.48
CUS001924,Mysore,5,2167.98
CUS001925,Delhi,3,750.91
CUS001926,Bangalore,5,2112.27
CUS001927,Hyderabad,12,2492.79
CUS001928,Pune,12,595.72
CUS001929,Tumkur,10,2031.66
CUS001930,Tumkur,9,1513.36
CUS001931,Pune,4,5278.28
CUS001932,Mumbai,7,3713.76
CUS001933,Pune,10,2448.3
CUS001934,Delhi,6,3457.56
CUS001935,Pune,12,2310.21
CUS001936,Pune,9,1636.98
CUS001937,Mysore,8,895.91
CUS001938,Tumkur,4,1350.38
CUS001939,Mumbai,14,1158.16
CUS001940,Mysore,5,682.53
CUS001941,Tumkur,11,1325.93
CUS001942,Pune,7,2094.09
CUS001943,Tumkur,3,3251.76
CUS001944,Chennai,8,1086.79
CUS001945,Bangalore,8,2846.39
CUS001946,Bangalore,8,1197.38
CUS001947,Hyderabad,11,1110.39
CUS001948,Delhi,10,2076.9
CUS001949,Pune,10,1548.82
CUS001950,Pune,13,1641.21
CUS001951,Chennai,7,1393.71
CUS001952,Chennai,8,1058.46
CUS001953,Delhi,9,3282.31
CUS001954,Mumbai,4,994.09
CUS001955,Tumkur,5,2128.73
CUS001956,Hyderabad,6,3433.19
CUS001957,Chennai,6,2215.16
CUS001958,Mysore,13,3807.84
CUS001959,Bangalore,9,3596.74
CUS001960,Pune,7,1472.99
CUS001961,Bangalore,10,1038.03
CUS001962,Chennai,13,1094.56
CUS001963,Chennai,9,2918.15
CUS001964,Mysore,4,980.24
CUS001965,Mysore,6,4855.43
CUS001966,Bangalore,7,1741.65
CUS001967,Delhi,7,2392.05
CUS001968,Bangalore,10,1941.68
CUS001969,Chennai,4,1114.29
CUS001970,Bangalore,9,1362.7
CUS001971,Pune,7,1677.11
CUS001972,Delhi,8,1333.53
CUS001973,Chennai,7,2132.66
CUS001974,Chennai,10,2954.63
CUS001975,Bangalore,5,2852.37
CUS001976,Tumkur,12,1294.15
CUS001977,Hyderabad,9,2029.42
CUS001978,Chennai,10,1139.59
CUS001979,Mumbai,6,1403.62
CUS001980,Mumbai,10,831.49
CUS001981,Chennai,7,3388.39
CUS001982,Hyderabad,5,1940.96
CUS001983,Tumkur,10,2360.32
CUS001984,Chennai,8,3725.14
CUS001985,Pune,9,1849.02
CUS001986,Hyderabad,11,2518.3
CUS001987,Hyderabad,6,1177.1
CUS001988,Bangalore,11,1574.9
CUS001989,Tumkur,8,2526.37
CUS001990,Pune,6,1464.89
CUS001991,Delhi,12,971.38
CUS001992,Bangalore,11,2354.62
CUS001993,Mumbai,3,3302.18
CUS001994,Pune,6,1711.58
CUS001995,Mumbai,6,2729.23
CUS001996,Pune,11,1823.68
CUS001997,Pune,6,1545.54
CUS001998,Tumkur,5,1103.54
CUS001999,Hyderabad,9,2676.87
CUS002000,Pune,7,2556.59
CUS002001,Tumkur,5,467.28
CUS002002,Delhi,9,1397.68
CUS002003,Chennai,10,1802.01
CUS002004,Chennai,6,2611.77
CUS002005,Hyderabad,4,3642.37
CUS002006,Tumkur,6,2271.02
CUS002007,Delhi,7,1858.22
CUS002008,Bangalore,9,1338.1
CUS002009,Pune,13,2953.94
CUS002010,Pune,8,1523.85
CUS002011,Tumkur,9,2278.17
CUS002012,Pune,9,3051.66
CUS002013,Chennai,14,2159.14
CUS002014,Hyderabad,5,1735.48
CUS002015,Chennai,5,2869.95
CUS002016,Mumbai,8,3832.79
CUS002017,Mysore,10,3963.42
CUS002018,Delhi,6,791.4
CUS002019,Mumbai,9,2207.85
CUS002020,Mysore,17,1677.56
CUS002021,Chennai,6,3427.81
CUS002022,Bangalore,8,1480.8
CUS002023,Hyderabad,9,1195.03
CUS002024,Pune,13,1279.49
CUS002025,Bangalore,8,1261.64
CUS002026,Mysore,6,3460.51
CUS002027,Chennai,10,2703.24
CUS002028,Chennai,7,3109.16
CUS002029,Delhi,9,2113.8
CUS002030,Chennai,7,742.94
CUS002031,Mumbai,8,1839.75
CUS002032,Hyderabad,12,3162.98
CUS002033,Bangalore,10,844.11
CUS002034,Chennai,9,1978.63
CUS002035,Chennai,9,2646.6
CUS002036,Mysore,3,4724.98
CUS002037,Delhi,9,1603.42
CUS002038,Chennai,8,2879.89
CUS002039,Chennai,13,1805.47
CUS002040,Pune,12,1503.74
CUS002041,Chennai,6,1570.63
CUS002042,Mumbai,10,1217.28
CUS002043,Hyderabad,13,1818.32
CUS002044,Pune,12,2535.26
CUS002045,Delhi,9,4840.0
CUS002046,Mumbai,4,2382.65
CUS002047,Hyderabad,9,2024.18
CUS002048,Hyderabad,4,919.86
CUS002049,Mumbai,7,1666.0
CUS002050,Delhi,11,2272.04
CUS002051,Delhi,4,1228.64
CUS002052,Mysore,11,2678.87
CUS002053,Delhi,11,3785.61
CUS002054,Mumbai,6,4482.06
CUS002055,Chennai,3,1404.85
CUS002056,Mumbai,12,1976.52
CUS002057,Mumbai,5,5517.88
CUS002058,Pune,5,1515.89
CUS002059,Bangalore,6,1596.1
CUS002060,Chennai,11,1027.62
CUS002061,Tumkur,7,1039.27
CUS002062,Bangalore,3,2186.7
CUS002063,Hyderabad,14,1333.79
CUS002064,Pune,9,2215.58
CUS002065,Hyderabad,8,1089.2
CUS002066,Tumkur,3,1043.03
CUS002067,Chennai,10,1864.36
CUS002068,Mumbai,7,1546.79
CUS002069,Chennai,14,1750.21
CUS002070,Pune,5,2440.53
CUS002071,Chennai,5,3201.37
CUS002072,Delhi,6,1521.68
CUS002073,Mumbai,3,1909.11
CUS002074,Hyderabad,6,1059.74
CUS002075,Delhi,10,3279.23
CUS002076,Delhi,5,4362.28
CUS002077,Delhi,9,1737.03
CUS002078,Tumkur,8,1991.24
CUS002079,Mumbai,9,3890.97
CUS002080,Tumkur,6,3831.83
CUS002081,Tumkur,13,1852.75
CUS002082,Delhi,13,1295.53
CUS002083,Tumkur,7,947.52
CUS002084,Bangalore,9,1118.09
CUS002085,Bangalore,9,617.97
CUS002086,Mysore,4,2978.43
CUS002087,Bangalore,6,2288.11
CUS002088,Bangalore,11,2610.98
CUS002089,Pune,4,3720.61
CUS002090,Tumkur,7,2010.88
CUS002091,Chennai,10,1233.07
CUS002092,Mysore,10,1769.1
CUS002093,Tumkur,9,818.36
CUS002094,Bangalore,5,2318.84
CUS002095,Chennai,7,1493.25
CUS002096,Delhi,7,770.13
CUS002097,Mumbai,11,1950.76
CUS002098,Bangalore,4,1659.03
CUS002099,Delhi,7,1489.42
CUS002100,Delhi,5,1536.79
CUS002101,Bangalore,7,1372.29
CUS002102,Bangalore,14,1856.54
CUS002103,Pune,7,1565.19
CUS002104,Bangalore,7,972.77
CUS002105,Bangalore,5,4503.77
CUS002106,Hyderabad,6,754.15
CUS002107,Hyderabad,8,2211.13
CUS002108,Bangalore,6,2501.89
CUS002109,Pune,7,1793.04
CUS002110,Tumkur,10,1517.05
CUS002111,Mysore,5,885.64
CUS002112,Mysore,7,2354.94
CUS002113,Tumkur,6,1444.27
CUS002114,Chennai,7,1114.27
CUS002115,Chennai,9,2809.74
CUS002116,Hyderabad,4,2399.79
CUS002117,Mumbai,13,3379.2
CUS002118,Hyderabad,10,1324.23
CUS002119,Pune,8,5498.7
CUS002120,Mysore,11,1891.07
CUS002121,Mumbai,3,739.38
CUS002122,Pune,5,2263.55
CUS002123,Delhi,6,1654.99
CUS002124,Chennai,14,1358.49
CUS002125,Chennai,8,2236.04
CUS002126,Hyderabad,10,4181.08
CUS002127,Mysore,9,1186.8
CUS002128,Bangalore,3,1447.97
CUS002129,Mysore,7,1357.5
CUS002130,Pune,7,3223.63
CUS002131,Pune,12,2346.08
CUS002132,Pune,5,2212.82
CUS002133,Delhi,9,2691.13
CUS002134,Bangalore,9,1834.61
CUS002135,Bangalore,10,4758.03
CUS002136,Tumkur,9,1214.47
CUS002137,Mysore,3,2274.23
CUS002138,Delhi,10,1508.36
CUS002139,Pune,9,1108.96
CUS002140,Mumbai,6,3024.31
CUS002141,Mysore,7,2386.16
CUS002142,Bangalore,2,2498.14
CUS002143,Chennai,14,848.96
CUS002144,Chennai,16,1470.11
CUS002145,Delhi,11,739.84
CUS002146,Hyderabad,7,1091.97
CUS002147,Bangalore,12,3598.05
CUS002148,Mysore,9,2103.85
CUS002149,Hyderabad,11,4022.57
CUS002150,Bangalore,8,2446.14
CUS002151,Tumkur,10,944.28
CUS002152,Mumbai,10,1359.19
CUS002153,Bangalore,11,2782.29
CUS002154,Chennai,12,1709.99
CUS002155,Tumkur,5,5280.49
CUS002156,Pune,12,2112.17
CUS002157,Mysore,9,725.17
CUS002158,Hyderabad,8,981.93
CUS002159,Tumkur,14,4716.98
CUS002160,Chennai,7,1695.04
CUS002161,Pune,5,2462.2
CUS002162,Mumbai,7,3331.48
CUS002163,Pune,9,2557.4
CUS002164,Tumkur,5,1002.0
CUS002165,Mysore,6,618.94
CUS002166,Mumbai,9,6602.39
CUS002167,Bangalore,8,726.86
CUS002168,Mysore,11,1049.46
CUS002169,Pune,7,3902.7
CUS002170,Chennai,4,2851.59
CUS002171,Mysore,7,1576.1
CUS002172,Mumbai,13,3476.38
CUS002173,Pune,11,2303.45
CUS002174,Mumbai,10,1301.41
CUS002175,Bangalore,11,2200.53
CUS002176,Hyderabad,6,1786.32
CUS002177,Delhi,13,966.32
CUS002178,Delhi,4,2721.96
CUS002179,Chennai,9,3644.98
CUS002180,Mumbai,8,2239.77
CUS002181,Pune,11,2385.97
CUS002182,Pune,3,1060.68
CUS002183,Tumkur,6,1866.07
CUS002184,Pune,4,2040.51
CUS002185,Mysore,6,1986.91
CUS002186,Hyderabad,9,2891.45
CUS002187,Chennai,4,2115.28
CUS002188,Mysore,3,695.49
CUS002189,Mysore,11,1186.95
CUS002190,Hyderabad,14,2946.38
CUS002191,Tumkur,13,1126.95
CUS002192,Pune,12,4044.2
CUS002193,Tumkur,11,1335.61
CUS002194,Pune,12,2366.31
CUS002195,Mumbai,8,2488.86
CUS002196,Mumbai,8,1925.81
CUS002197,Mysore,14,1110.6
CUS002198,Mysore,8,4918.01
CUS002199,Bangalore,7,3383.05
CUS002200,Hyderabad,10,1076.29
CUS002201,Delhi,11,2220.34
CUS002202,Mumbai,8,3661.97
CUS002203,Hyderabad,8,5552.64
CUS002204,Mysore,10,1875.33
CUS002205,Tumkur,5,1239.52
CUS002206,Mysore,6,4667.14
CUS002207,Tumkur,11,1999.38
CUS002208,Pune,10,1749.73
CUS002209,Delhi,10,2156.15
CUS002210,Pune,10,2363.41
CUS002211,Mysore,8,1688.46
CUS002212,Bangalore,9,1615.21
CUS002213,Mysore,4,852.86
CUS002214,Mumbai,4,1635.87
CUS002215,Mysore,10,1929.81
CUS002216,Mumbai,14,1886.44
CUS002217,Pune,6,404.38
CUS002218,Bangalore,6,1782.8
CUS002219,Hyderabad,12,1293.3
CUS002220,Pune,7,2852.67
CUS002221,Pune,7,1015.53
CUS002222,Mysore,11,1725.36
CUS002223,Chennai,6,2391.32
CUS002224,Tumkur,11,1067.37
CUS002225,Pune,6,2169.14
CUS002226,Tumkur,7,1097.08
CUS002227,Tumkur,10,1955.29
CUS002228,Hyderabad,10,4853.68
CUS002229,Hyderabad,4,1183.79
CUS002230,Hyderabad,10,2092.35
CUS002231,Delhi,12,976.78
CUS002232,Tumkur,11,1600.32
CUS002233,Mysore,9,1519.5
CUS002234,Tumkur,7,3078.17
CUS002235,Pune,6,2272.95
CUS002236,Hyderabad,9,3237.57
CUS002237,Pune,9,3311.52
CUS002238,Hyderabad,2,1499.88
CUS002239,Delhi,7,1349.79
CUS002240,Mysore,11,1185.54
CUS002241,Mumbai,7,1366.93
CUS002242,Hyderabad,4,945.0
CUS002243,Chennai,4,2679.0
CUS002244,Delhi,10,2544.47
CUS002245,Chennai,10,1854.86
CUS002246,Delhi,6,1065.16
CUS002247,Mysore,12,3259.56
CUS002248,Tumkur,6,704.74
CUS002249,Hyderabad,7,1001.65
CUS002250,Bangalore,9,2719.8
CUS002251,Pune,11,1578.14
CUS002252,Mumbai,8,1324.73
CUS002253,Pune,13,3964.55
CUS002254,Mumbai,13,528.57
CUS002255,Delhi,12,844.95
CUS002256,Mumbai,5,4366.43
CUS002257,Pune,5,910.15
CUS002258,Tumkur,10,1405.34
CUS002259,Hyderabad,9,1645.1
CUS002260,Mumbai,7,1803.62
CUS002261,Chennai,3,1802.36
CUS002262,Delhi,13,912.78
CUS002263,Mumbai,9,1722.47
CUS002264,Tumkur,7,1102.05
CUS002265,Pune,4,2432.01
CUS002266,Mumbai,9,1241.26
CUS002267,Hyderabad,9,1178.44
CUS002268,Delhi,8,1121.75
CUS002269,Chennai,5,2005.47
CUS002270,Mumbai,8,2304.39
CUS002271,Pune,14,2821.91
CUS002272,Hyderabad,8,1962.96
CUS002273,Pune,4,847.72
CUS002274,Mumbai,1,2191.37
CUS002275,Mysore,5,1197.56
CUS002276,Chennai,9,1880.67
CUS002277,Tumkur,11,1653.78
CUS002278,Bangalore,10,968.63
CUS002279,Delhi,14,1109.64
CUS002280,Chennai,7,1870.14
CUS002281,Delhi,12,1154.9
CUS002282,Hyderabad,7,3288.31
CUS002283,Mysore,7,1871.29
CUS002284,Pune,6,3062.82
CUS002285,Delhi,14,2086.28
CUS002286,Tumkur,11,4456.97
CUS002287,Hyderabad,4,6761.85
CUS002288,Chennai,8,2057.48
CUS002289,Hyderabad,4,1229.47
CUS002290,Tumkur,8,1235.23
CUS002291,Pune,10,1402.54
CUS002292,Pune,12,894.91
CUS002293,Mysore,12,1799.03
CUS002294,Delhi,9,1165.96
CUS002295,Delhi,5,2476.77
CUS002296,Pune,6,1802.35
CUS002297,Pune,9,3523.61
CUS002298,Bangalore,12,1034.22
CUS002299,Mumbai,3,2059.51
CUS002300,Mysore,9,1781.74
CUS002301,Mysore,7,1881.18
CUS002302,Chennai,7,2112.58
CUS002303,Mumbai,10,1253.64
CUS002304,Tumkur,5,1148.55
CUS002305,Bangalore,14,1563.96
CUS002306,Pune,10,870.43
CUS002307,Mumbai,7,1550.06
CUS002308,Pune,12,2558.07
CUS002309,Mysore,9,1459.68
CUS002310,Bangalore,3,1209.69
CUS002311,Mysore,9,3021.95
CUS002312,Hyderabad,11,812.24
CUS002313,Chennai,9,1386.23
CUS002314,Chennai,10,2956.61
CUS002315,Delhi,8,3071.28
CUS002316,Mumbai,12,1020.91
CUS002317,Pune,7,2130.27
CUS002318,Delhi,8,2142.58
CUS002319,Tumkur,7,2772.89
CUS002320,Mumbai,5,3522.32
CUS002321,Bangalore,13,1534.53
CUS002322,Delhi,8,2695.17
CUS002323,Mysore,8,1881.73
CUS002324,Hyderabad,9,1031.53
CUS002325,Pune,7,964.51
CUS002326,Mysore,5,1225.73
CUS002327,Mysore,6,1534.14
CUS002328,Tumkur,11,1712.71
CUS002329,Mumbai,9,1055.13
CUS002330,Hyderabad,10,2519.19
CUS002331,Mumbai,8,1468.91
CUS002332,Delhi,9,926.89
CUS002333,Chennai,7,3493.05
CUS002334,Delhi,5,1650.99
CUS002335,Mumbai,9,1599.53
CUS002336,Delhi,3,1042.06
CUS002337,Mysore,10,1248.73
CUS002338,Delhi,6,1408.24
CUS002339,Delhi,8,2275.74
CUS002340,Mumbai,6,1663.37
CUS002341,Mysore,6,2065.57
CUS002342,Hyderabad,6,1756.1
CUS002343,Bangalore,10,814.09
CUS002344,Mysore,5,3586.39
CUS002345,Bangalore,9,3514.6
CUS002346,Mumbai,5,3781.1
CUS002347,Mysore,8,2386.65
CUS002348,Tumkur,7,3507.48
CUS002349,Chennai,4,3727.8
CUS002350,Tumkur,8,2337.61
CUS002351,Tumkur,13,1861.81
CUS002352,Mumbai,6,3179.42
CUS002353,Pune,11,1636.25
CUS002354,Delhi,8,4249.38
CUS002355,Chennai,13,1459.41
CUS002356,Pune,10,951.9
CUS002357,Tumkur,13,1950.45
CUS002358,Tumkur,10,1128.58
CUS002359,Pune,7,1938.33
CUS002360,Pune,7,1267.57
CUS002361,Bangalore,13,861.75
CUS002362,Chennai,8,1955.73
CUS002363,Delhi,7,3555.87
CUS002364,Pune,7,1468.95
CUS002365,Pune,12,2678.63
CUS002366,Bangalore,4,4441.61
CUS002367,Chennai,10,1972.9
CUS002368,Chennai,4,1516.03
CUS002369,Hyderabad,7,1713.6
CUS002370,Mysore,12,3201.17
CUS002371,Mysore,6,2312.57
CUS002372,Tumkur,14,2342.86
CUS002373,Mumbai,12,739.05
CUS002374,Mumbai,5,2059.97
CUS002375,Chennai,3,1578.88
CUS002376,Delhi,5,3567.17
CUS002377,Mysore,5,3291.78
CUS002378,Hyderabad,9,2952.99
CUS002379,Delhi,11,2912.24
CUS002380,Mumbai,6,1504.93
CUS002381,Pune,4,1886.59
CUS002382,Pune,11,2093.47
CUS002383,Mysore,14,3219.94
CUS002384,Mumbai,6,1699.99
CUS002385,Mumbai,10,922.59
CUS002386,Delhi,8,2909.61
CUS002387,Tumkur,8,991.96
CUS002388,Hyderabad,6,638.63
CUS002389,Mysore,6,3338.23
CUS002390,Tumkur,11,2005.83
CUS002391,Mumbai,14,1742.88
CUS002392,Mysore,6,1626.88
CUS002393,Chennai,6,1574.48
CUS002394,Hyderabad,6,1358.94
CUS002395,Mysore,7,1253.81
CUS002396,Tumkur,7,1368.72
CUS002397,Mumbai,10,2345.24
CUS002398,Tumkur,11,434.6
CUS002399,Pune,9,2223.99
CUS002400,Pune,14,1163.52
CUS002401,Tumkur,5,1593.9
CUS002402,Pune,9,1828.02
CUS002403,Pune,5,7825.63
CUS002404,Tumkur,8,4550.08
CUS002405,Delhi,10,1274.54
CUS002406,Tumkur,9,993.34
CUS002407,Tumkur,7,3410.05
CUS002408,Delhi,7,4237.1
CUS002409,Hyderabad,16,1222.14
CUS002410,Tumkur,9,944.34
CUS002411,Tumkur,7,1447.23
CUS002412,Mumbai,12,1814.49
CUS002413,Delhi,3,7280.51
CUS002414,Bangalore,6,2953.99
CUS002415,Mumbai,11,1543.89
CUS002416,Bangalore,4,1683.66
CUS002417,Delhi,6,3998.55
CUS002418,Tumkur,7,2521.43
CUS002419,Chennai,4,2049.75
CUS002420,Pune,6,2171.18
CUS002421,Delhi,9,711.27
CUS002422,Pune,11,2307.17
CUS002423,Delhi,5,1729.86
CUS002424,Pune,11,690.36
CUS002425,Delhi,5,1911.66
CUS002426,Delhi,12,7615.15
CUS002427,Tumkur,8,1946.48
CUS002428,Mysore,6,1324.75
CUS002429,Bangalore,7,1984.76
CUS002430,Chennai,6,2024.93
CUS002431,Hyderabad,10,2790.64
CUS002432,Bangalore,5,2317.75
CUS002433,Hyderabad,7,1661.92
CUS002434,Chennai,6,2199.41
CUS002435,Hyderabad,9,881.32
CUS002436,Tumkur,15,955.23
CUS002437,Delhi,8,2289.41
CUS002438,Delhi,4,1938.39
CUS002439,Mysore,5,1844.56
CUS002440,Mysore,11,681.86
CUS002441,Hyderabad,9,3666.06
CUS002442,Mumbai,3,4113.88
CUS002443,Bangalore,10,2008.5
CUS002444,Delhi,9,2366.15
CUS002445,Chennai,9,1700.88
CUS002446,Pune,11,3311.62
CUS002447,Mysore,8,1939.1
CUS002448,Chennai,5,850.67
CUS002449,Hyderabad,3,2095.45
CUS002450,Bangalore,15,1219.68
CUS002451,Delhi,10,1621.82
CUS002452,Hyderabad,10,1524.11
CUS002453,Mumbai,8,975.7
CUS002454,Mysore,9,2051.17
CUS002455,Delhi,6,2557.66
CUS002456,Mysore,7,1104.37
CUS002457,Chennai,10,2922.02
CUS002458,Chennai,8,2100.43
CUS002459,Mumbai,4,1024.85
CUS002460,Pune,4,488.95
CUS002461,Tumkur,8,2492.76
CUS002462,Tumkur,8,1957.05
CUS002463,Chennai,8,1040.74
CUS002464,Chennai,14,1286.45
CUS002465,Bangalore,8,665.45
CUS002466,Mumbai,11,3941.49
CUS002467,Hyderabad,10,1594.63
CUS002468,Tumkur,12,1884.41
CUS002469,Mumbai,3,3322.81
CUS002470,Hyderabad,6,844.63
CUS002471,Hyderabad,8,2408.4
CUS002472,Hyderabad,6,2801.71
CUS002473,Mysore,7,3826.7
CUS002474,Tumkur,9,1446.97
CUS002475,Pune,4,1595.85
CUS002476,Bangalore,9,1667.62
CUS002477,Hyderabad,11,756.08
CUS002478,Tumkur,5,2578.08
CUS002479,Tumkur,10,3032.3
CUS002480,Chennai,5,1559.02
CUS002481,Tumkur,11,1025.09
CUS002482,Mumbai,9,2086.74
CUS002483,Chennai,8,1835.58
CUS002484,Pune,8,640.47
CUS002485,Delhi,5,1733.53
CUS002486,Tumkur,9,1873.32
CUS002487,Hyderabad,7,3876.68
CUS002488,Pune,10,3931.66
CUS002489,Pune,7,559.76
CUS002490,Delhi,8,1399.9
CUS002491,Mysore,7,1477.34
CUS002492,Mysore,12,793.86
CUS002493,Pune,5,1352.46
CUS002494,Hyderabad,7,2837.53
CUS002495,Mumbai,9,1417.53
CUS002496,Delhi,7,1220.43
CUS002497,Delhi,9,1950.26
CUS002498,Mumbai,7,3642.9
CUS002499,Bangalore,6,1353.54
CUS002500,Mysore,7,1334.58
CUS002501,Delhi,9,3245.93
CUS002502,Mumbai,10,812.37
CUS002503,Mysore,10,1627.18
CUS002504,Pune,6,2656.51
CUS002505,Chennai,6,1483.78
CUS002506,Pune,10,2194.29
CUS002507,Chennai,12,1524.09
CUS002508,Delhi,10,2690.92
CUS002509,Hyderabad,9,1298.13
CUS002510,Mumbai,11,1670.34
CUS002511,Hyderabad,12,1519.16
CUS002512,Mumbai,10,1399.72
CUS002513,Tumkur,10,1242.27
CUS002514,Delhi,7,1499.85
CUS002515,Mumbai,6,1148.26
CUS002516,Bangalore,11,2151.16
CUS002517,Bangalore,7,1023.28
CUS002518,Mysore,8,702.86
CUS002519,Delhi,11,4096.31
CUS002520,Bangalore,8,1563.17
CUS002521,Mysore,7,2344.48
CUS002522,Tumkur,12,1684.85
CUS002523,Delhi,11,2243.28
CUS002524,Delhi,8,1686.51
CUS002525,Bangalore,2,1687.27
CUS002526,Pune,9,1300.69
CUS002527,Chennai,3,1474.31
CUS002528,Tumkur,9,1328.02
CUS002529,Hyderabad,5,1110.65
CUS002530,Tumkur,6,3939.02
CUS002531,Hyderabad,5,5110.63
CUS002532,Mysore,15,1383.18
CUS002533,Mumbai,4,2119.47
CUS002534,Hyderabad,5,2392.23
CUS002535,Mysore,12,1047.15
CUS002536,Mumbai,6,1931.22
CUS002537,Tumkur,4,1284.31
CUS002538,Bangalore,6,1137.47
CUS002539,Pune,7,5480.07
CUS002540,Hyderabad,8,1823.44
CUS002541,Chennai,7,1443.47
CUS002542,Pune,9,1422.93
CUS002543,Mysore,6,1213.01
CUS002544,Mysore,10,4135.77
CUS002545,Bangalore,13,1883.39
CUS002546,Chennai,11,807.67
CUS002547,Delhi,11,2112.9
CUS002548,Mysore,8,2558.56
CUS002549,Tumkur,6,1624.87
CUS002550,Chennai,4,1136.39
CUS002551,Delhi,12,759.14
CUS002552,Bangalore,5,2191.01
CUS002553,Bangalore,9,505.34
CUS002554,Mumbai,12,1188.5
CUS002555,Mysore,5,1390.33
CUS002556,Pune,5,1521.49
CUS002557,Tumkur,12,1608.67
CUS002558,Delhi,7,3096.69
CUS002559,Mysore,11,3600.9
CUS002560,Chennai,5,4934.36
CUS002561,Pune,10,1358.16
CUS002562,Mysore,7,689.03
CUS002563,Mysore,8,3978.51
CUS002564,Mysore,10,1404.27
CUS002565,Mumbai,8,1171.06
CUS002566,Mumbai,7,1611.1
CUS002567,Hyderabad,7,2070.69
CUS002568,Tumkur,12,2904.67
CUS002569,Pune,7,1137.55
CUS002570,Tumkur,5,1460.54
CUS002571,Tumkur,10,2488.56
CUS002572,Mysore,10,2015.68
CUS002573,Bangalore,8,3783.39
CUS002574,Tumkur,8,1260.41
CUS002575,Delhi,9,3129.18
CUS002576,Mumbai,5,4139.46
CUS002577,Chennai,6,2488.06
CUS002578,Tumkur,11,1656.31
CUS002579,Pune,4,2897.11
CUS002580,Delhi,7,1534.68
CUS002581,Chennai,10,1592.39
CUS002582,Mysore,7,2439.7
CUS002583,Mysore,8,1768.56
CUS002584,Tumkur,10,843.6
CUS002585,Mysore,6,4544.19
CUS002586,Pune,6,1813.41
CUS002587,Mumbai,5,1240.64
CUS002588,Pune,7,1450.41
CUS002589,Mumbai,11,2022.92
CUS002590,Tumkur,10,1658.61
CUS002591,Chennai,5,1849.49
CUS002592,Hyderabad,5,1705.49
CUS002593,Mysore,10,1733.3
CUS002594,Chennai,4,1304.57
CUS002595,Hyderabad,10,1782.58
CUS002596,Bangalore,13,1017.81
CUS002597,Hyderabad,9,4174.9
CUS002598,Chennai,9,1615.57
CUS002599,Chennai,11,1458.74
CUS002600,Pune,11,1057.27
CUS002601,Hyderabad,6,1122.7
CUS002602,Bangalore,6,2263.83
CUS002603,Chennai,10,1266.92
CUS002604,Delhi,6,1778.24
CUS002605,Pune,7,3890.4
CUS002606,Mysore,9,916.41
CUS002607,Chennai,6,1278.5
CUS002608,Delhi,10,778.31
CUS002609,Mysore,10,4243.88
CUS002610,Bangalore,6,3222.05
CUS002611,Mumbai,10,1311.53
CUS002612,Mumbai,7,3283.11
CUS002613,Tumkur,14,1133.98
CUS002614,Pune,7,1073.16
CUS002615,Pune,7,1399.11
CUS002616,Mumbai,5,1285.22
CUS002617,Tumkur,2,2400.0
CUS002618,Delhi,9,4431.42
CUS002619,Mysore,8,4122.46
CUS002620,Bangalore,8,2637.88
CUS002621,Mysore,8,2245.61
CUS002622,Bangalore,7,2524.24
CUS002623,Hyderabad,10,2559.42
CUS002624,Chennai,9,1973.19
CUS002625,Bangalore,9,428.92
CUS002626,Bangalore,9,1368.5
CUS002627,Pune,6,1528.98
CUS002628,Hyderabad,10,958.69
CUS002629,Pune,8,4991.43
CUS002630,Pune,7,946.26
CUS002631,Pune,12,1147.07
CUS002632,Mysore,19,1239.76
CUS002633,Tumkur,13,1492.03
CUS002634,Hyderabad,12,4951.92
CUS002635,Mysore,10,2693.48
CUS002636,Hyderabad,13,1344.83
CUS002637,Mysore,7,1721.01
CUS002638,Chennai,9,2753.74
CUS002639,Tumkur,5,2594.71
CUS002640,Mumbai,4,1992.05
CUS002641,Pune,11,1387.76
CUS002642,Mysore,5,1621.56
CUS002643,Hyderabad,6,1614.46
CUS002644,Pune,4,1055.42
CUS002645,Chennai,5,1121.3
CUS002646,Bangalore,7,1606.38
CUS002647,Chennai,5,1177.39
CUS002648,Mysore,8,782.67
CUS002649,Pune,12,2089.93
CUS002650,Mysore,11,1207.78
CUS002651,Delhi,6,3412.61
CUS002652,Bangalore,9,1079.9
CUS002653,Hyderabad,6,2732.97
CUS002654,Tumkur,9,1785.22
CUS002655,Mysore,4,975.07
CUS002656,Bangalore,7,3930.53
CUS002657,Tumkur,5,3110.73
CUS002658,Bangalore,9,1513.97
CUS002659,Tumkur,7,1665.78
CUS002660,Delhi,9,2236.73
CUS002661,Mumbai,6,1912.5
CUS002662,Hyderabad,7,3849.01
CUS002663,Tumkur,8,2875.22
CUS002664,Mumbai,11,1449.75
CUS002665,Tumkur,7,585.04
CUS002666,Hyderabad,7,2006.29
CUS002667,Mysore,7,1300.84
CUS002668,Bangalore,5,4098.28
CUS002669,Mumbai,11,1524.32
CUS002670,Pune,7,3354.7
CUS002671,Hyderabad,9,788.21
CUS002672,Mysore,7,1489.64
CUS002673,Hyderabad,10,1648.53
CUS002674,Mysore,7,2367.1
CUS002675,Delhi,7,1371.25
CUS002676,Delhi,8,2101.08
CUS002677,Mumbai,7,4533.14
CUS002678,Bangalore,7,1437.37
CUS002679,Delhi,13,901.49
CUS002680,Tumkur,4,1423.76
CUS002681,Mumbai,10,1530.89
CUS002682,Tumkur,7,1718.84
CUS002683,Hyderabad,3,2324.77
CUS002684,Mysore,8,575.08
CUS002685,Mysore,4,1898.71
CUS002686,Chennai,4,4248.6
CUS002687,Bangalore,8,1428.32
CUS002688,Bangalore,8,1949.05
CUS002689,Bangalore,5,2680.55
CUS002690,Chennai,5,1823.4
CUS002691,Bangalore,8,1311.86
CUS002692,Delhi,8,4844.7
CUS002693,Mumbai,7,5720.96
CUS002694,Pune,5,2367.4
CUS002695,Tumkur,3,1489.29
CUS002696,Tumkur,10,2174.81
CUS002697,Bangalore,6,1733.75
CUS002698,Pune,10,1780.93
CUS002699,Chennai,7,2099.2
CUS002700,Mumbai,8,3387.93
CUS002701,Chennai,12,1291.83
CUS002702,Pune,6,2379.74
CUS002703,Mumbai,11,1976.0
CUS002704,Hyderabad,6,1658.55
CUS002705,Mysore,8,3550.12
CUS002706,Mumbai,3,1120.76
CUS002707,Mysore,14,1045.93
CUS002708,Bangalore,5,5035.77
CUS002709,Tumkur,13,1480.77
CUS002710,Chennai,6,1645.54
CUS002711,Bangalore,8,1771.95
CUS002712,Pune,13,1779.74
CUS002713,Mysore,10,3219.19
CUS002714,Delhi,7,1871.18
CUS002715,Hyderabad,7,2094.97
CUS002716,Hyderabad,8,632.39
CUS002717,Mumbai,2,925.43
CUS002718,Mysore,15,1701.0
CUS002719,Delhi,10,3010.12
CUS002720,Bangalore,4,1535.61
CUS002721,Mumbai,9,3704.16
CUS002722,Chennai,14,1023.85
CUS002723,Hyderabad,7,3991.71
CUS002724,Hyderabad,8,935.53
CUS002725,Chennai,6,4093.83
CUS002726,Delhi,7,2433.95
CUS002727,Mumbai,5,1139.9
CUS002728,Delhi,7,2808.79
CUS002729,Chennai,10,1952.2
CUS002730,Chennai,7,992.46
CUS002731,Tumkur,5,1444.84
CUS002732,Bangalore,13,2833.16
CUS002733,Pune,3,976.59
CUS002734,Bangalore,7,954.51
CUS002735,Chennai,5,1965.51
CUS002736,Mumbai,7,2686.6
CUS002737,Bangalore,6,2666.44
CUS002738,Mumbai,6,1393.9
CUS002739,Bangalore,7,2800.74
CUS002740,Pune,8,1641.79
CUS002741,Hyderabad,10,2647.19
CUS002742,Mysore,4,1353.34
CUS002743,Chennai,3,857.77
CUS002744,Chennai,6,1862.97
CUS002745,Pune,7,664.43
CUS002746,Delhi,7,1437.03
CUS002747,Bangalore,8,1785.46
CUS002748,Tumkur,6,2059.27
CUS002749,Hyderabad,7,2746.59
CUS002750,Mysore,7,2294.77
CUS002751,Bangalore,6,1912.17
CUS002752,Chennai,8,2110.67
CUS002753,Pune,7,1494.66
CUS002754,Mumbai,8,1743.76
CUS002755,Delhi,10,1168.07
CUS002756,Mysore,9,1497.38
CUS002757,Mysore,7,1963.18
CUS002758,Tumkur,6,2291.64
CUS002759,Pune,6,348.01
CUS002760,Mysore,5,3224.01
CUS002761,Bangalore,13,1009.33
CUS002762,Pune,3,1282.11
CUS002763,Tumkur,5,4641.69
CUS002764,Chennai,6,721.63
CUS002765,Hyderabad,8,2492.9
CUS002766,Hyderabad,10,782.54
CUS002767,Mumbai,11,2284.55
CUS002768,Pune,9,1946.4
CUS002769,Mumbai,5,1216.96
CUS002770,Mumbai,3,1651.93
CUS002771,Delhi,11,2972.95
CUS002772,Hyderabad,8,1234.07
CUS002773,Chennai,6,1250.3
CUS002774,Mysore,5,2136.59
CUS002775,Chennai,8,1942.46
CUS002776,Tumkur,7,712.72
CUS002777,Mysore,10,577.37
CUS002778,Tumkur,8,1566.95
CUS002779,Mysore,9,2376.19
CUS002780,Tumkur,10,1042.16
CUS002781,Delhi,8,1041.56
CUS002782,Delhi,10,6160.15
CUS002783,Mumbai,9,2233.82
CUS002784,Pune,6,3828.8
CUS002785,Mysore,9,3649.68
CUS002786,Mumbai,6,2900.41
CUS002787,Chennai,13,1959.69
CUS002788,Delhi,10,1240.12
CUS002789,Hyderabad,9,1226.68
CUS002790,Delhi,7,3033.49
CUS002791,Hyderabad,8,1494.43
CUS002792,Mysore,8,1561.76
CUS002793,Mysore,9,1189.78
CUS002794,Tumkur,5,3504.77
CUS002795,Hyderabad,8,2659.61
CUS002796,Bangalore,3,2576.22
CUS002797,Chennai,10,922.77
CUS002798,Mumbai,6,4057.06
CUS002799,Tumkur,10,1135.74
CUS002800,Mysore,5,979.96
CUS002801,Chennai,12,2019.06
CUS002802,Mumbai,9,2856.85
CUS002803,Pune,13,2156.66
CUS002804,Bangalore,9,2139.19
CUS002805,Hyderabad,8,1492.22
CUS002806,Hyderabad,6,1927.87
CUS002807,Tumkur,11,2903.81
CUS002808,Bangalore,6,3491.53
CUS002809,Pune,15,3929.0
CUS002810,Delhi,8,1257.72
CUS002811,Chennai,9,600.24
CUS002812,Mysore,9,3113.82
CUS002813,Delhi,7,2949.21
CUS002814,Mysore,8,5463.08
CUS002815,Tumkur,6,3009.31
CUS002816,Mysore,11,1084.04
CUS002817,Bangalore,4,2936.24
CUS002818,Bangalore,12,3053.49
CUS002819,Chennai,6,2476.35
CUS002820,Tumkur,6,2382.22
CUS002821,Chennai,7,1606.5
CUS002822,Pune,6,1328.33
CUS002823,Mumbai,8,2218.51
CUS002824,Mysore,10,1361.77
CUS002825,Hyderabad,12,1335.37
CUS002826,Mysore,4,1032.88
CUS002827,Bangalore,8,1634.34
CUS002828,Mysore,10,1016.95
CUS002829,Chennai,10,2368.48
CUS002830,Delhi,8,1560.01
CUS002831,Tumkur,13,3359.1
CUS002832,Mysore,3,855.07
CUS002833,Mumbai,5,2447.34
CUS002834,Mysore,11,1670.36
CUS002835,Bangalore,14,1490.74
CUS002836,Delhi,10,1827.87
CUS002837,Bangalore,8,1100.23
CUS002838,Tumkur,5,1578.24
CUS002839,Pune,4,1117.98
CUS002840,Pune,8,2188.57
CUS002841,Delhi,9,1717.36
CUS002842,Bangalore,8,1292.12
CUS002843,Pune,4,2358.48
CUS002844,Pune,7,630.24
CUS002845,Tumkur,6,2414.24
CUS002846,Mumbai,6,3833.04
CUS002847,Chennai,5,1133.18
CUS002848,Tumkur,5,2597.79
CUS002849,Hyderabad,7,1083.49
CUS002850,Hyderabad,8,1983.95
CUS002851,Delhi,10,1125.33
CUS002852,Tumkur,3,4394.77
CUS002853,Bangalore,8,5426.61
CUS002854,Chennai,6,1916.44
CUS002855,Hyderabad,11,969.8
CUS002856,Delhi,9,818.5
CUS002857,Pune,3,3044.14
CUS002858,Delhi,8,4161.09
CUS002859,Bangalore,7,1729.35
CUS002860,Mysore,6,1367.93
CUS002861,Hyderabad,11,2118.79
CUS002862,Pune,8,4424.07
CUS002863,Tumkur,10,1741.56
CUS002864,Pune,7,1801.64
CUS002865,Chennai,8,1215.84
CUS002866,Chennai,10,2118.85
CUS002867,Bangalore,4,2885.35
CUS002868,Pune,7,4103.38
CUS002869,Mumbai,5,3536.94
CUS002870,Delhi,8,1787.54
CUS002871,Delhi,9,790.32
CUS002872,Mumbai,8,1318.54
CUS002873,Mumbai,11,2097.5
CUS002874,Pune,14,3103.17
CUS002875,Hyderabad,10,2027.31
CUS002876,Tumkur,11,869.71
CUS002877,Bangalore,8,1609.19
CUS002878,Mumbai,12,1203.78
CUS002879,Chennai,7,2888.82
CUS002880,Bangalore,6,1461.98
CUS002881,Hyderabad,9,5718.32
CUS002882,Bangalore,9,1979.58
CUS002883,Delhi,14,2710.87
CUS002884,Mumbai,6,853.28
CUS002885,Chennai,7,1301.63
CUS002886,Tumkur,11,3587.66
CUS002887,Mysore,9,2210.17
CUS002888,Chennai,12,818.1
CUS002889,Chennai,13,1312.57
CUS002890,Hyderabad,8,2230.4
CUS002891,Bangalore,6,1869.81
CUS002892,Chennai,7,1332.87
CUS002893,Pune,13,1958.74
CUS002894,Mumbai,8,2639.0
CUS002895,Tumkur,8,1774.65
CUS002896,Tumkur,10,558.92
CUS002897,Chennai,15,1555.04
CUS002898,Mumbai,8,1810.27
CUS002899,Mumbai,10,2176.9
CUS002900,Bangalore,8,623.94
CUS002901,Mumbai,8,1759.51
CUS002902,Tumkur,4,638.37
CUS002903,Chennai,4,1997.89
CUS002904,Delhi,7,1465.68
CUS002905,Hyderabad,7,1309.9
CUS002906,Tumkur,6,3334.13
CUS002907,Delhi,9,1204.35
CUS002908,Bangalore,10,1122.73
CUS002909,Mysore,8,790.71
CUS002910,Bangalore,14,2349.64
CUS002911,Chennai,11,1251.0
CUS002912,Chennai,7,1770.47
CUS002913,Bangalore,3,4869.47
CUS002914,Delhi,4,2995.45
CUS002915,Bangalore,8,956.6
CUS002916,Mumbai,8,2431.68
CUS002917,Chennai,7,858.96
CUS002918,Tumkur,14,1334.48
CUS002919,Mumbai,6,4493.75
CUS002920,Tumkur,7,1260.01
CUS002921,Mumbai,7,1187.49
CUS002922,Bangalore,12,1745.13
CUS002923,Bangalore,8,1465.74
CUS002924,Tumkur,8,1288.96
CUS002925,Tumkur,10,2667.5
CUS002926,Mysore,9,3124.26
CUS002927,Mumbai,4,1466.95
CUS002928,Mysore,4,525.96
CUS002929,Mumbai,5,931.09
CUS002930,Pune,8,1003.74
CUS002931,Mysore,11,4095.93
CUS002932,Mumbai,5,1335.96
CUS002933,Hyderabad,8,1822.55
CUS002934,Mumbai,13,1595.25
CUS002935,Tumkur,7,916.31
CUS002936,Tumkur,8,4126.81
CUS002937,Pune,13,3000.55
CUS002938,Delhi,5,2326.68
CUS002939,Mumbai,6,654.64
CUS002940,Tumkur,9,1660.31
CUS002941,Mumbai,3,1702.37
CUS002942,Chennai,11,2162.26
CUS002943,Tumkur,10,1114.54
CUS002944,Pune,9,1228.74
CUS002945,Hyderabad,4,1370.15
CUS002946,Hyderabad,12,716.81
CUS002947,Tumkur,9,2523.72
CUS002948,Tumkur,5,913.53
CUS002949,Bangalore,7,2057.11
CUS002950,Pune,8,2604.71
CUS002951,Bangalore,10,6611.46
CUS002952,Tumkur,10,4706.67
CUS002953,Mumbai,4,1713.51
CUS002954,Chennai,12,1686.02
CUS002955,Mysore,7,2579.26
CUS002956,Delhi,10,2100.03
CUS002957,Tumkur,5,779.12
CUS002958,Mumbai,8,2456.16
CUS002959,Mysore,9,2004.91
CUS002960,Chennai,6,1568.17
CUS002961,Mumbai,5,1254.92
CUS002962,Mumbai,12,1667.07
CUS002963,Tumkur,7,688.52
CUS002964,Mysore,9,2306.46
CUS002965,Mumbai,7,2313.21
CUS002966,Delhi,10,1306.15
CUS002967,Bangalore,7,881.86
CUS002968,Hyderabad,6,1579.12
CUS002969,Chennai,7,1027.63
CUS002970,Chennai,6,2186.02
CUS002971,Mysore,11,1751.29
CUS002972,Mumbai,7,2541.34
CUS002973,Hyderabad,8,3853.63
CUS002974,Mysore,7,2403.1
CUS002975,Bangalore,14,2294.92
CUS002976,Bangalore,9,2308.62
CUS002977,Pune,12,1032.8
CUS002978,Delhi,10,2070.6
CUS002979,Pune,8,2990.42
CUS002980,Tumkur,5,4030.66
CUS002981,Pune,6,2495.25
CUS002982,Delhi,8,1115.42
CUS002983,Pune,4,905.5
CUS002984,Mumbai,11,1311.6
CUS002985,Pune,5,4184.4
CUS002986,Mysore,8,1959.59
CUS002987,Delhi,9,3848.14
CUS002988,Chennai,11,1946.52
CUS002989,Tumkur,3,1794.05
CUS002990,Delhi,10,4365.88
CUS002991,Mysore,5,1435.07
CUS002992,Bangalore,8,629.41
CUS002993,Hyderabad,7,2328.99
CUS002994,Bangalore,8,1116.68
CUS002995,Mumbai,5,1815.73
CUS002996,Hyderabad,8,3534.8
CUS002997,Mysore,5,2647.19
CUS002998,Mysore,9,3948.02
CUS002999,Mumbai,9,1946.08
CUS003000,Tumkur,9,2241.26
CUS003001,Pune,7,1664.74
CUS003002,Tumkur,6,3897.77
CUS003003,Mysore,2,1008.94
CUS003004,Mysore,9,3197.93
CUS003005,Mumbai,13,1289.29
CUS003006,Delhi,8,513.63
CUS003007,Bangalore,11,1940.95
CUS003008,Pune,16,1553.45
CUS003009,Tumkur,2,1558.18
CUS003010,Pune,8,2386.79
CUS003011,Tumkur,6,1062.18
CUS003012,Bangalore,9,1355.05
CUS003013,Mysore,6,3239.49
CUS003014,Mumbai,8,2848.55
CUS003015,Chennai,9,2660.09
CUS003016,Chennai,8,2536.64
CUS003017,Pune,6,1255.54
CUS003018,Hyderabad,5,1013.62
CUS003019,Hyderabad,13,3709.4
CUS003020,Hyderabad,10,592.97
CUS003021,Chennai,8,1045.12
CUS003022,Mysore,12,2612.47
CUS003023,Bangalore,10,939.3
CUS003024,Pune,10,1993.25
CUS003025,Delhi,12,1425.86
CUS003026,Tumkur,12,2405.74
CUS003027,Bangalore,8,1402.56
CUS003028,Mumbai,8,3570.72
CUS003029,Bangalore,6,1632.2
CUS003030,Pune,2,753.09
CUS003031,Mysore,8,1944.96
CUS003032,Hyderabad,8,558.45
CUS003033,Delhi,7,1071.34
CUS003034,Chennai,8,2117.63
CUS003035,Mysore,12,1234.12
CUS003036,Bangalore,5,2148.78
CUS003037,Chennai,7,1708.53
CUS003038,Tumkur,6,2549.16
CUS003039,Hyderabad,5,3411.27
CUS003040,Mysore,4,2889.25
CUS003041,Delhi,7,2201.68
CUS003042,Mysore,9,1174.38
CUS003043,Hyderabad,14,1590.85
CUS003044,Pune,6,3180.25
CUS003045,Delhi,4,2073.73
CUS003046,Delhi,12,2847.01
CUS003047,Hyderabad,5,1014.39
CUS003048,Mysore,8,1581.57
CUS003049,Pune,8,2042.65
CUS003050,Tumkur,8,1399.82
CUS003051,Mumbai,11,1235.0
CUS003052,Pune,5,2131.45
CUS003053,Mumbai,8,1983.93
CUS003054,Tumkur,12,1772.81
CUS003055,Delhi,7,1367.62
CUS003056,Bangalore,6,901.64
CUS003057,Hyderabad,7,1784.98
CUS003058,Delhi,3,954.36
CUS003059,Delhi,4,4170.7
CUS003060,Hyderabad,7,2481.5
CUS003061,Chennai,9,2085.5
CUS003062,Hyderabad,12,1641.35
CUS003063,Bangalore,11,2445.86
CUS003064,Tumkur,5,937.43
CUS003065,Mysore,7,1366.95
CUS003066,Mysore,7,850.79
CUS003067,Mumbai,10,755.26
CUS003068,Pune,6,2620.76
CUS003069,Chennai,10,1005.35
CUS003070,Bangalore,6,3970.69
CUS003071,Pune,9,1760.53
CUS003072,Pune,9,2238.87
CUS003073,Delhi,14,1573.36
CUS003074,Chennai,9,1340.36
CUS003075,Delhi,4,758.49
CUS003076,Hyderabad,10,1503.11
CUS003077,Mysore,10,2423.56
CUS003078,Pune,5,1601.18
CUS003079,Bangalore,6,1207.22
CUS003080,Tumkur,11,1532.08
CUS003081,Mysore,7,2679.5
CUS003082,Delhi,3,1265.48
CUS003083,Tumkur,7,640.22
CUS003084,Tumkur,5,1576.01
CUS003085,Chennai,5,959.69
CUS003086,Chennai,6,988.09
CUS003087,Tumkur,5,2488.49
CUS003088,Bangalore,12,1516.45
CUS003089,Pune,8,1084.39
CUS003090,Mysore,5,1050.33
CUS003091,Pune,9,3012.97
CUS003092,Chennai,7,2851.52
CUS003093,Tumkur,9,2066.28
CUS003094,Hyderabad,6,4424.75
CUS003095,Mumbai,11,1474.93
CUS003096,Mysore,9,2058.36
CUS003097,Mysore,11,1730.46
CUS003098,Pune,9,3723.49
CUS003099,Pune,9,1850.89
CUS003100,Mumbai,7,2627.11
CUS003101,Hyderabad,6,1477.01
CUS003102,Delhi,3,2067.78
CUS003103,Bangalore,7,2082.93
CUS003104,Pune,10,987.76
CUS003105,Mysore,10,943.26
CUS003106,Pune,4,1621.71
CUS003107,Tumkur,8,2033.19
CUS003108,Tumkur,13,1467.75
CUS003109,Mysore,9,3185.33
CUS003110,Mysore,13,1790.71
CUS003111,Mysore,5,3067.42
CUS003112,Hyderabad,15,2104.82
CUS003113,Mumbai,5,2524.82
CUS003114,Pune,8,1329.43
CUS003115,Hyderabad,6,1533.37
CUS003116,Pune,4,1306.82
CUS003117,Delhi,12,1172.83
CUS003118,Delhi,12,4286.51
CUS003119,Bangalore,6,1835.07
CUS003120,Tumkur,5,1280.15
CUS003121,Hyderabad,11,745.0
CUS003122,Pune,12,1067.31
CUS003123,Tumkur,5,1632.53
CUS003124,Pune,10,1724.26
CUS003125,Bangalore,7,1693.66
CUS003126,Pune,5,1238.05
CUS003127,Mumbai,9,2529.4
CUS003128,Chennai,12,1287.8
CUS003129,Bangalore,8,1024.34
CUS003130,Delhi,12,3963.41
CUS003131,Hyderabad,8,2844.4
CUS003132,Mumbai,8,1343.33
CUS003133,Bangalore,7,2274.99
CUS003134,Mumbai,5,2007.84
CUS003135,Hyderabad,8,1342.47
CUS003136,Hyderabad,6,1349.22
CUS003137,Hyderabad,7,3852.0
CUS003138,Delhi,5,3845.95
CUS003139,Mysore,6,2191.03
CUS003140,Chennai,7,3187.43
CUS003141,Tumkur,8,1589.68
CUS003142,Hyderabad,10,4466.8
CUS003143,Delhi,8,1149.65
CUS003144,Mumbai,5,3586.92
CUS003145,Hyderabad,9,2980.79
CUS003146,Pune,15,2064.32
CUS003147,Mysore,7,3868.03
CUS003148,Chennai,7,2408.81
CUS003149,Delhi,11,4180.93
CUS003150,Chennai,8,9031.66
CUS003151,Pune,9,4214.8
CUS003152,Delhi,13,1681.74
CUS003153,Mumbai,14,4343.27
CUS003154,Bangalore,8,3458.59
CUS003155,Tumkur,11,2347.81
CUS003156,Mysore,4,2233.81
CUS003157,Hyderabad,7,2990.27
CUS003158,Pune,7,1133.01
CUS003159,Tumkur,6,2134.59
CUS003160,Bangalore,5,2034.03
CUS003161,Tumkur,4,1356.9
CUS003162,Chennai,6,1584.99
CUS003163,Chennai,12,1501.24
CUS003164,Bangalore,8,1793.25
CUS003165,Chennai,7,2241.46
CUS003166,Bangalore,5,4583.59
CUS003167,Delhi,4,1057.92
CUS003168,Bangalore,9,2954.96
CUS003169,Mumbai,4,1781.17
CUS003170,Chennai,11,876.79
CUS003171,Hyderabad,8,3549.54
CUS003172,Mumbai,9,1754.37
CUS003173,Delhi,7,1590.83
CUS003174,Pune,7,2319.41
CUS003175,Mysore,5,2512.64
CUS003176,Bangalore,8,6945.83
CUS003177,Chennai,8,939.28
CUS003178,Mumbai,8,1543.33
CUS003179,Delhi,7,1626.19
CUS003180,Delhi,9,1023.44
CUS003181,Tumkur,11,1500.49
CUS003182,Delhi,9,4734.18
CUS003183,Mumbai,6,1961.94
CUS003184,Mumbai,7,6249.98
CUS003185,Tumkur,10,906.67
CUS003186,Hyderabad,13,1656.28
CUS003187,Mysore,9,1981.52
CUS003188,Hyderabad,14,2048.45
CUS003189,Bangalore,6,2184.36
CUS003190,Pune,8,1935.48
CUS003191,Bangalore,5,5152.96
CUS003192,Tumkur,7,3095.13
CUS003193,Chennai,8,1184.88
CUS003194,Chennai,6,3679.38
CUS003195,Chennai,9,1250.98
CUS003196,Chennai,12,1005.1
CUS003197,Hyderabad,4,1873.31
CUS003198,Pune,7,2512.12
CUS003199,Bangalore,8,944.75
CUS003200,Bangalore,11,1032.53
CUS003201,Delhi,10,1160.91
CUS003202,Tumkur,8,3663.62
CUS003203,Tumkur,16,2775.88
CUS003204,Bangalore,11,2572.17
CUS003205,Chennai,16,1989.09
CUS003206,Hyderabad,9,1706.68
CUS003207,Hyderabad,6,1176.16
CUS003208,Hyderabad,7,4511.26
CUS003209,Pune,10,884.1
CUS003210,Pune,10,2544.1
CUS003211,Mumbai,10,3075.78
CUS003212,Delhi,12,2867.55
CUS003213,Hyderabad,9,852.32
CUS003214,Chennai,7,2653.07
CUS003215,Delhi,6,1850.93
CUS003216,Hyderabad,7,1305.05
CUS003217,Pune,5,1440.46
CUS003218,Mysore,6,1164.62
CUS003219,Bangalore,8,1957.92
CUS003220,Mumbai,10,1598.83
CUS003221,Hyderabad,5,3419.62
CUS003222,Hyderabad,6,2760.69
CUS003223,Mysore,6,2716.81
CUS003224,Delhi,10,1904.8
CUS003225,Mysore,7,1311.07
CUS003226,Mumbai,3,2438.1
CUS003227,Hyderabad,8,1105.47
CUS003228,Mumbai,6,1604.44
CUS003229,Hyderabad,6,2215.0
CUS003230,Hyderabad,10,1458.31
CUS003231,Hyderabad,5,4398.59
CUS003232,Chennai,8,1866.32
CUS003233,Tumkur,7,1565.14
CUS003234,Chennai,9,1361.15
CUS003235,Bangalore,11,1694.04
CUS003236,Pune,13,1344.59
CUS003237,Mumbai,8,1753.37
CUS003238,Tumkur,5,2596.55
CUS003239,Bangalore,12,825.47
CUS003240,Delhi,6,1134.98
CUS003241,Hyderabad,11,2741.21
CUS003242,Hyderabad,5,1765.79
CUS003243,Pune,9,2054.28
CUS003244,Pune,3,2027.65
CUS003245,Pune,6,2232.55
CUS003246,Bangalore,10,4267.13
CUS003247,Chennai,7,2074.89
CUS003248,Mumbai,8,1235.06
CUS003249,Chennai,7,1016.64
CUS003250,Delhi,6,2517.38
CUS003251,Mumbai,10,4504.27
CUS003252,Hyderabad,11,2528.86
CUS003253,Tumkur,9,1478.19
CUS003254,Tumkur,7,1357.16
CUS003255,Hyderabad,5,1343.99
CUS003256,Mysore,5,2387.09
CUS003257,Delhi,7,1281.51
CUS003258,Tumkur,6,1484.51
CUS003259,Hyderabad,9,4877.99
CUS003260,Tumkur,7,981.04
CUS003261,Mumbai,12,1727.61
CUS003262,Mysore,7,851.63
CUS003263,Chennai,7,1884.83
CUS003264,Mumbai,10,645.79
CUS003265,Chennai,7,3043.78
CUS003266,Hyderabad,7,3773.38
CUS003267,Pune,7,1867.71
CUS003268,Mumbai,10,1438.31
CUS003269,Mumbai,10,778.17
CUS003270,Hyderabad,2,1898.3
CUS003271,Hyderabad,5,2242.57
CUS003272,Delhi,8,1460.42
CUS003273,Mysore,9,4318.38
CUS003274,Delhi,12,1334.19
CUS003275,Bangalore,10,1101.39
CUS003276,Mysore,11,2026.92
CUS003277,Delhi,7,3195.97
CUS003278,Chennai,9,1802.26
CUS003279,Mysore,8,1729.63
CUS003280,Pune,1,1852.86
CUS003281,Hyderabad,4,2840.24
CUS003282,Pune,4,1984.22
CUS003283,Bangalore,9,2359.85
CUS003284,Tumkur,10,1411.66
CUS003285,Tumkur,6,2678.58
CUS003286,Chennai,4,834.33
CUS003287,Mumbai,8,1090.93
CUS003288,Pune,4,1521.78
CUS003289,Delhi,7,2848.68
CUS003290,Tumkur,11,955.05
CUS003291,Mumbai,9,1418.69
CUS003292,Tumkur,5,2142.96
CUS003293,Mysore,5,2641.92
CUS003294,Delhi,8,2258.97
CUS003295,Mumbai,8,2959.11
CUS003296,Tumkur,6,1276.43
CUS003297,Mumbai,7,3998.92
CUS003298,Bangalore,2,4267.76
CUS003299,Bangalore,10,2820.61
CUS003300,Delhi,9,1372.01
CUS003301,Hyderabad,10,1411.05
CUS003302,Chennai,12,2944.66
CUS003303,Tumkur,7,1873.84
CUS003304,Tumkur,6,3239.21
CUS003305,Delhi,9,1445.08
CUS003306,Mysore,8,1016.07
CUS003307,Tumkur,5,1162.43
CUS003308,Pune,11,1058.17
CUS003309,Pune,14,1955.53
CUS003310,Pune,10,1178.39
CUS003311,Pune,8,1200.08
CUS003312,Delhi,7,868.35
CUS003313,Pune,6,1939.27
CUS003314,Bangalore,10,2503.26
CUS003315,Bangalore,11,1033.8
CUS003316,Chennai,11,1545.91
CUS003317,Mumbai,14,967.42
CUS003318,Bangalore,11,2176.43
CUS003319,Mumbai,10,738.09
CUS003320,Chennai,4,1121.13
CUS003321,Bangalore,4,1717.98
CUS003322,Bangalore,8,2141.58
CUS003323,Chennai,8,1563.12
CUS003324,Chennai,7,4261.9
CUS003325,Mumbai,6,1761.35
CUS003326,Hyderabad,7,2665.84
CUS003327,Tumkur,10,3113.13
CUS003328,Mysore,3,2824.72
CUS003329,Pune,11,1617.86
CUS003330,Hyderabad,9,3674.76
CUS003331,Tumkur,7,1059.33
CUS003332,Mysore,9,2286.41
CUS003333,Bangalore,5,816.31
CUS003334,Hyderabad,6,1862.63
CUS003335,Hyderabad,5,3207.62
CUS003336,Delhi,9,2086.43
CUS003337,Mumbai,10,2390.0
CUS003338,Pune,4,1096.58
CUS003339,Tumkur,8,3004.64
CUS003340,Mumbai,10,2992.84
CUS003341,Delhi,5,990.62
CUS003342,Mumbai,8,4417.79
CUS003343,Chennai,6,1252.16
CUS003344,Tumkur,6,1563.25
CUS003345,Pune,6,1029.31
CUS003346,Bangalore,3,2047.09
CUS003347,Chennai,6,2636.44
CUS003348,Chennai,8,1457.89
CUS003349,Tumkur,3,1124.44
CUS003350,Chennai,7,1050.92
CUS003351,Bangalore,9,1088.86
CUS003352,Tumkur,5,3494.19
CUS003353,Mysore,9,3444.97
CUS003354,Mumbai,10,5186.18
CUS003355,Bangalore,6,1817.2
CUS003356,Pune,12,3171.84
CUS003357,Hyderabad,5,2159.65
CUS003358,Bangalore,7,2660.96
CUS003359,Bangalore,7,1073.68
CUS003360,Mysore,16,1023.9
CUS003361,Bangalore,6,3631.92
CUS003362,Bangalore,6,3622.71
CUS003363,Mysore,8,1981.65
CUS003364,Pune,4,1834.57
CUS003365,Delhi,12,639.71
CUS003366,Pune,10,1550.77
CUS003367,Mysore,7,1555.34
CUS003368,Hyderabad,7,1175.0
CUS003369,Delhi,10,4969.56
CUS003370,Tumkur,13,1811.75
CUS003371,Chennai,8,2037.27
CUS003372,Bangalore,11,2375.66
CUS003373,Hyderabad,6,3340.01
CUS003374,Pune,7,2001.44
CUS003375,Mysore,7,1836.15
CUS003376,Hyderabad,5,3801.24
CUS003377,Tumkur,6,997.74
CUS003378,Pune,7,1040.47
CUS003379,Mysore,6,976.61
CUS003380,Mysore,6,1772.89
CUS003381,Hyderabad,9,4667.9
CUS003382,Mysore,7,1715.3
CUS003383,Mysore,9,2519.98
CUS003384,Delhi,11,1583.92
CUS003385,Chennai,3,873.14
CUS003386,Chennai,5,3034.37
CUS003387,Hyderabad,8,7202.43
CUS003388,Chennai,5,4670.67
CUS003389,Mumbai,3,1805.93
CUS003390,Pune,11,757.97
CUS003391,Hyderabad,10,2045.3
CUS003392,Tumkur,12,804.53
CUS003393,Bangalore,13,2012.53
CUS003394,Delhi,11,894.23
CUS003395,Chennai,6,1347.96
CUS003396,Delhi,11,1681.73
CUS003397,Mumbai,6,442.35
CUS003398,Chennai,11,1765.96
CUS003399,Bangalore,13,3196.12
CUS003400,Bangalore,13,1373.0
CUS003401,Mysore,10,1579.74
CUS003402,Mysore,7,690.13
CUS003403,Delhi,19,2600.17
CUS003404,Tumkur,7,1131.28
CUS003405,Mysore,10,1226.98
CUS003406,Mysore,10,2010.35
CUS003407,Mysore,8,1999.71
CUS003408,Hyderabad,7,1753.84
CUS003409,Chennai,7,3010.37
CUS003410,Delhi,4,1668.27
CUS003411,Hyderabad,7,2043.64
CUS003412,Hyderabad,10,1347.57
CUS003413,Delhi,7,789.14
CUS003414,Bangalore,11,1397.9
CUS003415,Mysore,9,827.4
CUS003416,Tumkur,9,1049.55
CUS003417,Bangalore,5,2257.89
CUS003418,Hyderabad,12,4775.62
CUS003419,Mumbai,5,986.01
CUS003420,Mumbai,12,3843.68
CUS003421,Pune,12,1292.14
CUS003422,Mysore,9,1256.86
CUS003423,Mysore,10,1321.51
CUS003424,Bangalore,9,1427.37
CUS003425,Bangalore,7,1858.49
CUS003426,Tumkur,14,473.87
CUS003427,Tumkur,5,2191.01
CUS003428,Mumbai,10,3135.31
CUS003429,Mumbai,2,3315.59
CUS003430,Delhi,7,3700.96
CUS003431,Hyderabad,9,1910.28
CUS003432,Mysore,8,1230.42
CUS003433,Mumbai,4,2817.65
CUS003434,Mumbai,7,2979.63
CUS003435,Tumkur,9,1767.44
CUS003436,Mysore,5,1694.91
CUS003437,Pune,6,2945.73
CUS003438,Pune,5,2528.43
CUS003439,Delhi,6,1689.31
CUS003440,Hyderabad,4,1518.9
CUS003441,Pune,9,2726.31
CUS003442,Delhi,5,1812.44
CUS003443,Pune,12,1492.01
CUS003444,Tumkur,3,2345.86
CUS003445,Mysore,9,1505.75
CUS003446,Tumkur,6,3508.78
CUS003447,Bangalore,10,5016.43
CUS003448,Tumkur,9,2979.15
CUS003449,Mysore,8,1921.72
CUS003450,Pune,11,1918.45
CUS003451,Delhi,7,1825.34
CUS003452,Delhi,7,3271.07
CUS003453,Tumkur,7,3775.78
CUS003454,Pune,8,2377.41
CUS003455,Mumbai,8,2242.91
CUS003456,Bangalore,4,1226.83
CUS003457,Tumkur,12,4163.68
CUS003458,Delhi,8,2296.75
CUS003459,Delhi,5,1417.39
CUS003460,Mysore,11,1385.53
CUS003461,Pune,5,1655.37
CUS003462,Delhi,7,2379.41
CUS003463,Bangalore,11,4280.1
CUS003464,Mysore,5,1551.98
CUS003465,Hyderabad,10,1379.59
CUS003466,Mumbai,8,1239.55
CUS003467,Bangalore,3,1824.05
CUS003468,Chennai,3,2775.3
CUS003469,Mumbai,9,4640.66
CUS003470,Mysore,8,1734.57
CUS003471,Pune,8,2668.31
CUS003472,Chennai,6,1478.49
CUS003473,Delhi,9,2000.82
CUS003474,Mumbai,8,3569.05
CUS003475,Pune,9,2011.46
CUS003476,Tumkur,4,851.18
CUS003477,Bangalore,6,2583.53
CUS003478,Bangalore,9,1206.65
CUS003479,Tumkur,7,3110.03
CUS003480,Delhi,7,1388.03
CUS003481,Delhi,10,2602.15
CUS003482,Tumkur,9,2892.31
CUS003483,Mysore,7,1614.58
CUS003484,Delhi,7,1914.22
CUS003485,Mumbai,8,3082.26
CUS003486,Chennai,8,2303.65
CUS003487,Mumbai,5,3154.16
CUS003488,Hyderabad,10,1939.18
CUS003489,Bangalore,4,2679.43
CUS003490,Chennai,8,4173.17
CUS003491,Pune,5,1018.49
CUS003492,Pune,11,951.77
CUS003493,Chennai,11,5562.88
CUS003494,Mysore,12,1367.24
CUS003495,Delhi,6,914.21
CUS003496,Delhi,4,2393.77
CUS003497,Delhi,2,2124.32
CUS003498,Mysore,8,1878.0
CUS003499,Delhi,5,2676.63
CUS003500,Delhi,5,1807.66
CUS003501,Mumbai,9,1064.36
CUS003502,Mysore,5,2670.29
CUS003503,Delhi,5,1953.52
CUS003504,Bangalore,7,1095.46
CUS003505,Mysore,9,5094.0
CUS003506,Pune,14,6084.71
CUS003507,Pune,6,1933.07
CUS003508,Bangalore,13,3357.58
CUS003509,Bangalore,8,1983.87
CUS003510,Mysore,3,1823.72
CUS003511,Hyderabad,9,686.78
CUS003512,Chennai,10,2022.49
CUS003513,Delhi,11,1000.07
CUS003514,Mumbai,9,1990.64
CUS003515,Mumbai,2,927.1
CUS003516,Bangalore,6,2261.58
CUS003517,Chennai,6,1957.28
CUS003518,Delhi,11,1818.33
CUS003519,Mumbai,11,2059.23
CUS003520,Delhi,9,1347.49
CUS003521,Mumbai,5,1627.61
CUS003522,Delhi,9,3374.26
CUS003523,Mysore,10,516.86
CUS003524,Mysore,11,1719.67
CUS003525,Chennai,13,2124.37
CUS003526,Bangalore,8,1599.04
CUS003527,Mumbai,5,1541.98
CUS003528,Mumbai,11,2990.76
CUS003529,Hyderabad,6,4021.7
CUS003530,Mumbai,10,2041.7
CUS003531,Mysore,13,1228.75
CUS003532,Bangalore,13,4164.98
CUS003533,Tumkur,5,1942.5
CUS003534,Delhi,7,1493.82
CUS003535,Tumkur,9,1595.16
CUS003536,Pune,7,1126.9
CUS003537,Mysore,7,2230.22
CUS003538,Hyderabad,9,2228.17
CUS003539,Chennai,5,1540.99
CUS003540,Chennai,6,1749.78
CUS003541,Mysore,9,1122.85
CUS003542,Pune,7,4302.65
CUS003543,Chennai,8,1043.76
CUS003544,Delhi,6,2377.84
CUS003545,Chennai,10,1457.67
CUS003546,Mumbai,3,4781.87
CUS003547,Mysore,9,1162.46
CUS003548,Pune,8,1507.84
CUS003549,Bangalore,11,968.71
CUS003550,Mysore,11,1551.39
CUS003551,Delhi,6,1612.66
CUS003552,Delhi,9,1512.0
CUS003553,Tumkur,10,3509.92
CUS003554,Delhi,8,2498.64
CUS003555,Bangalore,7,1408.55
CUS003556,Bangalore,10,1099.21
CUS003557,Pune,5,2495.89
CUS003558,Delhi,5,903.72
CUS003559,Tumkur,7,2275.89
CUS003560,Tumkur,6,1354.77
CUS003561,Tumkur,9,1136.51
CUS003562,Mysore,5,2788.15
CUS003563,Pune,11,2487.97
CUS003564,Mumbai,7,1798.7
CUS003565,Pune,10,1368.06
CUS003566,Pune,7,1041.55
CUS003567,Chennai,13,1125.04
CUS003568,Hyderabad,15,1430.45
CUS003569,Pune,3,1420.9
CUS003570,Mumbai,9,1809.54
CUS003571,Hyderabad,9,2090.0
CUS003572,Delhi,4,996.25
CUS003573,Tumkur,8,4056.55
CUS003574,Tumkur,7,2412.31
CUS003575,Pune,3,1540.33
CUS003576,Hyderabad,6,834.13
CUS003577,Mumbai,10,1061.5
CUS003578,Chennai,9,3391.72
CUS003579,Chennai,10,3181.72
CUS003580,Chennai,8,1138.0
CUS003581,Hyderabad,5,660.94
CUS003582,Mumbai,4,990.65
CUS003583,Tumkur,11,1216.74
CUS003584,Tumkur,5,2214.59
CUS003585,Mumbai,7,1643.08
CUS003586,Mysore,2,2961.73
CUS003587,Mumbai,6,3391.17
CUS003588,Delhi,8,2516.33
CUS003589,Pune,2,2543.91
CUS003590,Hyderabad,8,1159.16
CUS003591,Pune,12,665.81
CUS003592,Bangalore,8,1991.54
CUS003593,Mysore,7,1202.96
CUS003594,Bangalore,8,1600.99
CUS003595,Pune,5,1523.43
CUS003596,Tumkur,8,848.28
CUS003597,Bangalore,10,907.72
CUS003598,Bangalore,10,2788.73
CUS003599,Chennai,7,1802.24
CUS003600,Hyderabad,8,2311.56
CUS003601,Tumkur,6,1720.22
CUS003602,Hyderabad,8,1593.41
CUS003603,Hyderabad,12,1655.76
CUS003604,Tumkur,10,5033.71
CUS003605,Bangalore,8,1115.81
CUS003606,Hyderabad,5,3065.04
CUS003607,Chennai,7,3374.19
CUS003608,Bangalore,8,3731.89
CUS003609,Mumbai,10,1739.11
CUS003610,Delhi,12,954.6
CUS003611,Mysore,5,2039.28
CUS003612,Chennai,14,1962.4
CUS003613,Pune,4,1733.03
CUS003614,Chennai,9,4071.25
CUS003615,Hyderabad,3,656.49
CUS003616,Bangalore,8,2698.77
CUS003617,Pune,3,1356.94
CUS003618,Pune,7,2856.65
CUS003619,Pune,8,2974.68
CUS003620,Mumbai,9,1476.44
CUS003621,Bangalore,13,3467.94
CUS003622,Bangalore,5,1344.41
CUS003623,Hyderabad,5,1956.14
CUS003624,Chennai,9,1803.28
CUS003625,Delhi,6,1226.1
CUS003626,Chennai,5,1044.72
CUS003627,Mumbai,8,999.85
CUS003628,Chennai,11,927.54
CUS003629,Chennai,9,1848.82
CUS003630,Hyderabad,12,3331.11
CUS003631,Delhi,14,1138.35
CUS003632,Tumkur,8,6166.88
CUS003633,Mysore,6,2355.92
CUS003634,Tumkur,12,1648.84
CUS003635,Tumkur,5,1258.91
CUS003636,Mysore,9,2100.6
CUS003637,Pune,10,2667.77
CUS003638,Bangalore,13,2624.38
CUS003639,Pune,5,2418.4
CUS003640,Hyderabad,13,2009.94
CUS003641,Hyderabad,6,1743.85
CUS003642,Tumkur,10,2568.07
CUS003643,Tumkur,3,3667.78
CUS003644,Hyderabad,7,3572.32
CUS003645,Bangalore,8,2389.25
CUS003646,Mumbai,6,969.05
CUS003647,Delhi,11,1808.57
CUS003648,Tumkur,3,2740.58
CUS003649,Bangalore,8,1571.07
CUS003650,Tumkur,7,1524.76
CUS003651,Mumbai,14,1477.25
CUS003652,Bangalore,17,1922.97
CUS003653,Hyderabad,9,772.69
CUS003654,Delhi,8,2267.84
CUS003655,Mumbai,9,2123.84
CUS003656,Mysore,8,1133.49
CUS003657,Mumbai,4,3019.4
CUS003658,Chennai,8,1414.45
CUS003659,Tumkur,4,4189.74
CUS003660,Mysore,5,2590.58
CUS003661,Tumkur,15,2106.12
CUS003662,Pune,8,2226.25
CUS003663,Pune,12,4899.94
CUS003664,Mysore,7,1956.42
CUS003665,Mumbai,9,4323.91
CUS003666,Chennai,8,2355.92
CUS003667,Chennai,9,865.96
CUS003668,Mumbai,9,1473.48
CUS003669,Mumbai,5,1311.56
CUS003670,Mumbai,8,3019.11
CUS003671,Hyderabad,9,2509.55
CUS003672,Chennai,6,1894.74
CUS003673,Delhi,13,3909.54
CUS003674,Bangalore,10,1924.49
CUS003675,Mysore,4,475.88
CUS003676,Mumbai,3,1342.14
CUS003677,Delhi,11,1022.91
CUS003678,Chennai,12,1069.01
CUS003679,Chennai,7,1585.8
CUS003680,Bangalore,8,1559.2
CUS003681,Mumbai,9,1668.38
CUS003682,Pune,4,4634.58
CUS003683,Mysore,11,1478.64
CUS003684,Pune,5,1275.36
CUS003685,Hyderabad,9,1632.39
CUS003686,Hyderabad,4,1084.65
CUS003687,Bangalore,6,757.4
CUS003688,Mumbai,6,1169.73
CUS003689,Delhi,7,3189.49
CUS003690,Delhi,10,2131.5
CUS003691,Bangalore,11,1256.42
CUS003692,Hyderabad,6,1615.44
CUS003693,Chennai,4,2530.76
CUS003694,Mumbai,5,1303.44
CUS003695,Mysore,7,1579.39
CUS003696,Mysore,5,1087.18
CUS003697,Tumkur,8,3649.85
CUS003698,Bangalore,4,1549.36
CUS003699,Mysore,12,3066.37
CUS003700,Chennai,8,2028.87
CUS003701,Chennai,4,1779.77
CUS003702,Pune,12,1157.69
CUS003703,Mysore,12,1693.44
CUS003704,Chennai,6,1127.4
CUS003705,Pune,10,2785.66
CUS003706,Mysore,8,1393.17
CUS003707,Tumkur,5,385.06
CUS003708,Bangalore,8,2490.71
CUS003709,Delhi,8,1899.3
CUS003710,Mumbai,10,821.63
CUS003711,Bangalore,6,1178.4
CUS003712,Mysore,7,1908.34
CUS003713,Mysore,7,2120.98
CUS003714,Bangalore,15,2842.23
CUS003715,Tumkur,4,3003.32
CUS003716,Hyderabad,5,2397.73
CUS003717,Mysore,8,1825.37
CUS003718,Chennai,9,1778.85
CUS003719,Hyderabad,5,1126.79
CUS003720,Pune,9,2240.35
CUS003721,Pune,4,1312.42
CUS003722,Delhi,10,870.54
CUS003723,Pune,5,2042.52
CUS003724,Pune,5,2669.69
CUS003725,Mumbai,9,1628.81
CUS003726,Bangalore,9,1025.44
CUS003727,Pune,11,2135.48
CUS003728,Mysore,10,3085.82
CUS003729,Bangalore,5,2200.18
CUS003730,Mysore,7,896.23
CUS003731,Bangalore,16,979.73
CUS003732,Mysore,9,3083.94
CUS003733,Mumbai,6,912.25
CUS003734,Mysore,7,3468.38
CUS003735,Hyderabad,12,1841.46
CUS003736,Hyderabad,4,2985.3
CUS003737,Mysore,3,530.0
CUS003738,Hyderabad,17,2164.68
CUS003739,Delhi,9,2135.13
CUS003740,Pune,5,6530.31
CUS003741,Pune,5,2626.94
CUS003742,Bangalore,7,1709.87
CUS003743,Delhi,9,1749.65
CUS003744,Tumkur,1,2339.42
CUS003745,Chennai,3,1894.62
CUS003746,Tumkur,7,1592.04
CUS003747,Pune,6,5301.63
CUS003748,Hyderabad,6,1533.19
CUS003749,Tumkur,4,1392.6
CUS003750,Hyderabad,9,3124.24
CUS003751,Mumbai,6,2072.16
CUS003752,Bangalore,10,899.69
CUS003753,Tumkur,14,1981.9
CUS003754,Mysore,12,667.86
CUS003755,Bangalore,14,2822.77
CUS003756,Bangalore,6,954.87
CUS003757,Pune,7,2825.42
CUS003758,Mysore,8,1834.21
CUS003759,Hyderabad,6,2651.16
CUS003760,Chennai,5,3123.0
CUS003761,Mumbai,4,1021.0
CUS003762,Chennai,7,3537.41
CUS003763,Pune,6,2157.16
CUS003764,Tumkur,9,1098.2
CUS003765,Tumkur,3,1478.39
CUS003766,Tumkur,10,1089.87
CUS003767,Chennai,6,5014.01
CUS003768,Hyderabad,7,2951.05
CUS003769,Chennai,7,2580.95
CUS003770,Mysore,6,1389.86
CUS003771,Tumkur,11,1745.69
CUS003772,Bangalore,9,4486.6
CUS003773,Delhi,10,1944.55
CUS003774,Mysore,9,3856.49
CUS003775,Hyderabad,6,3366.82
CUS003776,Mysore,10,3625.13
CUS003777,Hyderabad,8,3658.46
CUS003778,Mysore,6,2750.83
CUS003779,Chennai,10,2737.18
CUS003780,Delhi,8,1816.15
CUS003781,Mumbai,12,2252.52
CUS003782,Mumbai,9,1484.65
CUS003783,Tumkur,9,2813.13
CUS003784,Chennai,9,1682.46
CUS003785,Mysore,14,1884.86
CUS003786,Hyderabad,9,5379.82
CUS003787,Mysore,10,1753.71
CUS003788,Chennai,8,3371.9
CUS003789,Mumbai,5,2997.14
CUS003790,Delhi,5,2182.23
CUS003791,Delhi,7,2159.27
CUS003792,Mumbai,5,2220.27
CUS003793,Hyderabad,7,1834.85
CUS003794,Tumkur,10,1473.43
CUS003795,Mumbai,12,1289.34
CUS003796,Mumbai,5,4342.2
CUS003797,Pune,9,1486.93
CUS003798,Tumkur,11,1630.19
CUS003799,Bangalore,6,1430.62
CUS003800,Mumbai,12,1598.87
CUS003801,Chennai,4,1491.86
CUS003802,Chennai,11,2972.83
CUS003803,Pune,4,1638.18
CUS003804,Hyderabad,10,2252.17
CUS003805,Mumbai,3,1181.72
CUS003806,Tumkur,8,1604.99
CUS003807,Mumbai,11,1733.62
CUS003808,Delhi,11,852.94
CUS003809,Delhi,9,1907.16
CUS003810,Delhi,5,2978.88
CUS003811,Mumbai,7,2170.46
CUS003812,Hyderabad,6,988.64
CUS003813,Delhi,7,649.71
CUS003814,Mysore,8,1301.1
CUS003815,Tumkur,10,1105.84
CUS003816,Mysore,5,1526.81
CUS003817,Hyderabad,6,2541.33
CUS003818,Tumkur,6,1336.11
CUS003819,Chennai,11,637.36
CUS003820,Hyderabad,6,3022.14
CUS003821,Mysore,4,863.21
CUS003822,Mysore,11,2395.55
CUS003823,Bangalore,4,2207.06
CUS003824,Bangalore,8,1640.61
CUS003825,Pune,9,1222.54
CUS003826,Chennai,9,1866.14
CUS003827,Bangalore,7,1256.25
CUS003828,Hyderabad,8,2144.48
CUS003829,Delhi,8,546.42
CUS003830,Tumkur,7,1491.67
CUS003831,Mumbai,8,645.32
CUS003832,Pune,6,3240.6
CUS003833,Chennai,6,1341.19
CUS003834,Hyderabad,8,1717.03
CUS003835,Tumkur,12,1472.79
CUS003836,Delhi,6,1055.04
CUS003837,Mysore,10,1950.73
CUS003838,Pune,8,4546.44
CUS003839,Mumbai,8,1895.42
CUS003840,Bangalore,11,3172.55
CUS003841,Chennai,13,842.59
CUS003842,Tumkur,12,1123.39
CUS003843,Tumkur,12,1166.76
CUS003844,Delhi,6,1510.73
CUS003845,Tumkur,3,1167.59
CUS003846,Tumkur,5,1532.18
CUS003847,Tumkur,4,760.45
CUS003848,Delhi,5,1392.25
CUS003849,Mumbai,10,1841.16
CUS003850,Bangalore,7,2664.4
CUS003851,Chennai,7,1307.97
CUS003852,Delhi,6,2427.25
CUS003853,Chennai,6,1746.75
CUS003854,Mysore,11,2125.83
CUS003855,Hyderabad,9,2237.05
CUS003856,Mumbai,12,1153.13
CUS003857,Chennai,8,1997.25
CUS003858,Bangalore,3,640.97
CUS003859,Chennai,6,2159.0
CUS003860,Mumbai,13,1254.65
CUS003861,Pune,12,1300.42
CUS003862,Delhi,9,2672.65
CUS003863,Delhi,12,2805.08
CUS003864,Bangalore,13,824.31
CUS003865,Bangalore,8,2532.63
CUS003866,Mumbai,8,1651.68
CUS003867,Mysore,11,917.99
CUS003868,Hyderabad,8,1773.91
CUS003869,Hyderabad,8,2205.86
CUS003870,Tumkur,6,1078.57
CUS003871,Pune,6,2864.38
CUS003872,Pune,9,722.05
CUS003873,Mumbai,6,2502.54
CUS003874,Mysore,9,1795.89
CUS003875,Hyderabad,7,3271.82
CUS003876,Pune,10,755.53
CUS003877,Chennai,9,2802.45
CUS003878,Pune,6,4592.15
CUS003879,Mumbai,7,1107.11
CUS003880,Mumbai,5,2216.24
CUS003881,Delhi,8,1834.9
CUS003882,Delhi,4,3940.96
CUS003883,Bangalore,11,1771.12
CUS003884,Tumkur,11,1055.11
CUS003885,Delhi,5,1579.42
CUS003886,Tumkur,7,2341.17
CUS003887,Chennai,8,1239.56
CUS003888,Mysore,9,879.48
CUS003889,Hyderabad,10,911.11
CUS003890,Chennai,5,1421.87
CUS003891,Tumkur,9,2182.57
CUS003892,Tumkur,14,3808.21
CUS003893,Tumkur,5,1999.7
CUS003894,Mumbai,6,2684.64
CUS003895,Mysore,8,1766.79
CUS003896,Chennai,9,3463.03
CUS003897,Pune,11,4102.62
CUS003898,Mumbai,7,1644.46
CUS003899,Mysore,7,2989.66
CUS003900,Delhi,5,1389.58
CUS003901,Delhi,3,2014.73
CUS003902,Delhi,9,990.49
CUS003903,Chennai,4,2508.45
CUS003904,Tumkur,9,397.59
CUS003905,Pune,8,1475.87
CUS003906,Bangalore,11,3166.71
CUS003907,Chennai,8,1725.41
CUS003908,Bangalore,7,1294.24
CUS003909,Tumkur,17,3657.53
CUS003910,Tumkur,7,1563.9
CUS003911,Tumkur,6,1771.49
CUS003912,Bangalore,11,3255.3
CUS003913,Tumkur,6,1667.72
CUS003914,Bangalore,10,1216.27
CUS003915,Tumkur,9,1756.58
CUS003916,Hyderabad,9,971.93
CUS003917,Tumkur,12,4710.47
CUS003918,Pune,7,1676.28
CUS003919,Bangalore,9,1411.4
CUS003920,Hyderabad,8,2199.84
CUS003921,Mysore,11,5871.2
CUS003922,Chennai,7,1769.99
CUS003923,Delhi,4,832.95
CUS003924,Delhi,9,2131.93
CUS003925,Delhi,9,1112.67
CUS003926,Tumkur,10,3980.78
CUS003927,Chennai,8,4236.71
CUS003928,Pune,9,816.16
CUS003929,Tumkur,6,2546.16
CUS003930,Tumkur,14,1056.32
CUS003931,Hyderabad,6,3176.07
CUS003932,Tumkur,12,2201.66
CUS003933,Mumbai,9,1984.89
CUS003934,Delhi,10,1472.93
CUS003935,Mysore,7,6455.52
CUS003936,Chennai,7,1844.39
CUS003937,Pune,10,1661.99
CUS003938,Pune,11,1579.99
CUS003939,Tumkur,16,1248.11
CUS003940,Mysore,3,4017.46
CUS003941,Bangalore,8,1585.36
CUS003942,Chennai,11,4254.56
CUS003943,Pune,5,2669.09
CUS003944,Tumkur,17,1175.86
CUS003945,Mysore,7,4074.05
CUS003946,Tumkur,4,1204.73
CUS003947,Delhi,15,1606.11
CUS003948,Bangalore,11,3768.09
CUS003949,Mysore,8,3419.31
CUS003950,Mysore,2,804.71
CUS003951,Delhi,7,1793.16
CUS003952,Tumkur,7,955.29
CUS003953,Bangalore,9,1981.43
CUS003954,Pune,3,1218.07
CUS003955,Pune,9,1185.15
CUS003956,Mumbai,7,2683.87
CUS003957,Bangalore,7,964.09
CUS003958,Pune,4,1187.62
CUS003959,Chennai,5,1665.26
CUS003960,Delhi,2,4403.9
CUS003961,Pune,8,2925.18
CUS003962,Mumbai,7,1406.67
CUS003963,Mysore,9,2040.65
CUS003964,Pune,7,2445.48
CUS003965,Tumkur,12,1287.96
CUS003966,Hyderabad,6,1407.86
CUS003967,Delhi,5,1589.62
CUS003968,Chennai,12,2270.86
CUS003969,Mysore,5,536.69
CUS003970,Hyderabad,9,1888.38
CUS003971,Pune,7,1770.47
CUS003972,Hyderabad,13,858.7
CUS003973,Chennai,9,3016.3
CUS003974,Bangalore,9,2018.42
CUS003975,Bangalore,5,1295.74
CUS003976,Mysore,8,3535.17
CUS003977,Bangalore,4,1696.5
CUS003978,Pune,6,3008.59
CUS003979,Chennai,3,1780.84
CUS003980,Mumbai,7,3542.83
CUS003981,Pune,10,1416.2
CUS003982,Mumbai,8,2333.74
CUS003983,Mysore,7,861.74
CUS003984,Tumkur,9,1183.8
CUS003985,Pune,6,1164.95
CUS003986,Hyderabad,8,1443.56
CUS003987,Hyderabad,9,1715.5
CUS003988,Pune,10,929.92
CUS003989,Mumbai,6,2081.68
CUS003990,Hyderabad,10,3730.0
CUS003991,Pune,9,5251.78
CUS003992,Chennai,8,1055.55
CUS003993,Pune,6,2418.27
CUS003994,Delhi,9,4836.68
CUS003995,Tumkur,3,966.05
CUS003996,Mumbai,11,845.8
CUS003997,Delhi,3,2002.39
CUS003998,Hyderabad,13,1561.65
CUS003999,Hyderabad,9,1105.8
CUS004000,Mumbai,12,3643.01
CUS004001,Pune,9,2784.66
CUS004002,Tumkur,6,2233.0
CUS004003,Mysore,11,1489.84
CUS004004,Chennai,5,1635.23
CUS004005,Delhi,14,1487.57
CUS004006,Tumkur,6,1049.93
CUS004007,Mysore,9,1108.41
CUS004008,Chennai,9,2037.93
CUS004009,Pune,5,2596.47
CUS004010,Mumbai,9,1321.4
CUS004011,Bangalore,7,1106.39
CUS004012,Tumkur,8,3006.44
CUS004013,Pune,5,1947.72
CUS004014,Bangalore,6,3135.71
CUS004015,Mysore,5,1893.32
CUS004016,Tumkur,8,1803.04
CUS004017,Delhi,8,1090.68
CUS004018,Pune,2,1548.61
CUS004019,Mysore,5,1825.08
CUS004020,Mysore,7,3429.33
CUS004021,Hyderabad,11,1961.37
CUS004022,Chennai,14,1792.48
CUS004023,Mumbai,5,2141.69
CUS004024,Mysore,10,929.28
CUS004025,Bangalore,14,3089.98
CUS004026,Pune,9,5995.48
CUS004027,Pune,14,1966.99
CUS004028,Hyderabad,8,1146.33
CUS004029,Bangalore,14,1310.94
CUS004030,Tumkur,8,3062.2
CUS004031,Delhi,5,2981.55
CUS004032,Delhi,7,1263.47
CUS004033,Bangalore,4,3455.06
CUS004034,Chennai,3,1293.04
CUS004035,Hyderabad,6,2260.81
CUS004036,Chennai,9,2657.63
CUS004037,Bangalore,6,1925.61
CUS004038,Chennai,7,1341.43
CUS004039,Tumkur,8,1708.02
CUS004040,Bangalore,8,1176.29
CUS004041,Mumbai,14,3117.57
CUS004042,Chennai,8,1670.34
CUS004043,Bangalore,7,1841.96
CUS004044,Tumkur,8,2886.25
CUS004045,Mysore,5,2357.35
CUS004046,Hyderabad,7,864.25
CUS004047,Pune,10,1546.23
CUS004048,Mumbai,6,2136.07
CUS004049,Pune,9,2107.02
CUS004050,Pune,8,1598.44
CUS004051,Chennai,12,4032.63
CUS004052,Bangalore,6,3150.42
CUS004053,Mysore,10,3742.38
CUS004054,Mysore,10,1622.61
CUS004055,Hyderabad,8,1056.74
CUS004056,Mumbai,7,1389.48
CUS004057,Mumbai,8,1700.22
CUS004058,Hyderabad,9,3589.05
CUS004059,Chennai,4,4692.08
CUS004060,Chennai,13,1654.93
CUS004061,Delhi,9,1406.11
CUS004062,Pune,8,1161.27
CUS004063,Bangalore,9,1206.55
CUS004064,Hyderabad,9,1182.05
CUS004065,Tumkur,7,751.33
CUS004066,Pune,6,821.04
CUS004067,Mysore,4,1896.53
CUS004068,Mysore,8,674.9
CUS004069,Hyderabad,4,1579.37
CUS004070,Mumbai,5,826.63
CUS004071,Mysore,8,961.74
CUS004072,Hyderabad,8,3224.15
CUS004073,Hyderabad,8,1661.75
CUS004074,Delhi,7,1703.19
CUS004075,Pune,11,1151.22
CUS004076,Delhi,8,730.41
CUS004077,Chennai,18,1268.5
CUS004078,Mumbai,11,2816.44
CUS004079,Delhi,4,2054.63
CUS004080,Delhi,6,1647.06
CUS004081,Bangalore,6,1218.67
CUS004082,Delhi,9,1788.02
CUS004083,Mysore,10,1415.16
CUS004084,Hyderabad,9,2831.04
CUS004085,Mysore,7,1310.62
CUS004086,Pune,4,1194.56
CUS004087,Chennai,7,2639.01
CUS004088,Chennai,9,2399.12
CUS004089,Mumbai,12,2954.06
CUS004090,Pune,8,1231.02
CUS004091,Mumbai,9,2296.21
CUS004092,Bangalore,5,2992.18
CUS004093,Hyderabad,14,1933.69
CUS004094,Chennai,7,2215.98
CUS004095,Hyderabad,5,6017.35
CUS004096,Mysore,8,1419.22
CUS004097,Pune,6,2876.75
CUS004098,Mumbai,12,1913.04
CUS004099,Mysore,7,1256.45
CUS004100,Tumkur,9,1328.84
CUS004101,Delhi,5,2181.3
CUS004102,Mumbai,20,1641.71
CUS004103,Mumbai,4,1247.67
CUS004104,Chennai,8,982.05
CUS004105,Hyderabad,5,960.79
CUS004106,Tumkur,6,2748.98
CUS004107,Chennai,9,2016.98
CUS004108,Delhi,1,3897.11
CUS004109,Chennai,11,2032.42
CUS004110,Chennai,6,2515.32
CUS004111,Chennai,8,1617.59
CUS004112,Hyderabad,7,1660.75
CUS004113,Chennai,10,1544.47
CUS004114,Chennai,9,1568.7
CUS004115,Chennai,8,1462.19
CUS004116,Chennai,10,1263.81
CUS004117,Mumbai,9,2962.13
CUS004118,Tumkur,14,3161.3
CUS004119,Mysore,10,5558.97
CUS004120,Mysore,6,2123.08
CUS004121,Mysore,7,2050.4
CUS004122,Delhi,10,3959.64
CUS004123,Bangalore,10,1067.44
CUS004124,Bangalore,7,1471.71
CUS004125,Delhi,8,11659.97
CUS004126,Mumbai,10,2660.32
CUS004127,Mumbai,7,3610.94
CUS004128,Delhi,4,4030.33
CUS004129,Hyderabad,9,4810.0
CUS004130,Delhi,6,1080.46
CUS004131,Tumkur,9,2425.76
CUS004132,Hyderabad,11,940.56
CUS004133,Pune,9,3145.01
CUS004134,Chennai,9,861.97
CUS004135,Tumkur,4,1785.31
CUS004136,Bangalore,7,1325.85
CUS004137,Pune,4,3875.3
CUS004138,Delhi,10,1460.89
CUS004139,Bangalore,5,1620.53
CUS004140,Mumbai,12,1192.54
CUS004141,Pune,4,2317.12
CUS004142,Tumkur,6,493.38
CUS004143,Delhi,5,2512.28
CUS004144,Mysore,9,1473.98
CUS004145,Delhi,11,2545.44
CUS004146,Mumbai,12,2161.06
CUS004147,Bangalore,4,1077.12
CUS004148,Bangalore,20,1166.51
CUS004149,Chennai,12,2604.75
CUS004150,Pune,7,1859.52
CUS004151,Mysore,8,2368.01
CUS004152,Mumbai,10,679.05
CUS004153,Mumbai,0,3032.08
CUS004154,Hyderabad,9,2043.06
CUS004155,Tumkur,10,3420.59
CUS004156,Hyderabad,3,3932.55
CUS004157,Chennai,9,1476.86
CUS004158,Hyderabad,8,1338.65
CUS004159,Delhi,6,1233.08
CUS004160,Mumbai,6,1316.1
CUS004161,Mumbai,4,5103.58
CUS004162,Tumkur,9,2420.21
CUS004163,Delhi,11,1300.98
CUS004164,Pune,6,1599.41
CUS004165,Chennai,8,8844.18
CUS004166,Pune,11,2325.37
CUS004167,Mumbai,9,936.93
CUS004168,Mumbai,8,4404.83
CUS004169,Pune,11,3493.1
CUS004170,Hyderabad,6,324.4
CUS004171,Delhi,11,4006.68
CUS004172,Tumkur,7,1741.09
CUS004173,Tumkur,11,1886.53
CUS004174,Chennai,9,1932.27
CUS004175,Mysore,9,3578.55
CUS004176,Hyderabad,11,2557.75
CUS004177,Chennai,5,1204.69
CUS004178,Pune,8,1505.36
CUS004179,Pune,7,6067.31
CUS004180,Chennai,7,1448.49
CUS004181,Tumkur,7,1031.43
CUS004182,Tumkur,6,966.65
CUS004183,Delhi,6,802.6
CUS004184,Bangalore,13,3291.01
CUS004185,Tumkur,10,2594.24
CUS004186,Pune,5,705.94
CUS004187,Delhi,9,2125.42
CUS004188,Tumkur,7,967.76
CUS004189,Mumbai,7,1379.61
CUS004190,Delhi,15,1267.91
CUS004191,Hyderabad,2,1393.68
CUS004192,Hyderabad,8,1679.55
CUS004193,Bangalore,7,1104.56
CUS004194,Pune,8,1798.64
CUS004195,Mysore,7,1134.19
CUS004196,Tumkur,3,2429.38
CUS004197,Bangalore,8,2551.11
CUS004198,Chennai,5,1936.27
CUS004199,Hyderabad,10,2247.38
CUS004200,Delhi,9,974.15
CUS004201,Mysore,12,1444.61
CUS004202,Delhi,8,1082.19
CUS004203,Mumbai,9,1005.39
CUS004204,Hyderabad,8,1767.16
CUS004205,Mumbai,11,2063.84
CUS004206,Mumbai,10,4497.46
CUS004207,Hyderabad,7,3107.84
CUS004208,Mumbai,9,2194.23
CUS004209,Bangalore,9,2476.15
CUS004210,Pune,7,1549.13
CUS004211,Mysore,8,3818.18
CUS004212,Mumbai,3,1366.58
CUS004213,Chennai,10,861.73
CUS004214,Tumkur,10,1241.52
CUS004215,Hyderabad,5,2035.93
CUS004216,Mumbai,9,3005.64
CUS004217,Mumbai,12,2869.94
CUS004218,Delhi,6,2938.16
CUS004219,Delhi,7,1880.22
CUS004220,Mysore,7,1184.33
CUS004221,Pune,6,1411.4
CUS004222,Hyderabad,12,1577.99
CUS004223,Delhi,5,7848.65
CUS004224,Tumkur,9,3472.98
CUS004225,Tumkur,8,1865.2
CUS004226,Mumbai,8,2551.62
CUS004227,Pune,3,971.88
CUS004228,Pune,8,2803.46
CUS004229,Mysore,9,3648.47
CUS004230,Mysore,9,1379.81
CUS004231,Tumkur,12,3475.56
CUS004232,Mumbai,12,972.37
CUS004233,Chennai,7,2679.04
CUS004234,Mumbai,8,2534.35
CUS004235,Mumbai,5,1085.43
CUS004236,Hyderabad,10,1245.08
CUS004237,Hyderabad,9,1775.12
CUS004238,Pune,8,1506.38
CUS004239,Hyderabad,7,3070.82
CUS004240,Delhi,7,1943.39
CUS004241,Mumbai,9,2178.18
CUS004242,Delhi,8,2277.27
CUS004243,Pune,6,1623.24
CUS004244,Tumkur,9,1930.03
CUS004245,Tumkur,8,842.92
CUS004246,Bangalore,7,3711.6
CUS004247,Tumkur,3,761.16
CUS004248,Chennai,6,2511.65
CUS004249,Hyderabad,6,1463.32
CUS004250,Mysore,5,1731.21
CUS004251,Chennai,4,5896.24
CUS004252,Tumkur,11,940.54
CUS004253,Pune,9,1196.24
CUS004254,Mysore,9,1377.65
CUS004255,Mysore,3,2497.11
CUS004256,Mysore,6,680.58
CUS004257,Delhi,11,3376.67
CUS004258,Bangalore,9,1098.6
CUS004259,Bangalore,10,3057.36
CUS004260,Pune,10,1523.22
CUS004261,Mysore,7,1239.96
CUS004262,Mysore,7,3421.89
CUS004263,Hyderabad,2,1309.43
CUS004264,Tumkur,12,1531.25
CUS004265,Mysore,10,2636.51
CUS004266,Pune,8,1364.39
CUS004267,Hyderabad,14,1130.74
CUS004268,Chennai,4,1477.42
CUS004269,Chennai,5,1536.67
CUS004270,Hyderabad,12,795.93
CUS004271,Delhi,6,1651.49
CUS004272,Tumkur,3,1878.85
CUS004273,Tumkur,11,1480.09
CUS004274,Tumkur,8,1768.85
CUS004275,Bangalore,6,1214.84
CUS004276,Bangalore,6,1762.45
CUS004277,Mumbai,7,3955.0
CUS004278,Mumbai,6,2429.89
CUS004279,Delhi,5,2170.3
CUS004280,Delhi,8,1117.49
CUS004281,Hyderabad,7,1878.77
CUS004282,Delhi,7,1940.08
CUS004283,Tumkur,6,2879.67
CUS004284,Tumkur,11,480.87
CUS004285,Delhi,13,2197.9
CUS004286,Pune,5,5028.69
CUS004287,Hyderabad,7,1910.62
CUS004288,Mumbai,7,4778.8
CUS004289,Delhi,10,1016.1
CUS004290,Chennai,7,1014.21
CUS004291,Mysore,4,2648.98
CUS004292,Delhi,11,1599.62
CUS004293,Hyderabad,6,1161.31
CUS004294,Mumbai,7,1076.26
CUS004295,Pune,8,1370.63
CUS004296,Hyderabad,4,1871.3
CUS004297,Tumkur,10,1663.64
CUS004298,Hyderabad,12,3157.06
CUS004299,Bangalore,12,1785.67
CUS004300,Bangalore,9,1841.81
CUS004301,Tumkur,11,1113.92
CUS004302,Mumbai,9,1173.28
CUS004303,Hyderabad,12,2195.02
CUS004304,Delhi,7,3114.05
CUS004305,Bangalore,6,977.63
CUS004306,Delhi,7,7177.94
CUS004307,Delhi,1,1436.38
CUS004308,Hyderabad,8,4718.44
CUS004309,Bangalore,7,1059.35
CUS004310,Pune,10,2425.23
CUS004311,Hyderabad,10,1623.22
CUS004312,Chennai,8,2327.18
CUS004313,Bangalore,7,1427.89
CUS004314,Mumbai,12,850.47
CUS004315,Chennai,11,1408.91
CUS004316,Pune,5,1800.98
CUS004317,Pune,6,1965.03
CUS004318,Pune,7,2217.74
CUS004319,Chennai,5,3191.63
CUS004320,Tumkur,6,1797.34
CUS004321,Pune,9,1647.84
CUS004322,Pune,6,1731.54
CUS004323,Chennai,7,1999.28
CUS004324,Hyderabad,5,996.23
CUS004325,Mysore,11,3104.74
CUS004326,Pune,8,1205.29
CUS004327,Chennai,8,3312.17
CUS004328,Hyderabad,7,886.16
CUS004329,Hyderabad,8,2341.38
CUS004330,Hyderabad,8,4951.46
CUS004331,Pune,9,830.24
CUS004332,Chennai,3,2616.45
CUS004333,Mysore,6,1746.47
CUS004334,Tumkur,8,3058.06
CUS004335,Tumkur,11,496.68
CUS004336,Hyderabad,12,926.09
CUS004337,Mysore,6,2196.17
CUS004338,Delhi,5,2126.35
CUS004339,Delhi,7,1386.02
CUS004340,Hyderabad,6,1521.56
CUS004341,Delhi,9,2904.06
CUS004342,Chennai,6,1610.74
CUS004343,Mumbai,10,1716.78
CUS004344,Bangalore,7,2998.18
CUS004345,Tumkur,9,1215.36
CUS004346,Bangalore,8,1717.96
CUS004347,Bangalore,9,1494.34
CUS004348,Tumkur,8,2550.41
CUS004349,Mysore,9,3002.61
CUS004350,Hyderabad,5,2082.47
CUS004351,Hyderabad,10,1797.88
CUS004352,Tumkur,13,1291.92
CUS004353,Delhi,11,1006.12
CUS004354,Bangalore,7,1469.6
CUS004355,Chennai,10,4951.97
CUS004356,Mysore,7,1576.41
CUS004357,Tumkur,19,2229.08
CUS004358,Bangalore,4,1426.99
CUS004359,Delhi,11,719.44
CUS004360,Chennai,8,1849.3
CUS004361,Mumbai,7,743.92
CUS004362,Pune,7,2306.14
CUS004363,Hyderabad,8,1092.64
CUS004364,Delhi,5,2410.94
CUS004365,Mumbai,9,2649.85
CUS004366,Delhi,9,2468.87
CUS004367,Bangalore,11,1947.64
CUS004368,Mumbai,7,1924.11
CUS004369,Mysore,11,1204.78
CUS004370,Tumkur,4,1674.51
CUS004371,Bangalore,6,3045.21
CUS004372,Hyderabad,10,1340.0
CUS004373,Pune,10,2107.48
CUS004374,Mysore,5,4559.58
CUS004375,Delhi,11,664.9
CUS004376,Tumkur,8,1230.38
CUS004377,Chennai,6,1148.75
CUS004378,Hyderabad,6,3688.93
CUS004379,Pune,8,2142.67
CUS004380,Bangalore,12,4559.75
CUS004381,Mysore,10,1042.59
CUS004382,Chennai,6,1188.33
CUS004383,Pune,8,1500.26
CUS004384,Delhi,8,1600.29
CUS004385,Chennai,11,926.27
CUS004386,Bangalore,14,1141.47
CUS004387,Chennai,7,1446.92
CUS004388,Delhi,8,1362.18
CUS004389,Mysore,10,1911.16
CUS004390,Chennai,9,2322.96
CUS004391,Delhi,6,2091.29
CUS004392,Pune,7,2087.94
CUS004393,Hyderabad,7,2062.59
CUS004394,Mumbai,9,3718.49
CUS004395,Tumkur,9,1061.82
CUS004396,Bangalore,4,1695.71
CUS004397,Mysore,11,1465.7
CUS004398,Hyderabad,6,4588.05
CUS004399,Delhi,7,1691.53
CUS004400,Hyderabad,8,3836.28
CUS004401,Chennai,8,2366.58
CUS004402,Mumbai,14,1032.2
CUS004403,Bangalore,10,838.56
CUS004404,Chennai,10,2020.0
CUS004405,Mysore,10,1659.7
CUS004406,Chennai,8,2118.74
CUS004407,Pune,8,818.56
CUS004408,Mumbai,9,1662.4
CUS004409,Bangalore,9,1849.43
CUS004410,Tumkur,16,1238.31
CUS004411,Hyderabad,13,714.99
CUS004412,Mysore,10,1449.59
CUS004413,Pune,6,2620.62
CUS004414,Chennai,10,2831.82
CUS004415,Bangalore,8,3276.11
CUS004416,Bangalore,8,839.3
CUS004417,Delhi,7,2257.18
CUS004418,Tumkur,8,904.78
CUS004419,Mumbai,5,986.07
CUS004420,Mysore,7,1627.98
CUS004421,Chennai,9,2680.27
CUS004422,Tumkur,4,2032.24
CUS004423,Delhi,4,1665.84
CUS004424,Mysore,8,2836.66
CUS004425,Mumbai,5,1183.47
CUS004426,Bangalore,8,1140.86
CUS004427,Bangalore,9,3015.64
CUS004428,Mumbai,6,1633.61
CUS004429,Tumkur,9,1887.45
CUS004430,Mysore,10,2674.29
CUS004431,Tumkur,15,1238.36
CUS004432,Delhi,10,1421.88
CUS004433,Chennai,5,1345.8
CUS004434,Mumbai,4,1829.1
CUS004435,Mumbai,5,2358.32
CUS004436,Delhi,7,1020.4
CUS004437,Chennai,6,3066.6
CUS004438,Bangalore,8,628.93
CUS004439,Pune,5,1954.04
CUS004440,Mumbai,9,1415.59
CUS004441,Tumkur,15,922.38
CUS004442,Hyderabad,6,1223.47
CUS004443,Bangalore,10,2140.43
CUS004444,Delhi,10,2063.66
CUS004445,Delhi,7,7417.01
CUS004446,Hyderabad,11,2261.95
CUS004447,Delhi,12,1061.88
CUS004448,Chennai,12,761.92
CUS004449,Tumkur,10,1432.69
CUS004450,Mumbai,7,1491.25
CUS004451,Mumbai,10,1791.07
CUS004452,Delhi,6,2670.29
CUS004453,Hyderabad,5,2188.26
CUS004454,Tumkur,11,880.18
CUS004455,Mysore,3,3347.27
CUS004456,Tumkur,12,978.16
CUS004457,Delhi,8,2518.83
CUS004458,Hyderabad,6,1247.15
CUS004459,Hyderabad,12,1768.92
CUS004460,Mumbai,12,1157.82
CUS004461,Delhi,11,1688.45
CUS004462,Bangalore,6,1461.64
CUS004463,Pune,8,3450.94
CUS004464,Tumkur,10,2504.83
CUS004465,Bangalore,5,1638.56
CUS004466,Mumbai,8,1629.12
CUS004467,Chennai,2,1209.16
CUS004468,Mumbai,5,3375.79
CUS004469,Mysore,7,1714.08
CUS004470,Pune,11,2841.92
CUS004471,Chennai,7,3685.85
CUS004472,Delhi,5,3183.01
CUS004473,Tumkur,7,1264.56
CUS004474,Hyderabad,6,1737.72
CUS004475,Mumbai,7,2063.58
CUS004476,Pune,11,1545.51
CUS004477,Mumbai,7,1077.79
CUS004478,Mysore,14,2259.96
CUS004479,Mysore,7,1123.56
CUS004480,Mysore,6,1474.63
CUS004481,Bangalore,7,2576.32
CUS004482,Tumkur,2,703.69
CUS004483,Tumkur,12,2254.43
CUS004484,Bangalore,4,1153.35
CUS004485,Chennai,7,3886.67
CUS004486,Mysore,10,2401.81
CUS004487,Delhi,3,1705.38
CUS004488,Chennai,6,1693.96
CUS004489,Mysore,4,1786.13
CUS004490,Bangalore,12,1762.39
CUS004491,Pune,7,1573.47
CUS004492,Delhi,7,1395.54
CUS004493,Hyderabad,6,1420.27
CUS004494,Bangalore,6,2038.72
CUS004495,Mumbai,13,3899.61
CUS004496,Chennai,7,1703.09
CUS004497,Mysore,7,2333.24
CUS004498,Bangalore,14,721.11
CUS004499,Chennai,4,2689.94
CUS004500,Delhi,8,2387.05
CUS004501,Mysore,5,1290.12
CUS004502,Delhi,6,977.44
CUS004503,Bangalore,13,1938.92
CUS004504,Mumbai,6,1080.39
CUS004505,Pune,9,1414.21
CUS004506,Mumbai,7,931.92
CUS004507,Bangalore,10,2180.82
CUS004508,Hyderabad,7,3008.02
CUS004509,Bangalore,5,3670.46
CUS004510,Mysore,6,4436.09
CUS004511,Hyderabad,5,1052.1
CUS004512,Mysore,5,1173.49
CUS004513,Chennai,7,2175.83
CUS004514,Mysore,10,1098.51
CUS004515,Mysore,10,1789.66
CUS004516,Chennai,15,1166.64
CUS004517,Pune,12,1881.91
CUS004518,Chennai,9,2932.21
CUS004519,Chennai,8,1087.09
CUS004520,Chennai,8,1276.13
CUS004521,Tumkur,5,2879.17
CUS004522,Pune,5,1823.66
CUS004523,Mysore,5,2550.19
CUS004524,Mumbai,8,1468.23
CUS004525,Delhi,7,830.21
CUS004526,Pune,5,1405.25
CUS004527,Mysore,13,734.79
CUS004528,Tumkur,7,4819.75
CUS004529,Tumkur,11,820.65
CUS004530,Pune,4,1253.06
CUS004531,Mumbai,5,5508.16
CUS004532,Tumkur,10,936.4
CUS004533,Delhi,5,1082.48
CUS004534,Mumbai,6,2381.89
CUS004535,Mumbai,10,1183.98
CUS004536,Mumbai,7,1154.45
CUS004537,Mumbai,5,2040.22
CUS004538,Pune,8,1423.4
CUS004539,Pune,13,673.85
CUS004540,Mumbai,10,1699.6
CUS004541,Chennai,11,2139.19
CUS004542,Chennai,4,2171.42
CUS004543,Pune,6,3545.86
CUS004544,Hyderabad,6,1772.54
CUS004545,Mumbai,5,2495.79
CUS004546,Delhi,12,2847.73
CUS004547,Delhi,5,1266.72
CUS004548,Pune,8,1015.09
CUS004549,Bangalore,11,1325.69
CUS004550,Bangalore,3,1261.2
CUS004551,Hyderabad,4,2166.08
CUS004552,Bangalore,10,1787.38
CUS004553,Tumkur,10,1180.83
CUS004554,Hyderabad,5,1504.39
CUS004555,Bangalore,8,2065.45
CUS004556,Hyderabad,9,1695.45
CUS004557,Chennai,7,1247.37
CUS004558,Chennai,8,1205.0
CUS004559,Mumbai,8,2095.85
CUS004560,Bangalore,8,1283.24
CUS004561,Hyderabad,6,1791.43
CUS004562,Tumkur,12,1472.29
CUS004563,Mysore,9,1142.79
CUS004564,Bangalore,7,891.64
CUS004565,Delhi,9,2941.28
CUS004566,Mumbai,9,1121.68
CUS004567,Tumkur,9,2218.44
CUS004568,Tumkur,9,1728.31
CUS004569,Hyderabad,8,1568.4
CUS004570,Mumbai,12,2226.18
CUS004571,Chennai,11,1867.1
CUS004572,Chennai,7,733.19
CUS004573,Hyderabad,9,1505.35
CUS004574,Hyderabad,8,1554.07
CUS004575,Mysore,8,4224.42
CUS004576,Pune,4,1862.45
CUS004577,Chennai,11,1342.34
CUS004578,Mysore,11,1282.7
CUS004579,Mumbai,8,1661.49
CUS004580,Delhi,6,1909.07
CUS004581,Tumkur,7,1537.94
CUS004582,Delhi,7,1170.74
CUS004583,Mysore,12,936.53
CUS004584,Hyderabad,11,950.86
CUS004585,Bangalore,4,2887.17
CUS004586,Pune,10,1899.91
CUS004587,Mysore,8,3903.71
CUS004588,Bangalore,7,1882.97
CUS004589,Mumbai,3,1778.48
CUS004590,Mumbai,8,1428.97
CUS004591,Pune,7,1567.1
CUS004592,Pune,7,2725.4
CUS004593,Mysore,7,3932.74
CUS004594,Chennai,6,996.77
CUS004595,Bangalore,8,2759.27
CUS004596,Pune,8,3394.17
CUS004597,Bangalore,10,622.92
CUS004598,Hyderabad,7,2301.27
CUS004599,Bangalore,3,991.34
CUS004600,Mumbai,9,1375.17
CUS004601,Tumkur,9,1249.53
CUS004602,Mumbai,4,2560.58
CUS004603,Chennai,4,873.36
CUS004604,Tumkur,12,1298.93
CUS004605,Bangalore,9,1771.08
CUS004606,Pune,14,1669.06
CUS004607,Delhi,7,1158.61
CUS004608,Mysore,14,1696.51
CUS004609,Chennai,3,1025.32
CUS004610,Pune,16,1567.86
CUS004611,Hyderabad,6,1721.4
CUS004612,Pune,5,3545.96
CUS004613,Tumkur,7,2304.77
CUS004614,Tumkur,9,2762.55
CUS004615,Mumbai,5,1243.17
CUS004616,Mysore,5,2076.23
CUS004617,Delhi,10,842.92
CUS004618,Bangalore,9,978.53
CUS004619,Pune,6,901.4
CUS004620,Hyderabad,12,1051.44
CUS004621,Mysore,9,1709.81
CUS004622,Pune,8,2293.05
CUS004623,Pune,6,1784.01
CUS004624,Tumkur,6,3032.69
CUS004625,Tumkur,7,1278.3
CUS004626,Delhi,6,2019.51
CUS004627,Chennai,4,1411.68
CUS004628,Delhi,5,1583.05
CUS004629,Pune,7,1796.69
CUS004630,Chennai,15,1856.76
CUS004631,Chennai,8,4007.58
CUS004632,Chennai,7,1797.94
CUS004633,Mysore,9,2285.01
CUS004634,Hyderabad,10,2100.66
CUS004635,Pune,7,1583.95
CUS004636,Mumbai,7,896.12
CUS004637,Mysore,2,2764.82
CUS004638,Mysore,12,1987.17
CUS004639,Pune,9,1513.73
CUS004640,Pune,10,1696.97
CUS004641,Mumbai,7,1134.53
CUS004642,Mumbai,5,883.34
CUS004643,Chennai,4,3619.67
CUS004644,Mumbai,8,3673.36
CUS004645,Mumbai,7,1883.06
CUS004646,Bangalore,5,1288.32
CUS004647,Hyderabad,7,927.88
CUS004648,Tumkur,10,1805.37
CUS004649,Mumbai,15,1160.28
CUS004650,Delhi,12,1674.98
CUS004651,Tumkur,6,2053.72
CUS004652,Delhi,9,2917.41
CUS004653,Bangalore,11,2082.62
CUS004654,Chennai,11,3317.68
CUS004655,Chennai,15,368.73
CUS004656,Mumbai,7,3308.34
CUS004657,Tumkur,6,1050.27
CUS004658,Mysore,8,2059.68
CUS004659,Mysore,14,2161.66
CUS004660,Bangalore,8,1634.48
CUS004661,Chennai,7,1347.8
CUS004662,Tumkur,5,1071.85
CUS004663,Hyderabad,4,1679.28
CUS004664,Bangalore,8,2821.89
CUS004665,Mumbai,10,1418.88
CUS004666,Mysore,12,2947.0
CUS004667,Hyderabad,8,1683.91
CUS004668,Delhi,6,1218.78
CUS004669,Delhi,6,1545.62
CUS004670,Bangalore,6,1269.93
CUS004671,Mumbai,7,2380.65
CUS004672,Chennai,12,1769.12
CUS004673,Chennai,5,1633.16
CUS004674,Chennai,10,1326.0
CUS004675,Hyderabad,9,1371.57
CUS004676,Delhi,5,1196.53
CUS004677,Tumkur,10,1733.84
CUS004678,Bangalore,5,2829.87
CUS004679,Pune,10,1421.72
CUS004680,Bangalore,12,1094.48
CUS004681,Hyderabad,10,2596.4
CUS004682,Tumkur,7,1087.75
CUS004683,Bangalore,7,2994.08
CUS004684,Hyderabad,7,2588.57
CUS004685,Chennai,8,1080.86
CUS004686,Hyderabad,13,1456.49
CUS004687,Bangalore,6,1617.98
CUS004688,Delhi,6,1927.42
CUS004689,Bangalore,6,1180.27
CUS004690,Mysore,3,664.03
CUS004691,Pune,7,1479.21
CUS004692,Hyderabad,5,1927.45
CUS004693,Mumbai,4,1535.59
CUS004694,Mysore,4,1424.43
CUS004695,Bangalore,9,1323.37
CUS004696,Hyderabad,9,1533.64
CUS004697,Pune,7,1723.42
CUS004698,Chennai,10,3654.93
CUS004699,Pune,10,2389.7
CUS004700,Mysore,7,774.33
CUS004701,Mumbai,8,3798.56
CUS004702,Delhi,2,1034.21
CUS004703,Mysore,6,4235.44
CUS004704,Tumkur,5,1359.5
CUS004705,Chennai,11,1149.47
CUS004706,Delhi,6,4837.78
CUS004707,Bangalore,6,673.25
CUS004708,Bangalore,7,2162.39
CUS004709,Chennai,6,777.57
CUS004710,Hyderabad,7,1237.53
CUS004711,Mumbai,8,2606.98
CUS004712,Delhi,8,1517.35
CUS004713,Pune,8,3118.9
CUS004714,Tumkur,4,1357.82
CUS004715,Bangalore,5,1316.3
CUS004716,Mumbai,3,2481.83
CUS004717,Mumbai,7,2304.13
CUS004718,Mumbai,6,1998.68
CUS004719,Hyderabad,10,1011.16
CUS004720,Chennai,13,1546.34
CUS004721,Hyderabad,5,1638.81
CUS004722,Bangalore,5,1390.72
CUS004723,Hyderabad,14,4558.14
CUS004724,Pune,8,1357.84
CUS004725,Bangalore,8,1230.47
CUS004726,Hyderabad,8,1720.73
CUS004727,Chennai,11,1239.65
CUS004728,Tumkur,7,1454.73
CUS004729,Mumbai,8,1652.48
CUS004730,Pune,11,2580.84
CUS004731,Tumkur,7,1091.98
CUS004732,Mysore,6,1523.25
CUS004733,Pune,10,1320.94
CUS004734,Chennai,5,3930.14
CUS004735,Pune,4,4094.77
CUS004736,Chennai,8,2662.89
CUS004737,Tumkur,5,608.48
CUS004738,Pune,8,1745.15
CUS004739,Hyderabad,7,4006.44
CUS004740,Mumbai,10,3062.35
CUS004741,Delhi,12,1956.39
CUS004742,Tumkur,12,1389.91
CUS004743,Chennai,5,1668.92
CUS004744,Tumkur,10,989.11
CUS004745,Chennai,9,996.57
CUS004746,Tumkur,5,2250.66
CUS004747,Hyderabad,13,1855.3
CUS004748,Tumkur,11,1065.92
CUS004749,Pune,9,1056.16
CUS004750,Tumkur,8,3284.7
CUS004751,Tumkur,10,1974.01
CUS004752,Mumbai,11,1775.6
CUS004753,Mysore,9,3222.62
CUS004754,Mysore,6,1957.69
CUS004755,Tumkur,3,1222.65
CUS004756,Mumbai,13,1896.45
CUS004757,Tumkur,7,1152.92
CUS004758,Bangalore,9,1922.41
CUS004759,Mumbai,11,923.49
CUS004760,Pune,7,1701.86
CUS004761,Pune,8,1961.89
CUS004762,Hyderabad,5,883.86
CUS004763,Delhi,8,1954.34
CUS004764,Hyderabad,8,1554.18
CUS004765,Tumkur,5,1843.5
CUS004766,Chennai,8,1645.92
CUS004767,Mysore,0,2141.15
CUS004768,Tumkur,6,2023.97
CUS004769,Tumkur,10,1140.92
CUS004770,Bangalore,4,1225.79
CUS004771,Hyderabad,6,1855.56
CUS004772,Chennai,10,3894.12
CUS004773,Chennai,3,1798.08
CUS004774,Chennai,9,747.26
CUS004775,Bangalore,8,1329.58
CUS004776,Mumbai,9,1109.84
CUS004777,Mysore,8,2855.52
CUS004778,Delhi,12,2150.68
CUS004779,Tumkur,10,1390.33
CUS004780,Delhi,9,1244.92
CUS004781,Mumbai,4,4460.5
CUS004782,Tumkur,6,1507.28
CUS004783,Pune,9,3076.66
CUS004784,Delhi,7,1957.38
CUS004785,Delhi,5,2858.95
CUS004786,Tumkur,9,2726.91
CUS004787,Tumkur,9,2563.04
CUS004788,Chennai,14,2357.28
CUS004789,Chennai,5,1758.79
CUS004790,Bangalore,3,995.46
CUS004791,Pune,9,3790.45
CUS004792,Bangalore,15,1710.66
CUS004793,Hyderabad,5,1278.76
CUS004794,Pune,9,2331.81
CUS004795,Chennai,4,3240.0
CUS004796,Chennai,8,5146.84
CUS004797,Chennai,8,2633.46
CUS004798,Mysore,2,2630.47
CUS004799,Tumkur,8,1916.52
CUS004800,Delhi,10,2598.8
CUS004801,Delhi,6,1632.49
CUS004802,Mumbai,11,3062.98
CUS004803,Delhi,11,1794.22
CUS004804,Chennai,11,1042.66
CUS004805,Pune,5,711.93
CUS004806,Pune,8,1187.54
CUS004807,Bangalore,8,2422.09
CUS004808,Pune,8,3024.72
CUS004809,Mumbai,14,2420.49
CUS004810,Pune,7,1086.36
CUS004811,Bangalore,9,1548.24
CUS004812,Mysore,4,1896.93
CUS004813,Delhi,5,3830.68
CUS004814,Delhi,6,3970.1
CUS004815,Bangalore,10,658.0
CUS004816,Chennai,10,2190.89
CUS004817,Pune,7,1390.84
CUS004818,Bangalore,7,1224.37
CUS004819,Pune,6,2138.1
CUS004820,Bangalore,9,3679.42
CUS004821,Chennai,10,3313.62
CUS004822,Hyderabad,10,4965.41
CUS004823,Delhi,7,1742.15
CUS004824,Pune,5,2046.43
CUS004825,Hyderabad,9,1898.32
CUS004826,Hyderabad,14,2010.1
CUS004827,Delhi,9,2096.58
CUS004828,Tumkur,9,1691.53
CUS004829,Pune,5,1418.22
CUS004830,Hyderabad,8,2206.4
CUS004831,Bangalore,5,2837.73
CUS004832,Tumkur,6,1236.9
CUS004833,Delhi,12,2190.56
CUS004834,Delhi,5,1907.84
CUS004835,Mysore,8,1408.81
CUS004836,Mysore,8,2823.64
CUS004837,Tumkur,5,2310.97
CUS004838,Tumkur,7,5480.65
CUS004839,Pune,6,1690.08
CUS004840,Pune,7,2487.76
CUS004841,Mumbai,8,2391.26
CUS004842,Delhi,9,2188.69
CUS004843,Bangalore,4,3042.23
CUS004844,Tumkur,8,1714.9
CUS004845,Delhi,8,2172.51
CUS004846,Chennai,2,1990.68
CUS004847,Delhi,11,1287.49
CUS004848,Mysore,4,1926.93
CUS004849,Hyderabad,8,2270.71
CUS004850,Mumbai,9,2802.54
CUS004851,Tumkur,2,3177.95
CUS004852,Mysore,5,1258.81
CUS004853,Mysore,7,3756.38
CUS004854,Mysore,11,3096.13
CUS004855,Delhi,10,4230.88
CUS004856,Mumbai,10,1219.41
CUS004857,Mysore,8,2547.21
CUS004858,Pune,8,2376.12
CUS004859,Tumkur,6,1105.32
CUS004860,Pune,11,3134.63
CUS004861,Pune,9,2078.28
CUS004862,Bangalore,8,1283.09
CUS004863,Tumkur,8,5537.84
CUS004864,Mumbai,7,3605.78
CUS004865,Tumkur,7,1160.45
CUS004866,Tumkur,8,1005.24
CUS004867,Tumkur,9,1973.86
CUS004868,Tumkur,10,678.48
CUS004869,Bangalore,3,609.7
CUS004870,Pune,8,1772.61
CUS004871,Hyderabad,8,819.31
CUS004872,Hyderabad,8,1515.3
CUS004873,Delhi,4,3348.57
CUS004874,Hyderabad,9,1919.09
CUS004875,Tumkur,8,2048.35
CUS004876,Mysore,9,3044.65
CUS004877,Tumkur,11,901.78
CUS004878,Chennai,10,3728.92
CUS004879,Bangalore,8,3166.31
CUS004880,Hyderabad,8,923.2
CUS004881,Bangalore,8,1378.85
CUS004882,Delhi,10,3513.02
CUS004883,Delhi,9,2134.94
CUS004884,Delhi,9,967.87
CUS004885,Bangalore,12,1780.6
CUS004886,Delhi,7,1948.81
CUS004887,Chennai,7,2512.88
CUS004888,Chennai,8,1044.55
CUS004889,Delhi,5,1400.34
CUS004890,Delhi,11,1434.44
CUS004891,Pune,4,1602.54
CUS004892,Delhi,6,1664.42
CUS004893,Mysore,10,2624.12
CUS004894,Bangalore,7,976.93
CUS004895,Chennai,10,1748.52
CUS004896,Hyderabad,2,1646.64
CUS004897,Chennai,4,1084.84
CUS004898,Bangalore,8,2784.67
CUS004899,Tumkur,9,1232.88
CUS004900,Tumkur,7,2282.77
CUS004901,Bangalore,12,2324.73
CUS004902,Mumbai,7,835.17
CUS004903,Bangalore,8,1770.8
CUS004904,Tumkur,13,2884.92
CUS004905,Bangalore,13,1723.06
CUS004906,Hyderabad,8,1744.04
CUS004907,Mumbai,5,2014.7
CUS004908,Mysore,6,1623.63
CUS004909,Bangalore,9,976.38
CUS004910,Mysore,4,2114.5
CUS004911,Pune,6,1231.5
CUS004912,Tumkur,5,3208.96
CUS004913,Tumkur,11,1759.37
CUS004914,Hyderabad,5,1853.64
CUS004915,Tumkur,3,2623.08
CUS004916,Delhi,6,1970.88
CUS004917,Mumbai,10,1703.32
CUS004918,Bangalore,4,5997.87
CUS004919,Mysore,9,670.35
CUS004920,Hyderabad,7,3890.6
CUS004921,Mumbai,7,1502.5
CUS004922,Mumbai,6,1068.44
CUS004923,Pune,6,1456.13
CUS004924,Mysore,10,3386.0
CUS004925,Pune,6,1634.46
CUS004926,Mysore,6,1086.5
CUS004927,Hyderabad,7,1812.42
CUS004928,Delhi,10,1813.41
CUS004929,Tumkur,15,805.34
CUS004930,Mysore,5,1362.65
CUS004931,Hyderabad,14,3577.54
CUS004932,Mumbai,8,2403.7
CUS004933,Pune,5,2077.13
CUS004934,Chennai,6,2434.97
CUS004935,Chennai,9,2869.86
CUS004936,Bangalore,10,3509.6
CUS004937,Mysore,7,3322.9
CUS004938,Mysore,8,2205.04
CUS004939,Delhi,7,1440.83
CUS004940,Hyderabad,8,2355.92
CUS004941,Pune,13,1420.64
CUS004942,Mumbai,9,3294.09
CUS004943,Hyderabad,8,2035.82
CUS004944,Mumbai,11,897.34
CUS004945,Tumkur,7,4852.39
CUS004946,Delhi,11,2713.73
CUS004947,Delhi,8,4136.27
CUS004948,Delhi,3,1620.52
CUS004949,Tumkur,17,3143.21
CUS004950,Chennai,7,2358.58
CUS004951,Hyderabad,13,1247.03
CUS004952,Chennai,7,2969.88
CUS004953,Bangalore,7,1496.22
CUS004954,Mysore,2,1153.56
CUS004955,Bangalore,9,3705.38
CUS004956,Delhi,8,3413.34
CUS004957,Mysore,11,1482.98
CUS004958,Chennai,9,1791.89
CUS004959,Pune,8,3752.95
CUS004960,Pune,9,3889.41
CUS004961,Bangalore,5,2577.56
CUS004962,Mumbai,4,1129.88
CUS004963,Mumbai,3,4087.82
CUS004964,Chennai,9,1564.99
CUS004965,Bangalore,11,728.56
CUS004966,Chennai,13,3042.07
CUS004967,Hyderabad,9,4610.83
CUS004968,Hyderabad,8,1525.19
CUS004969,Mysore,4,1744.34
CUS004970,Hyderabad,10,2276.13
CUS004971,Hyderabad,6,3065.41
CUS004972,Mumbai,9,1312.85
CUS004973,Bangalore,8,1999.92
CUS004974,Mysore,6,1783.76
CUS004975,Mumbai,10,1521.49
CUS004976,Mumbai,11,3593.42
CUS004977,Pune,8,845.49
CUS004978,Bangalore,8,2788.7
CUS004979,Tumkur,11,1543.99
CUS004980,Chennai,5,2291.42
CUS004981,Mumbai,7,2534.49
CUS004982,Mumbai,11,2104.51
CUS004983,Delhi,11,1468.11
CUS004984,Delhi,5,757.99
CUS004985,Bangalore,11,1265.37
CUS004986,Tumkur,10,1873.89
CUS004987,Delhi,10,2932.53
CUS004988,Tumkur,14,3629.51
CUS004989,Delhi,6,1522.56
CUS004990,Mumbai,10,2984.77
CUS004991,Delhi,8,4860.08
CUS004992,Pune,7,1217.43
CUS004993,Bangalore,10,2481.32
CUS004994,Hyderabad,4,1007.67
CUS004995,Mumbai,9,1219.72
CUS004996,Bangalore,4,1909.39
CUS004997,Chennai,11,1719.02
CUS004998,Mumbai,7,1570.54
CUS004999,Mumbai,14,2178.09
CUS005000,Mysore,7,3907.16
CUS005001,Tumkur,9,2345.04
CUS005002,Hyderabad,6,2415.28
CUS005003,Bangalore,5,1499.13
CUS005004,Mumbai,2,4407.89
CUS005005,Pune,8,2646.24
CUS005006,Tumkur,6,1158.41
CUS005007,Pune,6,1264.43
CUS005008,Tumkur,11,1996.63
CUS005009,Mysore,5,1968.2
CUS005010,Hyderabad,9,1658.27
CUS005011,Mumbai,6,3233.04
CUS005012,Bangalore,9,1920.71
CUS005013,Hyderabad,15,1849.9
CUS005014,Pune,13,1392.76
CUS005015,Mysore,6,1341.19
CUS005016,Delhi,13,2117.82
CUS005017,Chennai,11,1543.39
CUS005018,Mumbai,4,2733.17
CUS005019,Delhi,13,863.36
CUS005020,Hyderabad,8,3092.07
CUS005021,Chennai,7,2179.87
CUS005022,Hyderabad,9,2120.24
CUS005023,Tumkur,8,1760.96
CUS005024,Mysore,5,2182.84
CUS005025,Mumbai,4,926.23
CUS005026,Bangalore,6,1992.06
CUS005027,Chennai,10,1078.8
CUS005028,Mysore,9,996.75
CUS005029,Delhi,10,2745.8
CUS005030,Bangalore,8,2289.7
CUS005031,Delhi,7,1192.18
CUS005032,Tumkur,8,1573.89
CUS005033,Chennai,6,7243.15
CUS005034,Mumbai,6,629.61
CUS005035,Delhi,6,2237.58
CUS005036,Hyderabad,11,1606.74
CUS005037,Mumbai,6,1548.36
CUS005038,Tumkur,13,733.81
CUS005039,Mysore,9,3132.86
CUS005040,Tumkur,12,1648.24
CUS005041,Chennai,8,4099.74
CUS005042,Bangalore,4,1569.75
CUS005043,Delhi,6,2286.83
CUS005044,Pune,1,1432.97
CUS005045,Mysore,5,1930.35
CUS005046,Bangalore,9,1996.2
CUS005047,Hyderabad,14,1738.07
CUS005048,Bangalore,3,1294.99
CUS005049,Mysore,5,3091.22
CUS005050,Mumbai,8,2462.06
CUS005051,Delhi,4,2840.95
CUS005052,Bangalore,7,1402.82
CUS005053,Mysore,9,1619.7
CUS005054,Hyderabad,13,1169.06
CUS005055,Bangalore,12,1207.39
CUS005056,Hyderabad,4,1060.97
CUS005057,Chennai,5,2209.66
CUS005058,Mumbai,5,889.56
CUS005059,Chennai,9,1028.19
CUS005060,Chennai,6,1600.03
CUS005061,Hyderabad,9,3322.48
CUS005062,Hyderabad,6,1435.05
CUS005063,Mumbai,8,1667.51
CUS005064,Delhi,14,3494.2
CUS005065,Mysore,10,4497.5
CUS005066,Hyderabad,10,2064.16
CUS005067,Tumkur,5,1429.59
CUS005068,Tumkur,6,943.19
CUS005069,Hyderabad,8,2915.91
CUS005070,Mysore,10,557.46
CUS005071,Bangalore,10,1605.18
CUS005072,Mysore,3,1668.98
CUS005073,Chennai,6,1880.67
CUS005074,Mumbai,12,2925.2
CUS005075,Mumbai,6,2512.87
CUS005076,Hyderabad,7,3709.69
CUS005077,Tumkur,14,472.08
CUS005078,Hyderabad,17,2754.74
CUS005079,Chennai,7,2180.19
CUS005080,Tumkur,8,2269.83
CUS005081,Mysore,6,1367.7
CUS005082,Hyderabad,11,2183.46
CUS005083,Mumbai,6,1201.3
CUS005084,Delhi,3,898.78
CUS005085,Bangalore,3,2122.54
CUS005086,Tumkur,2,3302.69
CUS005087,Bangalore,6,1044.9
CUS005088,Delhi,6,1289.48
CUS005089,Bangalore,9,2377.24
CUS005090,Mysore,6,1234.49
CUS005091,Pune,14,824.88
CUS005092,Bangalore,6,1833.72
CUS005093,Mysore,14,1100.6
CUS005094,Pune,6,5791.71
CUS005095,Pune,6,2198.51
CUS005096,Tumkur,4,1628.8
CUS005097,Delhi,9,578.49
CUS005098,Mumbai,15,1142.28
CUS005099,Hyderabad,8,2517.62
CUS005100,Mumbai,5,3600.83
CUS005101,Chennai,8,933.05
CUS005102,Mysore,9,1069.81
CUS005103,Delhi,8,2329.3
CUS005104,Tumkur,10,2051.67
CUS005105,Mysore,8,4271.57
CUS005106,Delhi,14,2506.75
CUS005107,Mysore,8,1337.17
CUS005108,Delhi,8,1959.38
CUS005109,Hyderabad,6,2238.27
CUS005110,Delhi,12,1615.96
CUS005111,Delhi,9,1329.24
CUS005112,Chennai,6,2215.36
CUS005113,Chennai,8,2409.32
CUS005114,Tumkur,11,914.23
CUS005115,Hyderabad,8,1019.7
CUS005116,Mumbai,8,2259.56
CUS005117,Pune,7,1256.4
CUS005118,Tumkur,11,1656.85
CUS005119,Mumbai,9,654.82
CUS005120,Mumbai,5,2144.2
CUS005121,Delhi,6,3408.96
CUS005122,Delhi,6,2346.77
CUS005123,Bangalore,11,1183.5
CUS005124,Mysore,11,2099.03
CUS005125,Delhi,3,2054.39
CUS005126,Mysore,4,1873.35
CUS005127,Mumbai,8,1890.25
CUS005128,Delhi,11,1161.18
CUS005129,Delhi,11,1514.98
CUS005130,Tumkur,5,1538.43
CUS005131,Hyderabad,11,4425.83
CUS005132,Mumbai,12,2101.71
CUS005133,Tumkur,4,1272.83
CUS005134,Mysore,6,5163.81
CUS005135,Pune,6,1456.64
CUS005136,Mysore,11,377.37
CUS005137,Mumbai,8,1653.7
CUS005138,Mysore,11,2300.32
CUS005139,Hyderabad,8,1846.92
CUS005140,Delhi,10,1491.41
CUS005141,Pune,12,3141.99
CUS005142,Pune,9,2726.95
CUS005143,Chennai,10,1480.15
CUS005144,Chennai,11,1650.49
CUS005145,Tumkur,6,4162.85
CUS005146,Delhi,7,1508.6
CUS005147,Pune,4,2676.33
CUS005148,Mysore,11,1125.48
CUS005149,Mumbai,9,3289.91
CUS005150,Chennai,10,2523.54
CUS005151,Pune,9,1623.03
CUS005152,Pune,7,1223.6
CUS005153,Mumbai,4,5207.67
CUS005154,Chennai,10,2271.07
CUS005155,Tumkur,7,1522.31
CUS005156,Mysore,7,1861.67
CUS005157,Delhi,9,2260.82
CUS005158,Mysore,6,1836.49
CUS005159,Delhi,8,1300.51
CUS005160,Mumbai,11,1316.68
CUS005161,Mysore,4,1610.01
CUS005162,Delhi,6,1238.45
CUS005163,Tumkur,9,2365.11
CUS005164,Hyderabad,8,1565.38
CUS005165,Pune,7,1803.09
CUS005166,Mysore,6,956.62
CUS005167,Mysore,4,4680.23
CUS005168,Pune,2,2997.56
CUS005169,Mumbai,10,1997.94
CUS005170,Delhi,2,2545.1
CUS005171,Bangalore,6,807.33
CUS005172,Mysore,13,3925.25
CUS005173,Chennai,10,2973.2
CUS005174,Tumkur,8,2810.52
CUS005175,Bangalore,6,6749.2
CUS005176,Tumkur,7,1991.97
CUS005177,Tumkur,9,2085.17
CUS005178,Delhi,8,3030.71
CUS005179,Hyderabad,6,3301.73
CUS005180,Pune,12,2644.74
CUS005181,Delhi,12,2552.53
CUS005182,Chennai,6,1691.11
CUS005183,Chennai,8,1842.54
CUS005184,Mumbai,7,1585.64
CUS005185,Hyderabad,16,1132.9
CUS005186,Hyderabad,8,1816.88
CUS005187,Pune,10,2471.04
CUS005188,Mumbai,7,2623.85
CUS005189,Mysore,9,1802.48
CUS005190,Bangalore,8,808.57
CUS005191,Pune,8,1150.11
CUS005192,Tumkur,4,1942.91
CUS005193,Hyderabad,7,855.45
CUS005194,Bangalore,7,585.12
CUS005195,Mumbai,7,1496.33
CUS005196,Bangalore,10,4142.27
CUS005197,Bangalore,9,2463.38
CUS005198,Mumbai,11,3203.72
CUS005199,Mysore,8,2618.44
CUS005200,Hyderabad,5,3662.72
CUS005201,Bangalore,11,1051.24
CUS005202,Chennai,11,1791.29
CUS005203,Pune,4,1229.59
CUS005204,Pune,5,3977.44
CUS005205,Mumbai,7,1765.42
CUS005206,Pune,7,3716.33
CUS005207,Pune,9,1493.01
CUS005208,Pune,10,3370.22
CUS005209,Pune,9,1076.07
CUS005210,Chennai,9,3993.95
CUS005211,Tumkur,10,1934.36
CUS005212,Delhi,8,1144.93
CUS005213,Tumkur,6,3166.21
CUS005214,Chennai,13,900.48
CUS005215,Pune,6,1187.31
CUS005216,Mumbai,11,2468.69
CUS005217,Pune,12,2100.09
CUS005218,Tumkur,3,2984.27
CUS005219,Hyderabad,9,2956.85
CUS005220,Tumkur,6,1308.26
CUS005221,Tumkur,8,2393.01
CUS005222,Bangalore,3,3970.86
CUS005223,Mysore,6,3453.34
CUS005224,Bangalore,5,2249.74
CUS005225,Tumkur,7,2422.05
CUS005226,Delhi,5,3457.29
CUS005227,Pune,3,1540.53
CUS005228,Tumkur,4,1619.22
CUS005229,Mysore,10,1363.86
CUS005230,Tumkur,3,3306.03
CUS005231,Pune,5,1963.74
CUS005232,Delhi,6,1614.04
CUS005233,Pune,12,1179.41
CUS005234,Tumkur,8,994.36
CUS005235,Delhi,9,1248.58
CUS005236,Pune,7,1899.28
CUS005237,Delhi,4,2706.43
CUS005238,Pune,9,1782.82
CUS005239,Mumbai,6,900.21
CUS005240,Chennai,7,2018.79
CUS005241,Tumkur,9,2321.92
CUS005242,Pune,6,1117.72
CUS005243,Bangalore,9,2737.59
CUS005244,Delhi,8,1931.13
CUS005245,Chennai,6,2207.42
CUS005246,Hyderabad,6,4397.21
CUS005247,Pune,12,2918.86
CUS005248,Mumbai,8,1082.43
CUS005249,Bangalore,10,1609.69
CUS005250,Bangalore,9,1166.47
CUS005251,Delhi,8,1544.14
CUS005252,Mumbai,6,5222.73
CUS005253,Mysore,4,3719.75
CUS005254,Delhi,7,1038.6
CUS005255,Mysore,13,1691.11
CUS005256,Tumkur,9,2982.6
CUS005257,Hyderabad,7,2728.64
CUS005258,Delhi,5,1470.19
CUS005259,Mysore,9,2369.97
CUS005260,Mysore,8,2414.81
CUS005261,Chennai,9,5110.53
CUS005262,Delhi,3,813.46
CUS005263,Mysore,10,1504.83
CUS005264,Hyderabad,7,1159.16
CUS005265,Bangalore,7,1721.89
CUS005266,Mumbai,7,1461.2
CUS005267,Bangalore,13,2333.67
CUS005268,Delhi,6,1736.59
CUS005269,Delhi,1,496.43
CUS005270,Delhi,7,4339.39
CUS005271,Mumbai,8,3284.99
CUS005272,Pune,9,1073.7
CUS005273,Mumbai,11,1678.55
CUS005274,Hyderabad,13,2045.91
CUS005275,Hyderabad,4,3780.23
CUS005276,Tumkur,11,3169.64
CUS005277,Bangalore,16,3345.95
CUS005278,Hyderabad,8,1456.84
CUS005279,Hyderabad,13,3528.37
CUS005280,Bangalore,7,3505.39
CUS005281,Delhi,10,5117.61
CUS005282,Tumkur,10,1570.6
CUS005283,Bangalore,10,1415.23
CUS005284,Hyderabad,3,997.47
CUS005285,Bangalore,5,365.24
CUS005286,Hyderabad,5,1691.57
CUS005287,Delhi,5,916.51
CUS005288,Mysore,7,623.47
CUS005289,Tumkur,13,3877.96
CUS005290,Mysore,6,1314.65
CUS005291,Hyderabad,16,1288.17
CUS005292,Hyderabad,8,780.48
CUS005293,Tumkur,6,1631.85
CUS005294,Hyderabad,7,3276.4
CUS005295,Hyderabad,4,3337.36
CUS005296,Hyderabad,9,1476.81
CUS005297,Bangalore,3,1189.65
CUS005298,Mysore,7,978.42
CUS005299,Tumkur,7,692.62
CUS005300,Tumkur,5,1116.6
CUS005301,Delhi,6,2444.11
CUS005302,Mumbai,7,1778.97
CUS005303,Tumkur,9,2051.12
CUS005304,Hyderabad,5,3288.45
CUS005305,Chennai,13,2429.69
CUS005306,Delhi,12,2167.67
CUS005307,Tumkur,8,2226.42
CUS005308,Bangalore,8,2461.83
CUS005309,Mumbai,6,664.99
CUS005310,Mysore,14,406.97
CUS005311,Tumkur,10,2249.38
CUS005312,Tumkur,9,1826.23
CUS005313,Delhi,8,3042.85
CUS005314,Pune,7,1291.4
CUS005315,Pune,11,2274.53
CUS005316,Chennai,9,2564.51
CUS005317,Delhi,5,2380.31
CUS005318,Tumkur,3,1532.8
CUS005319,Chennai,10,2245.97
CUS005320,Mumbai,4,2753.55
CUS005321,Bangalore,4,2338.19
CUS005322,Hyderabad,12,2901.16
CUS005323,Mysore,6,1650.19
CUS005324,Bangalore,6,1504.37
CUS005325,Tumkur,7,1897.1
CUS005326,Delhi,7,807.74
CUS005327,Pune,9,1706.3
CUS005328,Delhi,10,2603.67
CUS005329,Hyderabad,9,2279.04
CUS005330,Delhi,4,1637.26
CUS005331,Chennai,6,1398.05
CUS005332,Pune,10,2061.77
CUS005333,Pune,8,865.89
CUS005334,Delhi,10,833.43
CUS005335,Hyderabad,12,1454.21
CUS005336,Tumkur,6,625.64
CUS005337,Pune,5,1820.23
CUS005338,Bangalore,6,2504.64
CUS005339,Hyderabad,10,1537.34
CUS005340,Delhi,8,3680.16
CUS005341,Pune,3,1259.72
CUS005342,Mumbai,8,983.0
CUS005343,Bangalore,8,955.08
CUS005344,Mysore,8,2164.53
CUS005345,Mumbai,11,1879.04
CUS005346,Pune,6,1586.21
CUS005347,Hyderabad,10,8696.48
CUS005348,Mumbai,8,1277.8
CUS005349,Hyderabad,9,926.62
CUS005350,Hyderabad,8,1797.48
CUS005351,Mysore,9,866.38
CUS005352,Hyderabad,6,1732.64
CUS005353,Pune,4,1604.22
CUS005354,Delhi,5,1445.67
CUS005355,Chennai,15,638.92
CUS005356,Chennai,7,851.71
CUS005357,Mumbai,6,2907.65
CUS005358,Tumkur,8,3104.9
CUS005359,Mumbai,10,842.96
CUS005360,Bangalore,13,1229.72
CUS005361,Bangalore,13,1688.04
CUS005362,Mysore,9,639.95
CUS005363,Bangalore,5,4872.77
CUS005364,Pune,6,1830.36
CUS005365,Mysore,11,2402.6
CUS005366,Mysore,15,1511.13
CUS005367,Delhi,7,862.49
CUS005368,Mumbai,9,2245.63
CUS005369,Chennai,11,649.24
CUS005370,Hyderabad,7,822.01
CUS005371,Hyderabad,12,2353.92
CUS005372,Chennai,6,1674.17
CUS005373,Bangalore,15,2481.3
CUS005374,Bangalore,10,2316.52
CUS005375,Mysore,8,1493.56
CUS005376,Bangalore,4,1031.76
CUS005377,Chennai,6,1123.07
CUS005378,Mysore,11,3738.34
CUS005379,Mysore,11,1776.19
CUS005380,Mysore,14,1272.31
CUS005381,Tumkur,11,4435.37
CUS005382,Pune,6,1147.56
CUS005383,Tumkur,6,1308.89
CUS005384,Mysore,8,3428.54
CUS005385,Tumkur,8,1971.05
CUS005386,Hyderabad,11,1107.7
CUS005387,Hyderabad,4,1479.15
CUS005388,Delhi,14,4477.82
CUS005389,Mysore,9,4428.88
CUS005390,Delhi,7,2336.63
CUS005391,Hyderabad,6,2104.57
CUS005392,Pune,10,2639.58
CUS005393,Mumbai,8,1944.74
CUS005394,Hyderabad,6,3106.04
CUS005395,Tumkur,8,745.71
CUS005396,Mysore,6,1255.54
CUS005397,Hyderabad,9,1680.14
CUS005398,Bangalore,7,858.21
CUS005399,Pune,10,2792.66
CUS005400,Pune,11,1349.32
CUS005401,Mumbai,8,1616.07
CUS005402,Bangalore,7,737.02
CUS005403,Hyderabad,8,1920.86
CUS005404,Hyderabad,10,6303.17
CUS005405,Tumkur,11,907.6
CUS005406,Delhi,12,748.85
CUS005407,Mysore,6,2296.75
CUS005408,Delhi,6,958.69
CUS005409,Chennai,8,2616.3
CUS005410,Pune,7,1459.96
CUS005411,Tumkur,8,1300.27
CUS005412,Delhi,8,1686.58
CUS005413,Mysore,12,1412.93
CUS005414,Tumkur,5,1854.53
CUS005415,Pune,6,1392.15
CUS005416,Chennai,8,857.39
CUS005417,Mysore,11,980.09
CUS005418,Delhi,15,1051.13
CUS005419,Hyderabad,3,1661.06
CUS005420,Mysore,4,750.0
CUS005421,Bangalore,12,1693.92
CUS005422,Mysore,7,970.11
CUS005423,Mysore,3,1687.01
CUS005424,Hyderabad,10,3429.87
CUS005425,Delhi,7,1236.32
CUS005426,Bangalore,8,2058.06
CUS005427,Delhi,7,2234.43
CUS005428,Tumkur,5,1921.09
CUS005429,Bangalore,8,1997.91
CUS005430,Bangalore,8,3287.79
CUS005431,Pune,4,1894.44
CUS005432,Hyderabad,9,920.97
CUS005433,Tumkur,12,760.91
CUS005434,Mumbai,4,1085.63
CUS005435,Pune,11,1560.53
CUS005436,Bangalore,9,1995.5
CUS005437,Delhi,5,2230.92
CUS005438,Delhi,9,2703.04
CUS005439,Pune,8,4103.54
CUS005440,Pune,8,1350.47
CUS005441,Mysore,6,1346.71
CUS005442,Chennai,7,1321.27
CUS005443,Bangalore,5,1197.16
CUS005444,Pune,8,1053.07
CUS005445,Delhi,9,1871.36
CUS005446,Mysore,3,2328.43
CUS005447,Mumbai,6,1910.69
CUS005448,Mumbai,8,1170.09
CUS005449,Hyderabad,8,4591.37
CUS005450,Pune,13,1453.73
CUS005451,Bangalore,6,1713.05
CUS005452,Mysore,14,2014.11
CUS005453,Mumbai,8,2517.87
CUS005454,Mumbai,8,948.6
CUS005455,Mysore,8,1622.34
CUS005456,Delhi,3,2276.66
CUS005457,Hyderabad,9,1680.68
CUS005458,Chennai,5,3258.58
CUS005459,Tumkur,14,1632.42
CUS005460,Bangalore,9,3248.07
CUS005461,Pune,13,3163.23
CUS005462,Chennai,16,706.39
CUS005463,Hyderabad,11,3004.32
CUS005464,Pune,7,3553.25
CUS005465,Mysore,5,3727.04
CUS005466,Mumbai,8,2258.25
CUS005467,Delhi,9,1827.62
CUS005468,Mysore,4,1886.11
CUS005469,Delhi,11,2216.46
CUS005470,Chennai,10,3031.77
CUS005471,Tumkur,6,1919.5
CUS005472,Bangalore,8,1850.36
CUS005473,Chennai,5,1495.53
CUS005474,Bangalore,7,1838.88
CUS005475,Chennai,8,1290.87
CUS005476,Delhi,8,2991.4
CUS005477,Pune,9,1085.35
CUS005478,Mysore,9,2289.56
CUS005479,Hyderabad,5,1293.0
CUS005480,Delhi,6,2672.34
CUS005481,Delhi,4,5337.47
CUS005482,Bangalore,11,517.35
CUS005483,Bangalore,8,3475.48
CUS005484,Mumbai,6,1560.94
CUS005485,Bangalore,7,4343.82
CUS005486,Mumbai,7,2738.91
CUS005487,Bangalore,8,2047.66
CUS005488,Pune,12,1770.4
CUS005489,Mysore,6,1295.06
CUS005490,Chennai,13,1706.62
CUS005491,Delhi,8,2575.2
CUS005492,Tumkur,6,1607.09
CUS005493,Chennai,8,3040.84
CUS005494,Mysore,9,1265.47
CUS005495,Bangalore,8,2699.11
CUS005496,Tumkur,7,2312.35
CUS005497,Delhi,7,929.28
CUS005498,Bangalore,5,1666.3
CUS005499,Delhi,11,1221.53
CUS005500,Bangalore,5,1814.72
CUS005501,Chennai,5,2090.2
CUS005502,Tumkur,8,1914.57
CUS005503,Bangalore,5,3690.55
CUS005504,Tumkur,13,2272.45
CUS005505,Bangalore,7,2033.03
CUS005506,Hyderabad,8,1279.71
CUS005507,Mysore,13,3072.01
CUS005508,Delhi,9,2242.0
CUS005509,Tumkur,12,2148.51
CUS005510,Mysore,5,2003.97
CUS005511,Mysore,8,917.18
CUS005512,Mysore,10,3760.35
CUS005513,Delhi,7,2983.74
CUS005514,Chennai,7,1120.8
CUS005515,Mysore,6,1848.94
CUS005516,Chennai,10,3530.54
CUS005517,Pune,6,1967.62
CUS005518,Mumbai,9,1572.62
CUS005519,Pune,7,2732.48
CUS005520,Mumbai,10,3748.04
CUS005521,Mysore,5,3290.15
CUS005522,Tumkur,7,2774.75
CUS005523,Mumbai,11,1609.9
CUS005524,Chennai,10,1896.45
CUS005525,Bangalore,6,1625.97
CUS005526,Tumkur,10,1020.52
CUS005527,Mumbai,8,1484.29
CUS005528,Mysore,7,1008.81
CUS005529,Mysore,12,1340.07
CUS005530,Hyderabad,11,1849.34
CUS005531,Tumkur,9,2051.85
CUS005532,Pune,11,4696.47
CUS005533,Tumkur,9,2174.41
CUS005534,Mumbai,9,1356.23
CUS005535,Tumkur,10,939.68
CUS005536,Delhi,11,1584.25
CUS005537,Chennai,9,1004.04
CUS005538,Bangalore,8,1054.24
CUS005539,Tumkur,4,743.55
CUS005540,Mysore,8,1315.83
CUS005541,Pune,15,2042.24
CUS005542,Tumkur,5,1727.21
CUS005543,Bangalore,13,1245.87
CUS005544,Delhi,8,1360.82
CUS005545,Mysore,5,1275.52
CUS005546,Bangalore,5,1316.85
CUS005547,Bangalore,12,1286.46
CUS005548,Tumkur,4,2259.96
CUS005549,Mysore,11,1685.57
CUS005550,Hyderabad,8,1227.31
CUS005551,Pune,5,661.53
CUS005552,Delhi,7,4724.23
CUS005553,Tumkur,7,2575.8
CUS005554,Chennai,10,2002.68
CUS005555,Tumkur,8,1303.28
CUS005556,Hyderabad,6,1807.32
CUS005557,Delhi,5,2214.28
CUS005558,Pune,9,2271.27
CUS005559,Chennai,7,734.31
CUS005560,Tumkur,6,1451.67
CUS005561,Bangalore,11,2717.63
CUS005562,Tumkur,9,1679.94
CUS005563,Delhi,3,1619.45
CUS005564,Mysore,7,1346.25
CUS005565,Hyderabad,10,2065.64
CUS005566,Mumbai,12,711.65
CUS005567,Pune,9,3092.22
CUS005568,Bangalore,7,1815.65
CUS005569,Chennai,8,2274.53
CUS005570,Chennai,5,2535.63
CUS005571,Mysore,11,2198.48
CUS005572,Mysore,10,1754.11
CUS005573,Mumbai,6,1880.36
CUS005574,Chennai,10,1197.95
CUS005575,Delhi,4,1912.24
CUS005576,Chennai,8,1778.04
CUS005577,Hyderabad,10,1131.02
CUS005578,Bangalore,7,943.77
CUS005579,Chennai,4,1076.83
CUS005580,Mysore,3,2911.29
CUS005581,Tumkur,6,693.87
CUS005582,Delhi,13,1583.79
CUS005583,Delhi,10,1138.67
CUS005584,Tumkur,7,2218.95
CUS005585,Tumkur,8,1350.6
CUS005586,Bangalore,4,2497.54
CUS005587,Bangalore,11,2200.17
CUS005588,Mumbai,10,844.19
CUS005589,Hyderabad,8,2194.56
CUS005590,Chennai,12,1371.22
CUS005591,Pune,8,1432.91
CUS005592,Hyderabad,5,1779.63
CUS005593,Mumbai,6,2635.95
CUS005594,Delhi,8,1919.98
CUS005595,Bangalore,14,2103.23
CUS005596,Mysore,8,1431.86
CUS005597,Bangalore,8,1033.4
CUS005598,Tumkur,8,2362.68
CUS005599,Tumkur,11,3318.41
CUS005600,Bangalore,8,2406.95
CUS005601,Delhi,11,1920.49
CUS005602,Mysore,6,2070.16
CUS005603,Mysore,11,880.2
CUS005604,Chennai,8,3124.88
CUS005605,Delhi,7,2276.46
CUS005606,Mumbai,9,812.65
CUS005607,Pune,5,4076.7
CUS005608,Chennai,5,2237.68
CUS005609,Mumbai,10,936.24
CUS005610,Chennai,10,1283.89
CUS005611,Mysore,10,1797.27
CUS005612,Mumbai,7,2473.94
CUS005613,Chennai,7,1146.11
CUS005614,Mysore,5,1473.69
CUS005615,Chennai,5,3178.79
CUS005616,Pune,13,1403.46
CUS005617,Chennai,10,4559.48
CUS005618,Pune,3,2176.62
CUS005619,Chennai,7,1476.88
CUS005620,Mysore,11,1266.11
CUS005621,Delhi,4,1253.17
CUS005622,Delhi,16,1571.64
CUS005623,Bangalore,12,1822.72
CUS005624,Pune,5,1192.98
CUS005625,Tumkur,8,2032.24
CUS005626,Chennai,7,3378.07
CUS005627,Delhi,7,996.87
CUS005628,Tumkur,7,1240.59
CUS005629,Pune,7,3391.77
CUS005630,Mumbai,5,1476.9
CUS005631,Tumkur,8,1388.24
CUS005632,Delhi,13,3000.81
CUS005633,Chennai,5,1826.35
CUS005634,Mumbai,11,1470.8
CUS005635,Hyderabad,12,2361.09
CUS005636,Chennai,10,433.49
CUS005637,Mumbai,9,1489.9
CUS005638,Tumkur,10,898.8
CUS005639,Bangalore,9,2929.91
CUS005640,Bangalore,6,2005.27
CUS005641,Hyderabad,7,2426.66
CUS005642,Tumkur,7,861.74
CUS005643,Mysore,8,3714.47
CUS005644,Delhi,6,3244.51
CUS005645,Delhi,9,3695.19
CUS005646,Pune,6,1444.64
CUS005647,Tumkur,7,1202.93
CUS005648,Mumbai,9,2339.79
CUS005649,Chennai,8,722.69
CUS005650,Hyderabad,12,2227.92
CUS005651,Tumkur,10,1230.22
CUS005652,Tumkur,5,1602.68
CUS005653,Chennai,12,880.96
CUS005654,Mysore,7,1052.96
CUS005655,Pune,5,1158.62
CUS005656,Delhi,15,2877.25
CUS005657,Chennai,5,1744.27
CUS005658,Delhi,5,2838.71
CUS005659,Delhi,11,1662.09
CUS005660,Hyderabad,10,6531.02
CUS005661,Bangalore,11,1366.43
CUS005662,Pune,9,4221.85
CUS005663,Chennai,7,5973.44
CUS005664,Chennai,3,1590.81
CUS005665,Mumbai,10,1843.17
CUS005666,Pune,7,3493.12
CUS005667,Chennai,3,2061.86
CUS005668,Tumkur,9,1600.56
CUS005669,Bangalore,4,883.04
CUS005670,Pune,5,3649.02
CUS005671,Bangalore,5,2602.79
CUS005672,Bangalore,8,1542.58
CUS005673,Delhi,9,3880.21
CUS005674,Bangalore,8,2658.49
CUS005675,Pune,9,2430.24
CUS005676,Pune,8,4467.63
CUS005677,Delhi,7,1864.16
CUS005678,Mysore,6,1239.26
CUS005679,Delhi,10,3054.84
CUS005680,Delhi,8,2430.29
CUS005681,Chennai,14,3148.76
CUS005682,Mysore,9,1456.35
CUS005683,Bangalore,5,3225.67
CUS005684,Pune,9,942.78
CUS005685,Chennai,9,908.67
CUS005686,Tumkur,10,1921.92
CUS005687,Mumbai,13,1531.84
CUS005688,Hyderabad,13,1382.73
CUS005689,Chennai,9,2446.03
CUS005690,Mysore,9,2064.98
CUS005691,Bangalore,7,969.27
CUS005692,Delhi,14,2085.64
CUS005693,Hyderabad,2,2329.66
CUS005694,Tumkur,4,1198.84
CUS005695,Delhi,10,1694.86
CUS005696,Bangalore,4,683.34
CUS005697,Delhi,7,2828.47
CUS005698,Delhi,3,867.45
CUS005699,Tumkur,1,1318.38
CUS005700,Pune,6,1782.86
CUS005701,Tumkur,7,1217.04
CUS005702,Mumbai,6,1749.9
CUS005703,Delhi,4,1165.39
CUS005704,Bangalore,8,1201.75
CUS005705,Mysore,7,2158.76
CUS005706,Pune,11,4009.41
CUS005707,Mumbai,5,5657.93
CUS005708,Bangalore,11,1246.8
CUS005709,Hyderabad,9,808.52
CUS005710,Pune,9,3875.04
CUS005711,Hyderabad,10,1946.06
CUS005712,Chennai,9,3007.77
CUS005713,Mysore,7,4330.96
CUS005714,Mumbai,6,1726.69
CUS005715,Bangalore,8,3046.09
CUS005716,Mumbai,5,1365.8
CUS005717,Bangalore,11,1956.32
CUS005718,Mysore,6,436.01
CUS005719,Pune,6,2194.88
CUS005720,Mumbai,11,4323.3
CUS005721,Delhi,7,3075.21
CUS005722,Bangalore,11,1247.58
CUS005723,Mumbai,11,1573.81
CUS005724,Mumbai,10,1283.75
CUS005725,Tumkur,7,3010.22
CUS005726,Mysore,12,6997.1
CUS005727,Chennai,7,2565.8
CUS005728,Tumkur,12,860.92
CUS005729,Mumbai,7,1347.27
CUS005730,Chennai,9,2386.39
CUS005731,Mysore,11,3255.36
CUS005732,Delhi,5,1172.55
CUS005733,Chennai,9,785.5
CUS005734,Chennai,10,1942.92
CUS005735,Mumbai,11,1187.09
CUS005736,Mumbai,7,792.76
CUS005737,Hyderabad,11,2061.28
CUS005738,Pune,3,2506.03
CUS005739,Hyderabad,6,1289.59
CUS005740,Bangalore,7,2147.84
CUS005741,Mysore,10,696.6
CUS005742,Mumbai,9,6685.08
CUS005743,Mumbai,11,870.69
CUS005744,Delhi,10,2475.19
CUS005745,Delhi,6,2480.41
CUS005746,Mysore,5,1925.5
CUS005747,Delhi,8,3191.98
CUS005748,Hyderabad,6,934.85
CUS005749,Delhi,8,2309.33
CUS005750,Mumbai,9,1303.17
CUS005751,Mysore,10,3599.71
CUS005752,Chennai,7,1995.36
CUS005753,Delhi,11,1546.13
CUS005754,Mysore,4,1648.07
CUS005755,Mysore,8,1371.14
CUS005756,Pune,7,2298.16
CUS005757,Tumkur,7,1055.7
CUS005758,Hyderabad,7,956.51
CUS005759,Mysore,17,3928.44
CUS005760,Mysore,8,2127.84
CUS005761,Tumkur,10,1440.9
CUS005762,Hyderabad,7,4006.91
CUS005763,Mysore,13,2791.3
CUS005764,Tumkur,9,820.69
CUS005765,Delhi,12,3964.7
CUS005766,Tumkur,9,2033.96
CUS005767,Chennai,9,2032.54
CUS005768,Bangalore,7,1958.73
CUS005769,Hyderabad,12,2542.38
CUS005770,Pune,8,5864.21
CUS005771,Tumkur,14,3642.24
CUS005772,Delhi,12,2170.98
CUS005773,Mumbai,11,4923.69
CUS005774,Pune,6,1633.04
CUS005775,Delhi,7,2474.32
CUS005776,Bangalore,9,1709.21
CUS005777,Hyderabad,6,1495.67
CUS005778,Chennai,7,3281.76
CUS005779,Mysore,6,1466.87
CUS005780,Bangalore,7,1225.4
CUS005781,Chennai,9,2783.19
CUS005782,Mumbai,6,2076.87
CUS005783,Pune,10,705.58
CUS005784,Mumbai,9,615.95
CUS005785,Mumbai,13,2336.73
CUS005786,Delhi,8,936.53
CUS005787,Delhi,6,1511.93
CUS005788,Delhi,10,2699.84
CUS005789,Hyderabad,5,2170.75
CUS005790,Tumkur,7,1878.94
CUS005791,Hyderabad,5,1688.9
CUS005792,Tumkur,5,3056.09
CUS005793,Hyderabad,7,2519.04
CUS005794,Chennai,9,1118.35
CUS005795,Delhi,5,704.83
CUS005796,Mumbai,7,3430.26
CUS005797,Hyderabad,9,1398.95
CUS005798,Bangalore,6,1459.37
CUS005799,Tumkur,8,1716.88
CUS005800,Mumbai,4,1602.88
CUS005801,Hyderabad,15,2480.27
CUS005802,Delhi,7,2989.89
CUS005803,Tumkur,7,902.87
CUS005804,Tumkur,7,2821.13
CUS005805,Hyderabad,4,3010.41
CUS005806,Tumkur,9,3344.56
CUS005807,Tumkur,7,1523.76
CUS005808,Tumkur,10,2387.65
CUS005809,Tumkur,8,1577.44
CUS005810,Chennai,8,2369.49
CUS005811,Mysore,7,6368.25
CUS005812,Bangalore,7,1001.17
CUS005813,Mumbai,6,1177.11
CUS005814,Tumkur,13,2560.81
CUS005815,Delhi,8,8881.42
CUS005816,Hyderabad,7,2236.85
CUS005817,Mumbai,7,1422.75
CUS005818,Tumkur,9,1621.12
CUS005819,Chennai,8,1531.16
CUS005820,Bangalore,2,1460.51
CUS005821,Mumbai,7,2619.02
CUS005822,Mumbai,9,2958.21
CUS005823,Tumkur,7,3848.01
CUS005824,Mumbai,3,2245.66
CUS005825,Delhi,7,1275.33
CUS005826,Tumkur,10,2184.9
CUS005827,Hyderabad,8,2120.56
CUS005828,Mysore,8,2142.67
CUS005829,Bangalore,4,1737.16
CUS005830,Pune,5,1583.08
CUS005831,Delhi,5,938.79
CUS005832,Tumkur,7,899.26
CUS005833,Delhi,6,1926.51
CUS005834,Mumbai,1,1872.21
CUS005835,Tumkur,8,2587.73
CUS005836,Bangalore,5,2868.05
CUS005837,Mumbai,6,2629.48
CUS005838,Hyderabad,10,876.23
CUS005839,Delhi,11,2715.73
CUS005840,Hyderabad,9,1232.31
CUS005841,Tumkur,7,1930.83
CUS005842,Delhi,7,755.4
CUS005843,Mumbai,9,992.35
CUS005844,Mysore,8,1813.09
CUS005845,Delhi,8,2761.28
CUS005846,Bangalore,7,1919.58
CUS005847,Tumkur,7,1714.73
CUS005848,Mysore,9,1161.82
CUS005849,Hyderabad,10,1221.22
CUS005850,Bangalore,12,790.48
CUS005851,Pune,7,1744.25
CUS005852,Chennai,8,1182.13
CUS005853,Delhi,8,627.93
CUS005854,Mumbai,7,1454.7
CUS005855,Mysore,11,1280.05
CUS005856,Mumbai,5,2916.85
CUS005857,Bangalore,6,1888.17
CUS005858,Chennai,4,3178.98
CUS005859,Chennai,8,1961.22
CUS005860,Hyderabad,8,1866.46
CUS005861,Chennai,10,1869.14
CUS005862,Bangalore,6,1183.46
CUS005863,Mysore,9,872.56
CUS005864,Delhi,7,1973.25
CUS005865,Mysore,11,3158.02
CUS005866,Pune,7,1854.62
CUS005867,Chennai,11,2782.42
CUS005868,Delhi,9,1436.78
CUS005869,Mumbai,8,721.8
CUS005870,Bangalore,6,3785.51
CUS005871,Mumbai,8,1476.36
CUS005872,Pune,10,2388.99
CUS005873,Tumkur,7,1282.67
CUS005874,Pune,8,832.71
CUS005875,Mumbai,6,740.08
CUS005876,Pune,4,1161.44
CUS005877,Mumbai,7,3098.32
CUS005878,Bangalore,5,1999.37
CUS005879,Hyderabad,8,3159.04
CUS005880,Mumbai,11,2630.04
CUS005881,Mumbai,11,1127.46
CUS005882,Hyderabad,9,1735.99
CUS005883,Delhi,10,2045.74
CUS005884,Mysore,10,1353.82
CUS005885,Chennai,8,4339.94
CUS005886,Delhi,11,1318.39
CUS005887,Pune,9,1356.63
CUS005888,Delhi,10,852.16
CUS005889,Hyderabad,9,1797.77
CUS005890,Tumkur,7,806.38
CUS005891,Pune,11,1391.01
CUS005892,Pune,7,1858.15
CUS005893,Tumkur,3,2585.95
CUS005894,Mysore,4,3163.13
CUS005895,Tumkur,5,1393.91
CUS005896,Chennai,6,1791.81
CUS005897,Hyderabad,7,1111.7
CUS005898,Delhi,12,4741.58
CUS005899,Mumbai,7,2410.94
CUS005900,Mysore,11,3552.01
CUS005901,Pune,16,3357.1
CUS005902,Mysore,9,2810.28
CUS005903,Bangalore,7,2120.02
CUS005904,Pune,5,2236.83
CUS005905,Hyderabad,11,1015.25
CUS005906,Pune,7,1646.32
CUS005907,Tumkur,7,4005.98
CUS005908,Delhi,6,1776.5
CUS005909,Tumkur,9,996.71
CUS005910,Chennai,11,1193.31
CUS005911,Tumkur,9,891.83
CUS005912,Pune,6,3122.86
CUS005913,Hyderabad,6,1545.02
CUS005914,Delhi,8,2187.49
CUS005915,Bangalore,6,2069.61
CUS005916,Hyderabad,9,1298.07
CUS005917,Hyderabad,7,824.1
CUS005918,Delhi,8,3415.48
CUS005919,Delhi,8,1126.48
CUS005920,Chennai,4,2156.87
CUS005921,Bangalore,11,3375.08
CUS005922,Bangalore,8,3392.52
CUS005923,Tumkur,9,1967.0
CUS005924,Hyderabad,5,3679.27
CUS005925,Hyderabad,7,1500.56
CUS005926,Delhi,8,1976.36
CUS005927,Mysore,10,1021.61
CUS005928,Hyderabad,11,2249.39
CUS005929,Pune,12,3302.2
CUS005930,Tumkur,16,1697.29
CUS005931,Delhi,8,2275.66
CUS005932,Chennai,12,1686.03
CUS005933,Bangalore,10,2967.87
CUS005934,Mysore,4,1240.35
CUS005935,Hyderabad,7,1393.17
CUS005936,Delhi,9,2926.48
CUS005937,Mysore,3,552.6
CUS005938,Mumbai,6,1547.22
CUS005939,Delhi,8,1189.76
CUS005940,Pune,8,1979.69
CUS005941,Hyderabad,5,1765.02
CUS005942,Delhi,10,2823.93
CUS005943,Mysore,5,1458.08
CUS005944,Mumbai,7,1193.48
CUS005945,Bangalore,9,3781.16
CUS005946,Hyderabad,7,1278.23
CUS005947,Tumkur,8,862.91
CUS005948,Bangalore,11,933.97
CUS005949,Tumkur,9,2041.45
CUS005950,Mumbai,7,3197.04
CUS005951,Delhi,4,1258.73
CUS005952,Tumkur,7,591.56
CUS005953,Mumbai,4,3937.1
CUS005954,Tumkur,5,3282.73
CUS005955,Bangalore,9,1057.71
CUS005956,Hyderabad,14,891.11
CUS005957,Mumbai,13,2081.63
CUS005958,Pune,9,2612.88
CUS005959,Mumbai,5,1074.74
CUS005960,Bangalore,11,1729.82
CUS005961,Hyderabad,14,5159.23
CUS005962,Hyderabad,8,2002.01
CUS005963,Mysore,12,1861.37
CUS005964,Chennai,5,3809.74
CUS005965,Tumkur,7,2186.03
CUS005966,Mysore,7,1285.16
CUS005967,Tumkur,5,1672.15
CUS005968,Mumbai,11,1112.27
CUS005969,Mumbai,11,1299.73
CUS005970,Hyderabad,10,913.69
CUS005971,Hyderabad,8,917.41
CUS005972,Mumbai,7,2415.13
CUS005973,Mysore,12,880.85
CUS005974,Mumbai,7,1189.91
CUS005975,Tumkur,10,1101.71
CUS005976,Bangalore,9,3834.71
CUS005977,Tumkur,5,940.04
CUS005978,Hyderabad,6,1961.24
CUS005979,Mumbai,5,1700.98
CUS005980,Delhi,6,2116.99
CUS005981,Pune,5,1620.93
CUS005982,Mumbai,8,1300.07
CUS005983,Tumkur,12,2414.19
CUS005984,Mysore,7,869.85
CUS005985,Chennai,10,1280.3
CUS005986,Tumkur,4,936.7
CUS005987,Chennai,7,831.3
CUS005988,Chennai,7,2967.82
CUS005989,Mysore,9,5494.69
CUS005990,Pune,10,2761.69
CUS005991,Delhi,6,881.0
CUS005992,Mysore,8,1587.74
CUS005993,Mysore,10,1417.22
CUS005994,Tumkur,9,2061.0
CUS005995,Bangalore,3,2989.28
CUS005996,Delhi,6,1770.06
CUS005997,Mumbai,4,3000.55
CUS005998,Hyderabad,10,2493.06
CUS005999,Mumbai,10,2856.21
CUS006000,Tumkur,9,705.36
CUS006001,Delhi,9,3264.71
CUS006002,Mumbai,5,998.98
CUS006003,Tumkur,11,1789.34
CUS006004,Hyderabad,4,3529.17
CUS006005,Bangalore,11,1737.17
CUS006006,Mysore,10,783.21
CUS006007,Chennai,10,985.15
CUS006008,Tumkur,7,1781.17
CUS006009,Tumkur,12,4509.24
CUS006010,Chennai,10,1473.66
CUS006011,Hyderabad,9,1297.9
CUS006012,Tumkur,10,821.12
CUS006013,Chennai,16,731.29
CUS006014,Tumkur,7,2713.79
CUS006015,Mysore,7,2666.44
CUS006016,Pune,6,2562.67
CUS006017,Mysore,7,1571.81
CUS006018,Mysore,12,2067.99
CUS006019,Bangalore,8,1244.12
CUS006020,Delhi,9,3480.88
CUS006021,Pune,9,833.1
CUS006022,Bangalore,10,2997.55
CUS006023,Chennai,8,2332.74
CUS006024,Mysore,10,5341.3
CUS006025,Bangalore,8,1910.12
CUS006026,Bangalore,5,2139.05
CUS006027,Delhi,7,2888.65
CUS006028,Mysore,6,651.56
CUS006029,Hyderabad,4,1088.99
CUS006030,Bangalore,4,2987.61
CUS006031,Mysore,10,1894.51
CUS006032,Hyderabad,4,4600.69
CUS006033,Bangalore,3,1653.81
CUS006034,Mysore,3,5695.79
CUS006035,Mysore,11,1287.85
CUS006036,Chennai,10,1484.31
CUS006037,Chennai,6,2410.4
CUS006038,Tumkur,8,1528.12
CUS006039,Mumbai,12,4492.62
CUS006040,Bangalore,8,1683.62
CUS006041,Mysore,8,1300.62
CUS006042,Tumkur,5,1849.2
CUS006043,Hyderabad,8,1039.84
CUS006044,Mumbai,14,1257.94
CUS006045,Mumbai,4,1561.03
CUS006046,Tumkur,7,1156.44
CUS006047,Chennai,9,1900.57
CUS006048,Mysore,9,1591.16
CUS006049,Mysore,9,2724.46
CUS006050,Bangalore,11,3345.06
CUS006051,Chennai,4,2114.74
CUS006052,Chennai,4,1384.21
CUS006053,Hyderabad,5,1598.79
CUS006054,Tumkur,9,7238.4
CUS006055,Bangalore,9,2989.84
CUS006056,Mysore,11,1282.53
CUS006057,Chennai,9,1316.41
CUS006058,Delhi,10,1531.52
CUS006059,Mumbai,9,1294.76
CUS006060,Tumkur,11,786.74
CUS006061,Delhi,8,5499.12
CUS006062,Mysore,3,3121.12
CUS006063,Tumkur,8,3758.23
CUS006064,Mumbai,6,2549.08
CUS006065,Pune,6,2522.16
CUS006066,Pune,8,2136.85
CUS006067,Chennai,8,678.59
CUS006068,Chennai,11,2395.6
CUS006069,Pune,8,1092.35
CUS006070,Mysore,6,1351.95
CUS006071,Mumbai,7,1684.97
CUS006072,Mysore,13,1553.76
CUS006073,Delhi,8,1751.14
CUS006074,Mysore,3,1724.83
CUS006075,Tumkur,7,2475.9
CUS006076,Delhi,11,603.68
CUS006077,Mumbai,10,1176.85
CUS006078,Hyderabad,8,2516.98
CUS006079,Bangalore,8,1559.17
CUS006080,Mysore,1,3504.43
CUS006081,Mumbai,12,1510.63
CUS006082,Delhi,12,1699.27
CUS006083,Mysore,9,1136.08
CUS006084,Pune,10,5894.0
CUS006085,Hyderabad,8,1254.26
CUS006086,Delhi,7,1960.66
CUS006087,Hyderabad,6,2056.32
CUS006088,Delhi,6,2335.73
CUS006089,Chennai,12,1444.94
CUS006090,Pune,5,2200.02
CUS006091,Hyderabad,4,2099.87
CUS006092,Pune,16,1964.17
CUS006093,Chennai,11,1465.79
CUS006094,Mysore,8,1278.64
CUS006095,Delhi,12,2857.77
CUS006096,Mumbai,14,999.69
CUS006097,Tumkur,8,989.79
CUS006098,Bangalore,11,730.5
CUS006099,Delhi,6,1473.05
CUS006100,Mysore,6,2822.84
CUS006101,Pune,6,1799.57
CUS006102,Delhi,8,3191.28
CUS006103,Mysore,15,2354.23
CUS006104,Mysore,7,997.53
CUS006105,Tumkur,8,2778.71
CUS006106,Pune,5,2043.08
CUS006107,Pune,8,3912.69
CUS006108,Mysore,9,2523.88
CUS006109,Tumkur,9,1054.71
CUS006110,Mysore,5,2102.52
CUS006111,Mumbai,9,2318.59
CUS006112,Chennai,4,2012.23
CUS006113,Mumbai,6,544.1
CUS006114,Chennai,13,1534.14
CUS006115,Pune,6,4163.33
CUS006116,Mysore,6,1368.58
CUS006117,Chennai,3,2327.58
CUS006118,Pune,4,916.97
CUS006119,Delhi,13,2948.52
CUS006120,Hyderabad,8,1278.12
CUS006121,Hyderabad,16,1265.23
CUS006122,Pune,8,2753.94
CUS006123,Mumbai,7,2867.35
CUS006124,Delhi,8,880.83
CUS006125,Pune,11,1433.47
CUS006126,Delhi,12,1273.08
CUS006127,Hyderabad,6,1483.69
CUS006128,Tumkur,7,1730.6
CUS006129,Delhi,8,3064.46
CUS006130,Mysore,8,1302.64
CUS006131,Mysore,12,4257.24
CUS006132,Hyderabad,3,1870.07
CUS006133,Delhi,7,4293.47
CUS006134,Delhi,10,876.08
CUS006135,Chennai,12,1627.96
CUS006136,Tumkur,7,699.57
CUS006137,Bangalore,10,1829.28
CUS006138,Mysore,6,1472.73
CUS006139,Bangalore,8,1703.24
CUS006140,Mysore,8,1282.01
CUS006141,Delhi,12,1251.13
CUS006142,Bangalore,8,1196.85
CUS006143,Tumkur,10,4476.66
CUS006144,Pune,12,1868.3
CUS006145,Mumbai,10,1089.9
CUS006146,Tumkur,4,3091.36
CUS006147,Hyderabad,14,1346.35
CUS006148,Mysore,10,2513.41
CUS006149,Mysore,6,5143.18
CUS006150,Delhi,10,3177.47
CUS006151,Delhi,7,1205.63
CUS006152,Chennai,6,3326.82
CUS006153,Hyderabad,6,3568.19
CUS006154,Delhi,6,1781.51
CUS006155,Delhi,5,4057.14
CUS006156,Hyderabad,8,1002.31
CUS006157,Mumbai,11,2097.09
CUS006158,Bangalore,10,1284.95
CUS006159,Bangalore,5,1839.39
CUS006160,Pune,7,803.79
CUS006161,Mysore,9,794.89
CUS006162,Pune,5,558.83
CUS006163,Delhi,7,2514.68
CUS006164,Mumbai,10,2489.59
CUS006165,Pune,6,2565.19
CUS006166,Delhi,8,2837.94
CUS006167,Delhi,9,1782.49
CUS006168,Bangalore,11,1530.74
CUS006169,Bangalore,8,2127.35
CUS006170,Tumkur,6,713.88
CUS006171,Hyderabad,8,803.89
CUS006172,Tumkur,8,887.83
CUS006173,Delhi,4,508.39
CUS006174,Pune,10,2540.42
CUS006175,Tumkur,10,1797.1
CUS006176,Hyderabad,11,596.17
CUS006177,Pune,6,4271.87
CUS006178,Delhi,5,2365.77
CUS006179,Mysore,4,770.34
CUS006180,Delhi,8,2832.29
CUS006181,Delhi,7,2646.03
CUS006182,Delhi,11,1281.15
CUS006183,Tumkur,7,3173.43
CUS006184,Bangalore,12,3834.89
CUS006185,Pune,11,1957.8
CUS006186,Hyderabad,8,3001.3
CUS006187,Delhi,6,1087.08
CUS006188,Pune,8,1518.69
CUS006189,Mumbai,6,1809.61
CUS006190,Hyderabad,12,1295.1
CUS006191,Mumbai,5,1845.24
CUS006192,Bangalore,13,2245.53
CUS006193,Bangalore,6,2624.07
CUS006194,Bangalore,3,1626.71
CUS006195,Tumkur,8,1621.81
CUS006196,Mumbai,7,1925.04
CUS006197,Mumbai,3,3516.26
CUS006198,Bangalore,5,1605.56
CUS006199,Mumbai,5,3210.92
CUS006200,Pune,4,1598.84
CUS006201,Mysore,8,1527.3
CUS006202,Pune,5,1104.54
CUS006203,Mumbai,4,1419.1
CUS006204,Mumbai,6,929.43
CUS006205,Pune,4,2292.66
CUS006206,Mumbai,10,1545.27
CUS006207,Bangalore,9,6046.74
CUS006208,Chennai,8,1588.32
CUS006209,Chennai,10,1196.77
CUS006210,Chennai,9,4386.33
CUS006211,Hyderabad,10,3147.59
CUS006212,Mysore,5,1497.53
CUS006213,Mysore,9,1398.92
CUS006214,Hyderabad,7,4665.82
CUS006215,Mysore,10,947.05
CUS006216,Mumbai,8,1259.35
CUS006217,Tumkur,10,4020.61
CUS006218,Bangalore,7,1301.99
CUS006219,Mumbai,7,3566.54
CUS006220,Bangalore,8,3237.2
CUS006221,Delhi,5,1315.78
CUS006222,Pune,7,2337.46
CUS006223,Pune,10,2267.94
CUS006224,Hyderabad,7,2269.37
CUS006225,Bangalore,8,1802.33
CUS006226,Delhi,10,1052.06
CUS006227,Bangalore,12,3752.62
CUS006228,Mumbai,9,2126.02
CUS006229,Pune,9,3163.94
CUS006230,Pune,8,1292.46
CUS006231,Mumbai,10,1750.4
CUS006232,Mysore,3,998.38
CUS006233,Delhi,12,1825.31
CUS006234,Mysore,5,3008.87
CUS006235,Chennai,7,1132.66
CUS006236,Mumbai,11,2263.79
CUS006237,Delhi,4,1901.4
CUS006238,Mumbai,10,1695.82
CUS006239,Tumkur,9,1437.4
CUS006240,Hyderabad,3,1456.74
CUS006241,Mumbai,7,2660.65
CUS006242,Pune,14,1268.45
CUS006243,Chennai,5,1048.26
CUS006244,Delhi,8,1162.66
CUS006245,Mysore,11,1407.57
CUS006246,Chennai,6,2951.3
CUS006247,Hyderabad,6,2270.4
CUS006248,Hyderabad,5,4538.23
CUS006249,Bangalore,7,1436.58
CUS006250,Hyderabad,5,4098.87
CUS006251,Pune,8,3820.64
CUS006252,Chennai,8,1711.47
CUS006253,Mysore,9,1323.62
CUS006254,Mysore,15,1175.51
CUS006255,Mumbai,11,1704.1
CUS006256,Hyderabad,10,2036.97
CUS006257,Mysore,4,948.75
CUS006258,Delhi,5,2005.46
CUS006259,Pune,10,1778.83
CUS006260,Chennai,7,1317.3
CUS006261,Mumbai,9,4878.86
CUS006262,Mysore,9,3350.81
CUS006263,Hyderabad,6,1762.67
CUS006264,Hyderabad,12,3133.32
CUS006265,Pune,6,2097.26
CUS006266,Mumbai,11,921.38
CUS006267,Chennai,5,2368.47
CUS006268,Pune,11,2355.44
CUS006269,Pune,6,2590.88
CUS006270,Hyderabad,8,1400.02
CUS006271,Delhi,7,5498.31
CUS006272,Tumkur,9,3349.06
CUS006273,Bangalore,8,2028.36
CUS006274,Tumkur,6,2199.7
CUS006275,Delhi,7,1907.34
CUS006276,Chennai,4,1474.28
CUS006277,Delhi,6,912.05
CUS006278,Hyderabad,7,2216.08
CUS006279,Pune,6,2367.22
CUS006280,Bangalore,7,785.14
CUS006281,Chennai,12,1600.8
CUS006282,Mumbai,5,805.35
CUS006283,Delhi,11,2301.91
CUS006284,Tumkur,9,3168.91
CUS006285,Chennai,7,2708.2
CUS006286,Tumkur,13,1718.24
CUS006287,Hyderabad,9,2346.29
CUS006288,Pune,6,953.3
CUS006289,Pune,7,4120.43
CUS006290,Mumbai,12,704.39
CUS006291,Mysore,12,1348.19
CUS006292,Chennai,7,1407.85
CUS006293,Pune,8,2131.99
CUS006294,Hyderabad,8,3367.71
CUS006295,Hyderabad,11,2337.35
CUS006296,Tumkur,15,3189.08
CUS006297,Hyderabad,6,1492.33
CUS006298,Chennai,11,1642.0
CUS006299,Pune,6,1405.2
CUS006300,Chennai,4,1962.02
CUS006301,Mysore,5,1037.18
CUS006302,Tumkur,13,1961.14
CUS006303,Chennai,3,1324.14
CUS006304,Bangalore,10,2080.85
CUS006305,Chennai,8,1188.62
CUS006306,Hyderabad,4,1182.76
CUS006307,Delhi,3,4375.84
CUS006308,Delhi,10,2138.02
CUS006309,Pune,6,2382.15
CUS006310,Pune,11,608.95
CUS006311,Bangalore,10,2197.61
CUS006312,Chennai,6,6079.56
CUS006313,Tumkur,9,2133.09
CUS006314,Hyderabad,7,1692.68
CUS006315,Tumkur,9,1306.32
CUS006316,Bangalore,6,1202.88
CUS006317,Hyderabad,9,1196.52
CUS006318,Hyderabad,7,4305.82
CUS006319,Tumkur,5,1749.82
CUS006320,Bangalore,12,2333.71
CUS006321,Delhi,6,3724.7
CUS006322,Bangalore,10,1346.64
CUS006323,Bangalore,9,1679.9
CUS006324,Mysore,7,798.09
CUS006325,Mumbai,11,2082.5
CUS006326,Hyderabad,8,1044.04
CUS006327,Mysore,10,3095.15
CUS006328,Pune,9,3007.54
CUS006329,Mumbai,8,1605.24
CUS006330,Mysore,4,1327.54
CUS006331,Pune,6,3549.27
CUS006332,Tumkur,12,1714.14
CUS006333,Chennai,8,1060.51
CUS006334,Mysore,13,971.62
CUS006335,Mysore,11,1451.94
CUS006336,Hyderabad,10,2959.23
CUS006337,Delhi,6,1277.45
CUS006338,Mysore,8,1398.76
CUS006339,Chennai,8,1939.26
CUS006340,Mysore,8,6022.54
CUS006341,Mumbai,9,6266.97
CUS006342,Mumbai,3,1619.67
CUS006343,Pune,8,3190.53
CUS006344,Chennai,9,1768.99
CUS006345,Pune,7,1721.67
CUS006346,Chennai,9,1765.59
CUS006347,Tumkur,10,1654.61
CUS006348,Mysore,4,1071.48
CUS006349,Tumkur,4,2624.71
CUS006350,Chennai,7,1496.49
CUS006351,Hyderabad,3,1235.45
CUS006352,Delhi,15,1782.04
CUS006353,Pune,12,1830.72
CUS006354,Hyderabad,11,1922.61
CUS006355,Bangalore,5,2808.13
CUS006356,Delhi,8,3159.07
CUS006357,Mumbai,5,1743.07
CUS006358,Mysore,8,1255.57
CUS006359,Mumbai,9,1913.09
CUS006360,Pune,9,3311.24
CUS006361,Delhi,6,2863.92
CUS006362,Chennai,3,1463.92
CUS006363,Hyderabad,9,1292.35
CUS006364,Tumkur,5,1801.82
CUS006365,Mumbai,12,1736.54
CUS006366,Delhi,4,943.25
CUS006367,Mumbai,10,1676.27
CUS006368,Hyderabad,7,2924.92
CUS006369,Bangalore,7,1205.05
CUS006370,Bangalore,8,766.51
CUS006371,Bangalore,9,899.41
CUS006372,Chennai,8,1480.77
CUS006373,Hyderabad,10,1558.98
CUS006374,Pune,6,1932.26
CUS006375,Hyderabad,6,2900.53
CUS006376,Mumbai,16,1302.17
CUS006377,Mysore,11,1294.4
CUS006378,Chennai,7,2342.19
CUS006379,Delhi,11,1266.23
CUS006380,Pune,7,5331.75
CUS006381,Bangalore,8,2325.16
CUS006382,Pune,8,2858.23
CUS006383,Hyderabad,10,1020.79
CUS006384,Hyderabad,10,1935.64
CUS006385,Mysore,8,1675.27
CUS006386,Chennai,9,2060.51
CUS006387,Hyderabad,12,2093.77
CUS006388,Chennai,7,1189.78
CUS006389,Tumkur,4,1234.17
CUS006390,Delhi,10,3223.9
CUS006391,Mumbai,8,2369.98
CUS006392,Pune,9,2141.23
CUS006393,Bangalore,8,2069.65
CUS006394,Hyderabad,8,1875.85
CUS006395,Mysore,6,1354.29
CUS006396,Delhi,2,1982.5
CUS006397,Delhi,7,2248.39
CUS006398,Pune,9,1681.41
CUS006399,Mumbai,6,2199.58
CUS006400,Pune,8,1279.22
CUS006401,Mysore,6,4189.7
CUS006402,Tumkur,8,742.18
CUS006403,Hyderabad,9,4547.71
CUS006404,Mysore,9,771.26
CUS006405,Mumbai,10,2287.32
CUS006406,Pune,7,960.73
CUS006407,Mumbai,10,2826.32
CUS006408,Delhi,3,1564.97
CUS006409,Bangalore,9,9925.1
CUS006410,Bangalore,8,2542.61
CUS006411,Tumkur,12,1971.17
CUS006412,Delhi,5,2156.03
CUS006413,Tumkur,8,4109.87
CUS006414,Bangalore,9,1954.56
CUS006415,Pune,7,2112.05
CUS006416,Chennai,4,1584.14
CUS006417,Hyderabad,7,3318.47
CUS006418,Mumbai,12,2407.91
CUS006419,Mysore,8,1504.19
CUS006420,Mysore,13,1440.33
CUS006421,Tumkur,12,1288.62
CUS006422,Chennai,6,1607.93
CUS006423,Tumkur,9,2682.96
CUS006424,Pune,10,1692.97
CUS006425,Mumbai,4,723.13
CUS006426,Delhi,10,1509.96
CUS006427,Delhi,9,1606.87
CUS006428,Tumkur,5,2562.92
CUS006429,Hyderabad,9,2777.56
CUS006430,Tumkur,5,1165.09
CUS006431,Mumbai,8,1334.12
CUS006432,Hyderabad,10,4377.39
CUS006433,Chennai,5,1018.4
CUS006434,Mysore,5,1545.23
CUS006435,Pune,10,2023.61
CUS006436,Mumbai,10,3516.41
CUS006437,Tumkur,8,1132.36
CUS006438,Pune,8,2380.19
CUS006439,Pune,10,1587.24
CUS006440,Chennai,9,818.6
CUS006441,Bangalore,10,1505.57
CUS006442,Bangalore,6,2039.28
CUS006443,Chennai,14,2226.39
CUS006444,Mysore,8,1521.51
CUS006445,Delhi,11,1977.84
CUS006446,Chennai,7,3065.07
CUS006447,Hyderabad,9,2870.95
CUS006448,Tumkur,8,1535.18
CUS006449,Bangalore,6,724.55
CUS006450,Pune,10,2536.15
CUS006451,Pune,10,2309.56
CUS006452,Hyderabad,6,1342.74
CUS006453,Tumkur,5,1119.29
CUS006454,Mysore,9,1537.43
CUS006455,Mumbai,7,1606.04
CUS006456,Tumkur,14,1353.79
CUS006457,Mysore,9,1144.04
CUS006458,Bangalore,9,1796.42
CUS006459,Pune,7,2675.94
CUS006460,Delhi,12,3871.83
CUS006461,Delhi,13,1993.06
CUS006462,Mysore,5,3017.58
CUS006463,Chennai,17,1257.05
CUS006464,Chennai,3,1196.7
CUS006465,Chennai,8,2072.3
CUS006466,Hyderabad,7,4036.82
CUS006467,Hyderabad,6,2262.21
CUS006468,Delhi,8,3115.3
CUS006469,Pune,5,1887.77
CUS006470,Tumkur,7,2916.62
CUS006471,Pune,12,2725.32
CUS006472,Chennai,11,594.9
CUS006473,Chennai,9,2160.96
CUS006474,Hyderabad,7,2610.78
CUS006475,Chennai,6,1817.99
CUS006476,Pune,3,4406.25
CUS006477,Tumkur,8,2614.46
CUS006478,Pune,7,1511.46
CUS006479,Tumkur,11,2332.9
CUS006480,Bangalore,5,3225.85
CUS006481,Hyderabad,6,1159.77
CUS006482,Hyderabad,10,909.69
CUS006483,Chennai,8,1709.18
CUS006484,Delhi,10,2685.02
CUS006485,Chennai,8,1265.41
CUS006486,Mumbai,10,4048.66
CUS006487,Delhi,11,2144.5
CUS006488,Mysore,7,3867.3
CUS006489,Bangalore,15,1833.06
CUS006490,Delhi,8,1132.73
CUS006491,Tumkur,7,2902.42
CUS006492,Mumbai,6,1434.07
CUS006493,Pune,4,2359.01
CUS006494,Chennai,6,2239.59
CUS006495,Pune,9,4615.47
CUS006496,Pune,9,2059.47
CUS006497,Hyderabad,5,1267.31
CUS006498,Mysore,9,1608.87
CUS006499,Mysore,6,668.09
CUS006500,Bangalore,9,1469.66
CUS006501,Bangalore,8,3505.04
CUS006502,Mumbai,6,1228.36
CUS006503,Chennai,3,1976.33
CUS006504,Delhi,4,1111.85
CUS006505,Mumbai,7,1038.74
CUS006506,Bangalore,11,640.19
CUS006507,Bangalore,12,659.4
CUS006508,Hyderabad,14,1258.86
CUS006509,Pune,12,764.85
CUS006510,Hyderabad,6,1164.13
CUS006511,Pune,5,1211.64
CUS006512,Mumbai,7,3118.66
CUS006513,Tumkur,4,890.95
CUS006514,Bangalore,6,1623.15
CUS006515,Tumkur,10,1468.14
CUS006516,Hyderabad,12,2733.86
CUS006517,Tumkur,9,2189.04
CUS006518,Delhi,5,2680.74
CUS006519,Mumbai,6,5268.56
CUS006520,Delhi,4,1844.13
CUS006521,Tumkur,5,1283.6
CUS006522,Mysore,7,1064.16
CUS006523,Mumbai,13,2685.74
CUS006524,Pune,9,1572.05
CUS006525,Tumkur,11,2058.48
CUS006526,Hyderabad,8,3299.52
CUS006527,Mysore,8,1084.16
CUS006528,Mumbai,9,1906.26
CUS006529,Bangalore,7,3462.3
CUS006530,Tumkur,7,1878.02
CUS006531,Delhi,8,2041.11
CUS006532,Hyderabad,10,1796.61
CUS006533,Mumbai,6,2484.04
CUS006534,Pune,8,2314.07
CUS006535,Hyderabad,7,1397.46
CUS006536,Hyderabad,7,3803.06
CUS006537,Hyderabad,11,3063.63
CUS006538,Mumbai,11,4116.2
CUS006539,Pune,9,3776.23
CUS006540,Tumkur,6,2616.28
CUS006541,Mumbai,10,2104.01
CUS006542,Delhi,2,4755.38
CUS006543,Tumkur,7,2532.15
CUS006544,Delhi,12,1146.27
CUS006545,Bangalore,8,1114.0
CUS006546,Chennai,7,542.83
CUS006547,Tumkur,3,3429.93
CUS006548,Bangalore,8,1567.14
CUS006549,Chennai,10,2570.21
CUS006550,Tumkur,7,1197.42
CUS006551,Bangalore,4,2283.25
CUS006552,Delhi,8,1124.84
CUS006553,Hyderabad,9,2169.42
CUS006554,Tumkur,10,2887.15
CUS006555,Delhi,7,3092.32
CUS006556,Pune,5,2369.14
CUS006557,Mysore,8,3152.82
CUS006558,Delhi,11,879.96
CUS006559,Bangalore,8,1168.75
CUS006560,Delhi,9,1292.05
CUS006561,Mumbai,6,1806.75
CUS006562,Delhi,9,1159.91
CUS006563,Delhi,7,2815.23
CUS006564,Delhi,8,2150.01
CUS006565,Mysore,4,2296.19
CUS006566,Tumkur,8,1185.88
CUS006567,Mysore,9,1148.2
CUS006568,Mumbai,6,2838.86
CUS006569,Mysore,11,1780.82
CUS006570,Chennai,14,2747.2
CUS006571,Hyderabad,10,1351.54
CUS006572,Tumkur,11,763.16
CUS006573,Tumkur,9,1678.52
CUS006574,Hyderabad,9,1429.13
CUS006575,Chennai,6,2394.28
CUS006576,Bangalore,8,1955.58
CUS006577,Tumkur,7,1955.5
CUS006578,Pune,8,4221.68
CUS006579,Mysore,7,1940.74
CUS006580,Chennai,7,6084.86
CUS006581,Delhi,3,815.52
CUS006582,Mysore,8,5267.74
CUS006583,Mumbai,5,1129.28
CUS006584,Bangalore,6,2523.36
CUS006585,Hyderabad,10,4553.64
CUS006586,Mysore,6,889.49
CUS006587,Pune,8,634.27
CUS006588,Mumbai,12,2672.28
CUS006589,Mysore,7,1978.86
CUS006590,Mumbai,13,940.28
CUS006591,Tumkur,10,3518.89
CUS006592,Bangalore,11,4123.44
CUS006593,Mysore,8,3218.4
CUS006594,Delhi,9,857.0
CUS006595,Delhi,10,971.51
CUS006596,Delhi,9,5359.83
CUS006597,Hyderabad,7,4090.76
CUS006598,Bangalore,7,2048.94
CUS006599,Mumbai,6,1047.69
CUS006600,Bangalore,5,520.96
CUS006601,Delhi,11,753.02
CUS006602,Mumbai,14,1116.02
CUS006603,Tumkur,4,1333.36
CUS006604,Chennai,8,1380.2
CUS006605,Bangalore,7,3941.56
CUS006606,Hyderabad,5,1635.08
CUS006607,Mumbai,5,2571.64
CUS006608,Bangalore,11,1271.61
CUS006609,Mysore,10,1173.46
CUS006610,Pune,10,2263.4
CUS006611,Mysore,6,2092.53
CUS006612,Pune,10,1217.8
CUS006613,Hyderabad,3,1437.42
CUS006614,Tumkur,8,904.08
CUS006615,Chennai,10,1295.71
CUS006616,Pune,11,2148.41
CUS006617,Mysore,5,3109.05
CUS006618,Bangalore,6,1973.81
CUS006619,Chennai,5,2513.33
CUS006620,Tumkur,9,1724.55
CUS006621,Pune,6,1101.29
CUS006622,Pune,10,2898.21
CUS006623,Hyderabad,5,5027.65
CUS006624,Tumkur,11,1374.75
CUS006625,Mysore,5,1618.31
CUS006626,Hyderabad,8,3188.57
CUS006627,Delhi,7,2578.44
CUS006628,Pune,11,1067.15
CUS006629,Hyderabad,3,1635.44
CUS006630,Tumkur,10,954.13
CUS006631,Mumbai,5,2390.56
CUS006632,Mysore,4,2787.67
CUS006633,Mumbai,5,2824.92
CUS006634,Chennai,10,2102.88
CUS006635,Delhi,14,968.99
CUS006636,Delhi,5,1802.87
CUS006637,Pune,7,2431.93
CUS006638,Delhi,10,1174.93
CUS006639,Hyderabad,5,1078.03
CUS006640,Pune,9,328.94
CUS006641,Mysore,12,3406.68
CUS006642,Pune,6,1407.29
CUS006643,Mumbai,8,644.42
CUS006644,Tumkur,8,1793.54
CUS006645,Pune,10,4823.51
CUS006646,Pune,8,1433.67
CUS006647,Mysore,7,1396.25
CUS006648,Bangalore,10,1859.87
CUS006649,Mumbai,8,2662.72
CUS006650,Delhi,7,882.16
CUS006651,Chennai,8,1745.32
CUS006652,Tumkur,6,1237.08
CUS006653,Delhi,8,1446.04
CUS006654,Mysore,11,3429.73
CUS006655,Hyderabad,13,1300.57
CUS006656,Delhi,5,1329.1
CUS006657,Pune,12,2658.15
CUS006658,Mysore,8,1964.77
CUS006659,Delhi,7,795.09
CUS006660,Hyderabad,7,1070.04
CUS006661,Tumkur,7,1033.72
CUS006662,Tumkur,9,765.13
CUS006663,Hyderabad,10,3861.99
CUS006664,Chennai,7,1764.52
CUS006665,Pune,12,2288.36
CUS006666,Hyderabad,8,1952.68
CUS006667,Bangalore,7,1853.15
CUS006668,Mysore,10,2547.37
CUS006669,Bangalore,4,1898.54
CUS006670,Mysore,9,1216.63
CUS006671,Pune,7,583.02
CUS006672,Pune,17,1113.92
CUS006673,Mysore,9,2241.05
CUS006674,Delhi,7,4264.71
CUS006675,Hyderabad,7,1600.83
CUS006676,Mumbai,5,2441.7
CUS006677,Hyderabad,12,3215.52
CUS006678,Mysore,7,727.14
CUS006679,Bangalore,11,2008.42
CUS006680,Mysore,9,3640.69
CUS006681,Delhi,12,1852.63
CUS006682,Tumkur,6,1859.86
CUS006683,Tumkur,3,1402.23
CUS006684,Pune,6,750.0
CUS006685,Bangalore,9,1464.92
CUS006686,Mysore,13,734.37
CUS006687,Pune,7,485.44
CUS006688,Hyderabad,6,3506.42
CUS006689,Mumbai,12,691.88
CUS006690,Delhi,6,2117.69
CUS006691,Delhi,12,1914.72
CUS006692,Hyderabad,15,1675.71
CUS006693,Mumbai,10,4073.38
CUS006694,Tumkur,8,2113.39
CUS006695,Chennai,14,948.73
CUS006696,Tumkur,3,1607.94
CUS006697,Mysore,4,976.87
CUS006698,Hyderabad,10,3035.73
CUS006699,Mysore,12,1179.73
CUS006700,Pune,5,2384.71
CUS006701,Bangalore,7,3061.43
CUS006702,Bangalore,9,2040.72
CUS006703,Pune,7,744.6
CUS006704,Mysore,5,2108.0
CUS006705,Bangalore,11,3301.75
CUS006706,Tumkur,7,1325.93
CUS006707,Delhi,10,1876.38
CUS006708,Delhi,11,1775.2
CUS006709,Pune,4,4891.42
CUS006710,Delhi,11,1938.76
CUS006711,Hyderabad,9,3245.17
CUS006712,Mumbai,10,2828.27
CUS006713,Pune,3,2172.28
CUS006714,Hyderabad,9,2726.17
CUS006715,Mysore,5,1154.69
CUS006716,Tumkur,6,1601.9
CUS006717,Tumkur,7,2895.48
CUS006718,Bangalore,9,916.75
CUS006719,Chennai,4,1826.06
CUS006720,Mysore,6,944.06
CUS006721,Bangalore,3,2372.0
CUS006722,Chennai,7,1958.36
CUS006723,Bangalore,9,2924.91
CUS006724,Chennai,9,3690.14
CUS006725,Delhi,11,5002.6
CUS006726,Tumkur,8,2062.92
CUS006727,Chennai,11,3031.34
CUS006728,Pune,13,1434.68
CUS006729,Chennai,14,2242.36
CUS006730,Mysore,4,2451.15
CUS006731,Hyderabad,5,1110.1
CUS006732,Delhi,6,1452.14
CUS006733,Tumkur,12,5719.12
CUS006734,Delhi,4,1498.88
CUS006735,Pune,5,1011.37
CUS006736,Bangalore,7,1998.55
CUS006737,Mysore,9,1333.76
CUS006738,Tumkur,8,1777.12
CUS006739,Tumkur,8,604.61
CUS006740,Delhi,11,1440.36
CUS006741,Delhi,8,1167.57
CUS006742,Delhi,10,2004.72
CUS006743,Bangalore,7,1664.73
CUS006744,Delhi,9,1811.89
CUS006745,Chennai,7,2685.5
CUS006746,Chennai,8,1859.09
CUS006747,Hyderabad,7,2203.28
CUS006748,Pune,11,2209.69
CUS006749,Bangalore,6,2451.35
CUS006750,Mumbai,10,2097.83
CUS006751,Bangalore,7,1608.94
CUS006752,Mysore,12,2049.32
CUS006753,Pune,6,2668.97
CUS006754,Pune,8,2425.8
CUS006755,Delhi,10,1116.95
CUS006756,Hyderabad,9,2911.48
CUS006757,Bangalore,9,1928.4
CUS006758,Delhi,12,2693.12
CUS006759,Pune,11,1726.8
CUS006760,Delhi,11,1971.31
CUS006761,Delhi,7,2919.48
CUS006762,Chennai,8,3028.96
CUS006763,Bangalore,9,869.38
CUS006764,Bangalore,6,8036.13
CUS006765,Pune,5,4994.05
CUS006766,Mumbai,5,1491.59
CUS006767,Mysore,9,1520.52
CUS006768,Hyderabad,13,2881.02
CUS006769,Pune,21,2172.09
CUS006770,Delhi,7,1371.28
CUS006771,Mysore,8,1365.86
CUS006772,Delhi,8,1040.29
CUS006773,Mumbai,15,1900.21
CUS006774,Delhi,5,1960.44
CUS006775,Pune,8,2234.54
CUS006776,Bangalore,9,2087.69
CUS006777,Tumkur,10,6429.13
CUS006778,Hyderabad,7,898.49
CUS006779,Chennai,9,1718.07
CUS006780,Delhi,11,1465.48
CUS006781,Mumbai,9,2567.12
CUS006782,Delhi,7,1222.41
CUS006783,Chennai,5,2551.7
CUS006784,Chennai,11,5663.87
CUS006785,Mumbai,14,2181.85
CUS006786,Delhi,6,2373.99
CUS006787,Tumkur,10,4546.79
CUS006788,Hyderabad,8,5399.21
CUS006789,Pune,16,1907.53
CUS006790,Pune,6,2020.88
CUS006791,Mumbai,2,2073.13
CUS006792,Delhi,5,2248.87
CUS006793,Tumkur,13,986.93
CUS006794,Chennai,17,2091.28
CUS006795,Hyderabad,6,1594.88
CUS006796,Mysore,7,2981.98
CUS006797,Delhi,7,2321.26
CUS006798,Tumkur,6,1459.96
CUS006799,Tumkur,6,4586.08
CUS006800,Chennai,9,1178.66
CUS006801,Tumkur,11,982.02
CUS006802,Delhi,6,1110.8
CUS006803,Mysore,8,849.5
CUS006804,Pune,9,957.14
CUS006805,Delhi,7,1239.0
CUS006806,Hyderabad,11,1119.83
CUS006807,Chennai,5,1969.27
CUS006808,Chennai,7,4778.0
CUS006809,Bangalore,11,695.74
CUS006810,Bangalore,5,991.69
CUS006811,Mumbai,6,1387.35
CUS006812,Hyderabad,9,2558.2
CUS006813,Mumbai,8,1404.47
CUS006814,Tumkur,3,1507.43
CUS006815,Tumkur,9,1076.02
CUS006816,Bangalore,2,713.89
CUS006817,Mysore,7,2167.98
CUS006818,Mumbai,10,634.39
CUS006819,Pune,9,502.79
CUS006820,Mysore,8,1502.15
CUS006821,Chennai,8,1716.89
CUS006822,Mysore,7,2113.97
CUS006823,Chennai,4,1412.35
CUS006824,Delhi,5,1069.88
CUS006825,Hyderabad,2,4039.55
CUS006826,Mumbai,7,547.41
CUS006827,Mumbai,9,2200.77
CUS006828,Bangalore,11,1407.3
CUS006829,Hyderabad,4,1217.64
CUS006830,Tumkur,7,2459.5
CUS006831,Mysore,7,744.69
CUS006832,Bangalore,10,2016.73
CUS006833,Delhi,4,3110.79
CUS006834,Delhi,9,3524.6
CUS006835,Mysore,7,3869.85
CUS006836,Mysore,5,1007.68
CUS006837,Mysore,7,2377.71
CUS006838,Bangalore,5,1773.95
CUS006839,Mysore,8,1273.65
CUS006840,Tumkur,9,1749.47
CUS006841,Mysore,7,3305.59
CUS006842,Chennai,4,3073.43
CUS006843,Mumbai,5,1685.34
CUS006844,Tumkur,10,578.14
CUS006845,Hyderabad,11,1254.39
CUS006846,Delhi,11,1924.52
CUS006847,Delhi,6,2191.0
CUS006848,Mysore,3,3842.34
CUS006849,Tumkur,8,4601.52
CUS006850,Mumbai,11,1092.23
CUS006851,Mumbai,7,2336.41
CUS006852,Tumkur,11,1969.2
CUS006853,Mysore,12,1189.73
CUS006854,Chennai,8,1460.64
CUS006855,Delhi,12,1636.87
CUS006856,Pune,6,1720.11
CUS006857,Bangalore,9,1479.01
CUS006858,Chennai,8,1094.08
CUS006859,Delhi,4,1834.32
CUS006860,Mumbai,6,877.52
CUS006861,Hyderabad,7,2116.92
CUS006862,Tumkur,8,2229.24
CUS006863,Mysore,11,2129.12
CUS006864,Hyderabad,7,1002.45
CUS006865,Mumbai,4,1170.57
CUS006866,Pune,8,1458.6
CUS006867,Mumbai,11,2294.98
CUS006868,Chennai,7,1204.66
CUS006869,Tumkur,7,1635.3
CUS006870,Pune,7,1541.89
CUS006871,Chennai,5,1280.16
CUS006872,Tumkur,7,1466.13
CUS006873,Pune,15,3252.26
CUS006874,Pune,10,3047.73
CUS006875,Pune,10,3529.73
CUS006876,Delhi,16,1901.97
CUS006877,Mumbai,6,4457.56
CUS006878,Bangalore,8,3206.75
CUS006879,Delhi,6,1349.42
CUS006880,Tumkur,9,5620.37
CUS006881,Bangalore,10,3987.89
CUS006882,Mysore,3,1622.55
CUS006883,Mysore,9,3240.37
CUS006884,Mumbai,10,2058.81
CUS006885,Mumbai,2,2395.84
CUS006886,Pune,9,1631.49
CUS006887,Tumkur,13,1951.12
CUS006888,Pune,9,3342.95
CUS006889,Bangalore,7,1033.94
CUS006890,Pune,7,1445.58
CUS006891,Bangalore,9,522.87
CUS006892,Tumkur,8,2252.78
CUS006893,Bangalore,10,2857.88
CUS006894,Hyderabad,8,1670.5
CUS006895,Pune,10,1013.21
CUS006896,Pune,8,812.61
CUS006897,Hyderabad,3,2148.04
CUS006898,Mumbai,9,2839.01
CUS006899,Mumbai,6,1199.03
CUS006900,Bangalore,8,4034.68
CUS006901,Hyderabad,5,1687.11
CUS006902,Tumkur,7,727.22
CUS006903,Pune,9,1900.09
CUS006904,Delhi,12,1643.86
CUS006905,Chennai,6,1380.44
CUS006906,Delhi,12,2894.36
CUS006907,Mumbai,11,2476.85
CUS006908,Pune,11,1508.5
CUS006909,Chennai,6,684.36
CUS006910,Hyderabad,9,1441.66
CUS006911,Mysore,7,1129.01
CUS006912,Bangalore,9,4597.62
CUS006913,Mumbai,5,1332.0
CUS006914,Pune,4,1517.02
CUS006915,Tumkur,2,1632.94
CUS006916,Hyderabad,5,2190.32
CUS006917,Chennai,6,2169.06
CUS006918,Mysore,10,1535.04
CUS006919,Hyderabad,10,1437.9
CUS006920,Mumbai,7,2800.72
CUS006921,Tumkur,9,838.51
CUS006922,Bangalore,10,2819.16
CUS006923,Bangalore,13,2406.28
CUS006924,Hyderabad,10,2775.2
CUS006925,Chennai,5,2680.52
CUS006926,Hyderabad,8,4718.52
CUS006927,Pune,7,3818.33
CUS006928,Mysore,7,1728.11
CUS006929,Bangalore,5,1878.97
CUS006930,Mumbai,9,627.69
CUS006931,Hyderabad,9,1930.05
CUS006932,Mumbai,12,1879.25
CUS006933,Mysore,9,1342.64
CUS006934,Bangalore,14,1767.64
CUS006935,Mysore,11,751.66
CUS006936,Delhi,10,1701.89
CUS006937,Hyderabad,2,1830.56
CUS006938,Bangalore,4,2649.45
CUS006939,Delhi,10,1179.99
CUS006940,Mumbai,11,1741.43
CUS006941,Chennai,9,1406.51
CUS006942,Chennai,9,4400.58
CUS006943,Mumbai,6,1794.64
CUS006944,Hyderabad,7,1223.17
CUS006945,Hyderabad,9,911.94
CUS006946,Tumkur,6,3402.95
CUS006947,Pune,9,4894.53
CUS006948,Chennai,6,1043.68
CUS006949,Mysore,7,1442.4
CUS006950,Mumbai,6,1455.08
CUS006951,Chennai,7,1092.72
CUS006952,Mumbai,12,2387.75
CUS006953,Delhi,5,1013.53
CUS006954,Mysore,18,1205.87
CUS006955,Tumkur,8,2364.12
CUS006956,Pune,9,2113.88
CUS006957,Pune,5,2242.64
CUS006958,Mysore,9,994.92
CUS006959,Mysore,13,1442.17
CUS006960,Bangalore,12,3695.17
CUS006961,Pune,5,1241.87
CUS006962,Tumkur,6,3183.76
CUS006963,Delhi,5,2588.69
CUS006964,Chennai,11,1233.69
CUS006965,Delhi,7,3876.95
CUS006966,Mysore,5,1335.63
CUS006967,Mumbai,7,3561.43
CUS006968,Pune,14,938.67
CUS006969,Pune,9,2615.94
CUS006970,Hyderabad,8,2298.39
CUS006971,Delhi,10,1302.42
CUS006972,Pune,6,1667.22
CUS006973,Delhi,9,1376.57
CUS006974,Delhi,11,712.24
CUS006975,Pune,11,506.32
CUS006976,Tumkur,5,1008.05
CUS006977,Tumkur,15,2184.62
CUS006978,Tumkur,8,1443.1
CUS006979,Delhi,10,1415.85
CUS006980,Delhi,8,1499.82
CUS006981,Tumkur,7,1902.42
CUS006982,Mysore,8,2807.44
CUS006983,Chennai,10,974.08
CUS006984,Delhi,8,2026.98
CUS006985,Delhi,12,1953.9
CUS006986,Bangalore,10,650.67
CUS006987,Tumkur,11,1189.42
CUS006988,Mumbai,9,1324.87
CUS006989,Mysore,9,1797.92
CUS006990,Pune,10,2213.61
CUS006991,Mysore,6,1287.05
CUS006992,Mysore,8,1019.27
CUS006993,Mumbai,7,1896.27
CUS006994,Hyderabad,7,589.97
CUS006995,Bangalore,4,1332.89
CUS006996,Tumkur,9,1248.67
CUS006997,Mysore,11,3590.71
CUS006998,Mumbai,3,2689.79
CUS006999,Hyderabad,9,1308.52
CUS007000,Mumbai,8,2420.85
CUS007001,Hyderabad,9,1440.21
CUS007002,Hyderabad,6,4341.75
CUS007003,Delhi,12,989.05
CUS007004,Bangalore,4,860.51
CUS007005,Tumkur,10,2230.95
CUS007006,Tumkur,11,1790.3
CUS007007,Pune,3,1617.29
CUS007008,Bangalore,12,2103.54
CUS007009,Hyderabad,7,2035.86
CUS007010,Hyderabad,10,403.75
CUS007011,Chennai,6,942.81
CUS007012,Tumkur,9,1454.95
CUS007013,Delhi,11,1285.32
CUS007014,Bangalore,7,1988.79
CUS007015,Mysore,7,1023.58
CUS007016,Mumbai,4,1970.85
CUS007017,Mysore,10,1776.6
CUS007018,Bangalore,10,3282.52
CUS007019,Pune,8,1115.07
CUS007020,Delhi,10,734.99
CUS007021,Hyderabad,7,1388.51
CUS007022,Delhi,16,4026.04
CUS007023,Mumbai,7,2400.38
CUS007024,Pune,7,645.64
CUS007025,Delhi,7,1077.12
CUS007026,Tumkur,9,903.9
CUS007027,Tumkur,8,1187.01
CUS007028,Delhi,7,887.85
CUS007029,Delhi,6,3030.5
CUS007030,Delhi,2,2353.67
CUS007031,Tumkur,8,985.26
CUS007032,Mumbai,10,1015.97
CUS007033,Mysore,10,1196.61
CUS007034,Pune,13,2395.73
CUS007035,Pune,11,5131.2
CUS007036,Chennai,6,555.39
CUS007037,Pune,6,3461.66
CUS007038,Mumbai,4,4592.86
CUS007039,Bangalore,6,1007.33
CUS007040,Delhi,5,1084.17
CUS007041,Hyderabad,6,2247.0
CUS007042,Mysore,8,1676.86
CUS007043,Tumkur,8,902.58
CUS007044,Bangalore,12,2211.12
CUS007045,Hyderabad,5,1132.19
CUS007046,Mysore,11,826.7
CUS007047,Mysore,7,1120.3
CUS007048,Chennai,3,1102.33
CUS007049,Bangalore,10,2805.35
CUS007050,Chennai,8,1728.65
CUS007051,Delhi,9,2065.58
CUS007052,Bangalore,10,2106.75
CUS007053,Mysore,13,1224.0
CUS007054,Tumkur,13,2023.3
CUS007055,Bangalore,10,2162.28
CUS007056,Hyderabad,6,1065.26
CUS007057,Chennai,5,1100.71
CUS007058,Chennai,9,985.35
CUS007059,Delhi,8,3104.28
CUS007060,Mysore,0,2927.04
CUS007061,Mumbai,8,9194.35
CUS007062,Pune,8,1664.94
CUS007063,Bangalore,7,1606.91
CUS007064,Delhi,3,2989.75
CUS007065,Bangalore,2,1807.35
CUS007066,Mumbai,8,1814.82
CUS007067,Pune,6,1584.02
CUS007068,Tumkur,7,2619.99
CUS007069,Pune,14,623.92
CUS007070,Bangalore,7,5433.59
CUS007071,Mumbai,7,2193.75
CUS007072,Pune,4,2397.09
CUS007073,Hyderabad,7,588.89
CUS007074,Mysore,7,978.7
CUS007075,Mysore,14,2879.86
CUS007076,Mysore,3,1532.21
CUS007077,Tumkur,9,1542.7
CUS007078,Hyderabad,7,875.74
CUS007079,Tumkur,7,1888.9
CUS007080,Tumkur,6,4220.4
CUS007081,Hyderabad,9,3339.01
CUS007082,Mysore,6,1179.91
CUS007083,Tumkur,3,2867.51
CUS007084,Hyderabad,6,1983.08
CUS007085,Pune,6,913.53
CUS007086,Tumkur,12,1544.06
CUS007087,Bangalore,5,2324.41
CUS007088,Mumbai,7,1944.32
CUS007089,Tumkur,5,1928.8
CUS007090,Bangalore,8,1734.41
CUS007091,Bangalore,8,1596.7
CUS007092,Hyderabad,5,1287.83
CUS007093,Pune,6,965.68
CUS007094,Mysore,10,2198.69
CUS007095,Mumbai,7,932.4
CUS007096,Tumkur,8,818.65
CUS007097,Pune,11,5192.88
CUS007098,Mumbai,7,2319.23
CUS007099,Hyderabad,6,3147.47
CUS007100,Pune,10,2317.1
CUS007101,Mysore,7,1623.72
CUS007102,Bangalore,11,2449.93
CUS007103,Chennai,10,2342.03
CUS007104,Chennai,10,2398.22
CUS007105,Chennai,8,2151.2
CUS007106,Delhi,3,1273.66
CUS007107,Pune,8,2689.74
CUS007108,Mysore,8,817.76
CUS007109,Hyderabad,10,1976.18
CUS007110,Bangalore,13,2125.78
CUS007111,Mumbai,11,2498.93
CUS007112,Delhi,7,2007.92
CUS007113,Pune,11,3166.67
CUS007114,Mysore,8,1135.76
CUS007115,Delhi,7,1411.53
CUS007116,Bangalore,16,1656.95
CUS007117,Pune,16,2142.75
CUS007118,Chennai,12,2412.58
CUS007119,Bangalore,7,1115.61
CUS007120,Hyderabad,14,1401.14
CUS007121,Mysore,8,3388.57
CUS007122,Chennai,12,2042.84
CUS007123,Tumkur,10,1816.56
CUS007124,Hyderabad,9,3566.84
CUS007125,Pune,8,2032.87
CUS007126,Delhi,5,2065.21
CUS007127,Mysore,5,2415.71
CUS007128,Chennai,11,1923.71
CUS007129,Tumkur,9,4083.26
CUS007130,Mumbai,6,1951.3
CUS007131,Tumkur,2,1489.57
CUS007132,Chennai,16,1249.97
CUS007133,Pune,5,1982.27
CUS007134,Delhi,3,5471.87
CUS007135,Bangalore,5,5461.29
CUS007136,Bangalore,8,1658.05
CUS007137,Delhi,12,1338.29
CUS007138,Hyderabad,10,3715.53
CUS007139,Tumkur,12,1680.56
CUS007140,Bangalore,6,2140.02
CUS007141,Bangalore,5,2000.03
CUS007142,Delhi,11,1813.61
CUS007143,Hyderabad,4,1228.82
CUS007144,Hyderabad,11,5277.98
CUS007145,Pune,5,972.3
CUS007146,Mumbai,11,1795.38
CUS007147,Chennai,8,1514.03
CUS007148,Hyderabad,11,1295.44
CUS007149,Bangalore,6,2605.95
CUS007150,Tumkur,8,1056.66
CUS007151,Mysore,14,1199.41
CUS007152,Hyderabad,8,1272.94
CUS007153,Mysore,8,3551.61
CUS007154,Pune,10,1437.77
CUS007155,Mysore,1,2599.85
CUS007156,Tumkur,11,3375.54
CUS007157,Hyderabad,6,2643.03
CUS007158,Pune,5,3223.42
CUS007159,Chennai,2,2126.88
CUS007160,Mumbai,6,2030.53
CUS007161,Mumbai,9,1564.55
CUS007162,Hyderabad,9,1565.37
CUS007163,Delhi,12,1969.98
CUS007164,Hyderabad,9,1902.38
CUS007165,Chennai,4,2003.75
CUS007166,Mumbai,6,1650.43
CUS007167,Mumbai,12,1176.0
CUS007168,Chennai,4,424.32
CUS007169,Delhi,8,1039.68
CUS007170,Mumbai,5,1111.24
CUS007171,Bangalore,8,1530.71
CUS007172,Tumkur,9,958.72
CUS007173,Bangalore,8,3094.03
CUS007174,Delhi,7,2589.42
CUS007175,Bangalore,5,4581.85
CUS007176,Bangalore,7,1669.02
CUS007177,Tumkur,8,1893.37
CUS007178,Pune,7,787.81
CUS007179,Delhi,8,5552.95
CUS007180,Pune,8,3865.03
CUS007181,Mysore,10,3327.79
CUS007182,Mysore,8,1658.36
CUS007183,Bangalore,5,1432.64
CUS007184,Delhi,5,1226.47
CUS007185,Mysore,11,2768.45
CUS007186,Mumbai,6,2072.42
CUS007187,Pune,7,1774.45
CUS007188,Mumbai,10,3458.64
CUS007189,Pune,4,658.84
CUS007190,Tumkur,9,1288.84
CUS007191,Bangalore,9,1283.33
CUS007192,Mysore,8,4874.41
CUS007193,Delhi,8,1440.88
CUS007194,Mumbai,11,978.06
CUS007195,Chennai,7,1187.59
CUS007196,Delhi,6,2120.48
CUS007197,Bangalore,11,2650.88
CUS007198,Chennai,6,984.76
CUS007199,Bangalore,8,3808.66
CUS007200,Hyderabad,4,1649.33
CUS007201,Mumbai,11,1457.0
CUS007202,Chennai,3,2501.06
CUS007203,Mysore,14,970.03
CUS007204,Hyderabad,7,3201.25
CUS007205,Chennai,9,1291.52
CUS007206,Chennai,8,1895.54
CUS007207,Delhi,6,1612.29
CUS007208,Mumbai,9,2684.9
CUS007209,Bangalore,5,2239.36
CUS007210,Hyderabad,7,1617.22
CUS007211,Delhi,5,1551.14
CUS007212,Chennai,8,2602.9
CUS007213,Bangalore,8,1836.22
CUS007214,Chennai,12,1652.07
CUS007215,Pune,10,1963.01
CUS007216,Mysore,12,1798.24
CUS007217,Hyderabad,10,701.45
CUS007218,Delhi,10,2322.83
CUS007219,Tumkur,4,1331.55
CUS007220,Chennai,16,1268.78
CUS007221,Tumkur,7,1507.55
CUS007222,Mysore,9,1218.15
CUS007223,Tumkur,2,1337.26
CUS007224,Mysore,4,1159.46
CUS007225,Tumkur,2,1661.85
CUS007226,Hyderabad,14,4233.05
CUS007227,Chennai,6,880.33
CUS007228,Hyderabad,11,2219.84
CUS007229,Chennai,10,2412.77
CUS007230,Bangalore,4,1312.08
CUS007231,Hyderabad,6,2114.03
CUS007232,Delhi,4,772.13
CUS007233,Bangalore,9,1332.08
CUS007234,Pune,8,2303.47
CUS007235,Bangalore,6,2393.19
CUS007236,Mumbai,9,2223.55
CUS007237,Pune,9,1002.63
CUS007238,Pune,9,921.25
CUS007239,Hyderabad,9,1669.65
CUS007240,Mysore,14,2252.81
CUS007241,Delhi,9,1459.58
CUS007242,Delhi,8,877.15
CUS007243,Mumbai,9,2660.14
CUS007244,Bangalore,14,6207.29
CUS007245,Chennai,9,1692.29
CUS007246,Bangalore,8,1155.95
CUS007247,Hyderabad,8,1361.81
CUS007248,Pune,5,2667.54
CUS007249,Delhi,4,1683.84
CUS007250,Mumbai,13,2968.81
CUS007251,Bangalore,9,1338.88
CUS007252,Pune,10,1937.4
CUS007253,Chennai,7,1207.39
CUS007254,Mumbai,5,1052.59
CUS007255,Mysore,5,3746.42
CUS007256,Bangalore,10,3673.25
CUS007257,Chennai,5,1253.92
CUS007258,Pune,9,3110.16
CUS007259,Mysore,11,1555.47
CUS007260,Chennai,9,3288.49
CUS007261,Chennai,7,1986.52
CUS007262,Tumkur,7,659.42
CUS007263,Mumbai,5,3845.1
CUS007264,Hyderabad,7,2923.82
CUS007265,Mysore,8,2074.98
CUS007266,Mysore,10,4031.91
CUS007267,Bangalore,7,1588.1
CUS007268,Delhi,11,2661.26
CUS007269,Pune,8,911.2
CUS007270,Bangalore,11,3353.96
CUS007271,Mumbai,11,1501.14
CUS007272,Hyderabad,12,2439.87
CUS007273,Chennai,9,2671.18
CUS007274,Mysore,7,1645.0
CUS007275,Delhi,4,539.41
CUS007276,Chennai,11,1473.77
CUS007277,Mumbai,4,1836.53
CUS007278,Bangalore,5,1402.19
CUS007279,Mumbai,11,1263.89
CUS007280,Chennai,7,2893.11
CUS007281,Mysore,9,3144.67
CUS007282,Delhi,8,2684.23
CUS007283,Mysore,8,1905.33
CUS007284,Delhi,5,1762.35
CUS007285,Mysore,7,1902.74
CUS007286,Mysore,7,1715.59
CUS007287,Bangalore,4,1352.29
CUS007288,Bangalore,10,1118.36
CUS007289,Pune,8,3782.06
CUS007290,Mumbai,6,2114.91
CUS007291,Mysore,13,2087.59
CUS007292,Tumkur,9,5937.72
CUS007293,Bangalore,11,4640.48
CUS007294,Delhi,8,1819.84
CUS007295,Bangalore,9,2124.71
CUS007296,Hyderabad,12,2405.39
CUS007297,Pune,6,2816.42
CUS007298,Mysore,6,3298.66
CUS007299,Mysore,11,1553.93
CUS007300,Bangalore,11,1528.48
CUS007301,Bangalore,12,742.17
CUS007302,Hyderabad,7,1160.29
CUS007303,Pune,9,922.77
CUS007304,Pune,8,1175.7
CUS007305,Mysore,8,1262.46
CUS007306,Pune,5,881.58
CUS007307,Chennai,12,2113.0
CUS007308,Bangalore,5,1221.83
CUS007309,Delhi,13,1532.8
CUS007310,Pune,9,1987.05
CUS007311,Delhi,4,2401.84
CUS007312,Pune,5,2031.33
CUS007313,Mysore,6,1851.79
CUS007314,Mumbai,6,2204.27
CUS007315,Bangalore,5,3932.44
CUS007316,Delhi,11,2537.02
CUS007317,Mumbai,13,1842.15
CUS007318,Chennai,7,1566.72
CUS007319,Mysore,8,1178.35
CUS007320,Mysore,10,2243.89
CUS007321,Bangalore,11,1961.36
CUS007322,Mysore,6,839.28
CUS007323,Chennai,4,2787.31
CUS007324,Tumkur,10,1604.43
CUS007325,Hyderabad,13,1358.98
CUS007326,Mumbai,11,1636.62
CUS007327,Pune,7,986.61
CUS007328,Delhi,7,1592.3
CUS007329,Delhi,10,2602.98
CUS007330,Tumkur,5,3402.04
CUS007331,Chennai,9,2803.6
CUS007332,Tumkur,5,2577.69
CUS007333,Bangalore,12,1348.35
CUS007334,Bangalore,4,1758.3
CUS007335,Tumkur,5,970.84
CUS007336,Hyderabad,6,3294.96
CUS007337,Pune,13,2704.3
CUS007338,Mumbai,8,1118.86
CUS007339,Hyderabad,9,4314.43
CUS007340,Tumkur,4,2601.96
CUS007341,Tumkur,8,2151.35
CUS007342,Delhi,7,1290.0
CUS007343,Hyderabad,5,1042.07
CUS007344,Mumbai,13,1413.75
CUS007345,Hyderabad,4,1471.98
CUS007346,Mumbai,10,2072.02
CUS007347,Bangalore,7,3059.07
CUS007348,Tumkur,9,1162.23
CUS007349,Bangalore,9,3191.33
CUS007350,Chennai,7,2770.06
CUS007351,Bangalore,9,2394.63
CUS007352,Pune,5,835.23
CUS007353,Mumbai,2,3176.04
CUS007354,Chennai,5,1682.23
CUS007355,Chennai,8,2025.37
CUS007356,Chennai,9,1783.94
CUS007357,Mysore,12,3722.52
CUS007358,Mumbai,9,976.96
CUS007359,Chennai,5,921.08
CUS007360,Delhi,14,699.1
CUS007361,Delhi,6,2137.14
CUS007362,Mumbai,6,1868.68
CUS007363,Mumbai,9,1622.63
CUS007364,Hyderabad,6,2946.4
CUS007365,Pune,7,2145.49
CUS007366,Mumbai,6,4668.86
CUS007367,Tumkur,8,2338.04
CUS007368,Mysore,8,1947.54
CUS007369,Delhi,11,797.93
CUS007370,Bangalore,6,1415.91
CUS007371,Delhi,5,3340.11
CUS007372,Chennai,7,2894.13
CUS007373,Bangalore,10,4045.94
CUS007374,Chennai,5,1776.79
CUS007375,Chennai,8,2409.73
CUS007376,Delhi,11,3278.46
CUS007377,Chennai,10,2840.32
CUS007378,Chennai,10,1912.58
CUS007379,Delhi,4,2318.24
CUS007380,Mumbai,8,1243.71
CUS007381,Pune,9,1419.38
CUS007382,Chennai,11,393.09
CUS007383,Pune,9,732.84
CUS007384,Tumkur,8,1545.01
CUS007385,Bangalore,8,3311.41
CUS007386,Mumbai,9,898.24
CUS007387,Bangalore,5,1587.87
CUS007388,Mysore,8,1666.5
CUS007389,Mumbai,5,1421.04
CUS007390,Bangalore,8,1045.79
CUS007391,Mysore,3,2145.96
CUS007392,Tumkur,7,1597.16
CUS007393,Hyderabad,8,2019.86
CUS007394,Delhi,10,2627.87
CUS007395,Chennai,7,2036.5
CUS007396,Mumbai,10,1947.1
CUS007397,Bangalore,8,3948.57
CUS007398,Bangalore,11,2204.64
CUS007399,Chennai,13,1433.12
CUS007400,Chennai,15,3577.57
CUS007401,Hyderabad,4,1557.68
CUS007402,Tumkur,7,1217.25
CUS007403,Chennai,6,1900.51
CUS007404,Hyderabad,3,3275.12
CUS007405,Tumkur,10,4627.74
CUS007406,Mumbai,10,1678.49
CUS007407,Chennai,16,2052.63
CUS007408,Tumkur,2,2184.16
CUS007409,Chennai,11,1282.21
CUS007410,Bangalore,14,2537.02
CUS007411,Tumkur,6,861.35
CUS007412,Hyderabad,6,1346.7
CUS007413,Mysore,10,3054.84
CUS007414,Bangalore,3,3463.65
CUS007415,Tumkur,5,1203.42
CUS007416,Pune,7,2373.47
CUS007417,Mysore,5,2553.83
CUS007418,Mumbai,10,2375.22
CUS007419,Chennai,5,2745.87
CUS007420,Hyderabad,13,3538.45
CUS007421,Delhi,7,3704.12
CUS007422,Chennai,4,1539.11
CUS007423,Mumbai,6,1760.3
CUS007424,Mumbai,3,1273.77
CUS007425,Tumkur,8,3938.38
CUS007426,Pune,12,5868.16
CUS007427,Mysore,8,1507.13
CUS007428,Mysore,9,2080.79
CUS007429,Tumkur,7,2813.53
CUS007430,Tumkur,6,1763.29
CUS007431,Chennai,4,2171.03
CUS007432,Chennai,6,2005.06
CUS007433,Pune,4,1757.7
CUS007434,Mumbai,3,3387.24
CUS007435,Mumbai,8,2216.65
CUS007436,Pune,8,3166.24
CUS007437,Chennai,8,746.21
CUS007438,Bangalore,4,2621.09
CUS007439,Chennai,11,2489.25
CUS007440,Hyderabad,10,1210.36
CUS007441,Tumkur,4,1138.77
CUS007442,Mumbai,10,4791.19
CUS007443,Chennai,8,5138.18
CUS007444,Bangalore,8,2700.17
CUS007445,Hyderabad,5,1991.17
CUS007446,Tumkur,5,6661.16
CUS007447,Delhi,9,2989.7
CUS007448,Chennai,7,1092.54
CUS007449,Mysore,11,1825.09
CUS007450,Delhi,6,1964.87
CUS007451,Mysore,9,1647.04
CUS007452,Tumkur,5,1552.08
CUS007453,Pune,11,1857.06
CUS007454,Mumbai,11,657.67
CUS007455,Delhi,8,2256.82
CUS007456,Delhi,7,2087.95
CUS007457,Tumkur,5,3115.21
CUS007458,Mumbai,8,1121.27
CUS007459,Mumbai,12,2101.45
CUS007460,Delhi,5,1175.79
CUS007461,Delhi,8,2424.15
CUS007462,Delhi,9,980.86
CUS007463,Hyderabad,10,2197.81
CUS007464,Pune,14,2481.19
CUS007465,Bangalore,11,1976.44
CUS007466,Chennai,10,1367.96
CUS007467,Chennai,7,1462.14
CUS007468,Chennai,9,884.23
CUS007469,Delhi,8,671.44
CUS007470,Chennai,7,3691.44
CUS007471,Pune,6,2485.46
CUS007472,Chennai,6,4597.56
CUS007473,Hyderabad,5,523.33
CUS007474,Pune,8,1311.73
CUS007475,Pune,7,1717.45
CUS007476,Tumkur,7,1658.53
CUS007477,Mumbai,10,2852.29
CUS007478,Hyderabad,4,1526.04
CUS007479,Mysore,7,749.62
CUS007480,Tumkur,12,882.72
CUS007481,Mysore,7,2299.5
CUS007482,Hyderabad,1,2069.98
CUS007483,Delhi,7,916.93
CUS007484,Mumbai,10,2195.94
CUS007485,Chennai,11,3390.44
CUS007486,Bangalore,10,3280.92
CUS007487,Delhi,6,1999.86
CUS007488,Mumbai,13,731.18
CUS007489,Pune,6,2040.95
CUS007490,Delhi,15,3479.06
CUS007491,Delhi,7,1995.14
CUS007492,Pune,9,1963.51
CUS007493,Pune,6,1425.34
CUS007494,Mumbai,5,3079.78
CUS007495,Delhi,11,1047.64
CUS007496,Mumbai,3,1322.05
CUS007497,Hyderabad,9,1128.77
CUS007498,Pune,5,836.75
CUS007499,Bangalore,5,2534.99
CUS007500,Tumkur,8,2085.06
CUS007501,Delhi,6,3612.59
CUS007502,Chennai,8,2410.69
CUS007503,Hyderabad,9,3563.46
CUS007504,Mysore,6,1355.49
CUS007505,Mumbai,11,1021.41
CUS007506,Mysore,8,2061.46
CUS007507,Hyderabad,6,1114.67
CUS007508,Mysore,8,1054.25
CUS007509,Hyderabad,7,732.74
CUS007510,Chennai,6,3178.47
CUS007511,Mysore,8,2844.65
CUS007512,Mysore,10,3037.51
CUS007513,Mysore,10,1697.38
CUS007514,Mumbai,8,979.74
CUS007515,Bangalore,10,2066.77
CUS007516,Chennai,7,1275.66
CUS007517,Mumbai,7,2345.37
CUS007518,Chennai,8,1242.48
CUS007519,Mumbai,12,2897.33
CUS007520,Hyderabad,6,3809.12
CUS007521,Hyderabad,10,3698.33
CUS007522,Hyderabad,5,2061.69
CUS007523,Chennai,13,2587.86
CUS007524,Tumkur,16,4554.01
CUS007525,Hyderabad,7,3237.05
CUS007526,Bangalore,18,2005.33
CUS007527,Hyderabad,5,1746.64
CUS007528,Hyderabad,8,3889.45
CUS007529,Mumbai,11,2065.76
CUS007530,Pune,12,1347.85
CUS007531,Pune,9,2373.8
CUS007532,Bangalore,11,1615.62
CUS007533,Delhi,6,2736.07
CUS007534,Tumkur,8,2023.18
CUS007535,Pune,6,2220.09
CUS007536,Chennai,9,1478.11
CUS007537,Chennai,9,2108.65
CUS007538,Chennai,9,1753.45
CUS007539,Delhi,7,4015.25
CUS007540,Chennai,10,2331.8
CUS007541,Delhi,8,1876.31
CUS007542,Delhi,10,2326.3
CUS007543,Mumbai,4,1370.86
CUS007544,Mysore,9,2385.61
CUS007545,Mumbai,12,1607.84
CUS007546,Chennai,9,4228.54
CUS007547,Pune,6,2731.93
CUS007548,Pune,15,1586.11
CUS007549,Chennai,8,2232.25
CUS007550,Delhi,7,3703.5
CUS007551,Delhi,5,926.02
CUS007552,Bangalore,9,1538.95
CUS007553,Mumbai,6,1094.29
CUS007554,Tumkur,6,1882.8
CUS007555,Tumkur,2,3262.97
CUS007556,Hyderabad,9,1283.11
CUS007557,Bangalore,7,1533.32
CUS007558,Delhi,11,1972.12
CUS007559,Mumbai,7,1747.32
CUS007560,Mumbai,10,786.1
CUS007561,Chennai,14,5314.19
CUS007562,Pune,7,1665.01
CUS007563,Pune,11,1745.42
CUS007564,Pune,7,555.67
CUS007565,Hyderabad,7,4156.23
CUS007566,Mumbai,6,2640.36
CUS007567,Bangalore,8,733.72
CUS007568,Bangalore,10,1461.93
CUS007569,Tumkur,6,1094.62
CUS007570,Tumkur,7,3297.9
CUS007571,Mumbai,8,1255.38
CUS007572,Pune,7,1960.08
CUS007573,Pune,11,1283.49
CUS007574,Chennai,5,2336.61
CUS007575,Pune,4,5221.39
CUS007576,Mysore,9,941.01
CUS007577,Pune,9,665.05
CUS007578,Chennai,9,641.63
CUS007579,Delhi,8,999.2
CUS007580,Mysore,5,1517.75
CUS007581,Mumbai,4,2146.46
CUS007582,Delhi,9,1454.75
CUS007583,Hyderabad,9,5006.51
CUS007584,Mysore,9,1123.29
CUS007585,Tumkur,10,1405.24
CUS007586,Mysore,6,2539.52
CUS007587,Tumkur,6,1156.21
CUS007588,Bangalore,8,1482.62
CUS007589,Delhi,7,1071.26
CUS007590,Bangalore,7,1364.61
CUS007591,Tumkur,4,1312.33
CUS007592,Chennai,12,1898.82
CUS007593,Mysore,9,924.14
CUS007594,Pune,5,954.71
CUS007595,Hyderabad,13,2132.11
CUS007596,Chennai,9,1320.09
CUS007597,Chennai,6,2991.85
CUS007598,Hyderabad,8,2926.04
CUS007599,Mysore,8,3635.56
CUS007600,Delhi,5,1714.28
CUS007601,Bangalore,9,1569.58
CUS007602,Mumbai,5,1731.01
CUS007603,Bangalore,9,1747.31
CUS007604,Tumkur,15,1685.51
CUS007605,Mumbai,8,924.9
CUS007606,Pune,12,1438.19
CUS007607,Pune,5,2142.01
CUS007608,Tumkur,8,2382.43
CUS007609,Mysore,12,1019.08
CUS007610,Tumkur,6,3186.84
CUS007611,Pune,8,2367.14
CUS007612,Delhi,10,1849.49
CUS007613,Mysore,3,958.89
CUS007614,Pune,9,3108.83
CUS007615,Chennai,3,1660.17
CUS007616,Tumkur,8,728.28
CUS007617,Chennai,10,746.8
CUS007618,Hyderabad,8,1991.28
CUS007619,Pune,15,2252.82
CUS007620,Delhi,9,2091.44
CUS007621,Tumkur,12,1138.75
CUS007622,Hyderabad,5,1891.31
CUS007623,Chennai,8,1330.01
CUS007624,Delhi,12,2479.05
CUS007625,Hyderabad,13,2244.02
CUS007626,Chennai,3,2451.86
CUS007627,Bangalore,8,1942.53
CUS007628,Tumkur,8,1376.74
CUS007629,Delhi,8,4162.29
CUS007630,Mysore,6,2579.39
CUS007631,Pune,11,1216.56
CUS007632,Chennai,8,4412.63
CUS007633,Mumbai,4,1010.44
CUS007634,Delhi,8,901.74
CUS007635,Delhi,7,1354.99
CUS007636,Delhi,6,1677.38
CUS007637,Bangalore,11,2938.02
CUS007638,Mysore,10,2092.23
CUS007639,Hyderabad,8,1739.09
CUS007640,Delhi,11,1548.41
CUS007641,Mumbai,11,932.44
CUS007642,Hyderabad,6,3560.04
CUS007643,Pune,5,1869.12
CUS007644,Tumkur,10,3943.51
CUS007645,Pune,10,1337.03
CUS007646,Chennai,5,5173.31
CUS007647,Tumkur,10,910.49
CUS007648,Pune,3,1879.28
CUS007649,Delhi,8,1316.26
CUS007650,Pune,10,1444.51
CUS007651,Tumkur,10,1825.13
CUS007652,Mysore,7,5451.36
CUS007653,Pune,11,3943.08
CUS007654,Bangalore,7,3721.03
CUS007655,Chennai,8,1142.28
CUS007656,Tumkur,10,2502.54
CUS007657,Hyderabad,12,978.32
CUS007658,Hyderabad,9,1585.85
CUS007659,Mysore,11,1068.97
CUS007660,Chennai,9,4346.35
CUS007661,Delhi,9,2122.16
CUS007662,Pune,3,1056.03
CUS007663,Mysore,3,2139.9
CUS007664,Mumbai,5,1949.34
CUS007665,Mysore,12,3101.04
CUS007666,Mysore,10,879.02
CUS007667,Mumbai,6,2149.91
CUS007668,Pune,5,1702.19
CUS007669,Delhi,7,1647.75
CUS007670,Tumkur,8,1631.93
CUS007671,Hyderabad,5,2479.06
CUS007672,Chennai,4,1152.83
CUS007673,Bangalore,9,1191.31
CUS007674,Delhi,8,952.81
CUS007675,Bangalore,8,3348.46
CUS007676,Mysore,13,2160.9
CUS007677,Delhi,7,1697.11
CUS007678,Pune,10,4013.75
CUS007679,Mumbai,4,693.68
CUS007680,Pune,11,3507.55
CUS007681,Chennai,8,1702.49
CUS007682,Pune,14,842.21
CUS007683,Bangalore,5,1468.59
CUS007684,Bangalore,7,1810.12
CUS007685,Hyderabad,6,806.27
CUS007686,Mysore,7,1547.18
CUS007687,Tumkur,6,2936.83
CUS007688,Mumbai,13,4236.93
CUS007689,Delhi,6,1645.62
CUS007690,Delhi,12,1040.26
CUS007691,Delhi,11,1501.59
CUS007692,Mysore,10,2171.52
CUS007693,Mysore,9,2904.7
CUS007694,Chennai,11,2068.31
CUS007695,Delhi,3,1101.67
CUS007696,Tumkur,6,2797.34
CUS007697,Delhi,2,1320.08
CUS007698,Hyderabad,19,2292.07
CUS007699,Tumkur,4,1336.08
CUS007700,Tumkur,4,2767.9
CUS007701,Bangalore,6,770.82
CUS007702,Mysore,11,1222.28
CUS007703,Tumkur,9,2620.48
CUS007704,Hyderabad,7,1493.8
CUS007705,Mysore,8,524.66
CUS007706,Pune,9,1011.18
CUS007707,Tumkur,10,1514.34
CUS007708,Mysore,6,3074.91
CUS007709,Bangalore,11,1646.78
CUS007710,Hyderabad,12,5355.51
CUS007711,Tumkur,8,4219.48
CUS007712,Delhi,6,3375.87
CUS007713,Mumbai,10,649.67
CUS007714,Tumkur,5,3189.09
CUS007715,Chennai,6,2671.5
CUS007716,Bangalore,5,1317.66
CUS007717,Chennai,6,1476.14
CUS007718,Delhi,4,1575.38
CUS007719,Bangalore,9,1820.42
CUS007720,Mysore,6,2353.65
CUS007721,Pune,2,1627.78
CUS007722,Hyderabad,10,1549.37
CUS007723,Delhi,13,970.44
CUS007724,Bangalore,12,1205.87
CUS007725,Bangalore,13,1778.53
CUS007726,Bangalore,11,1360.65
CUS007727,Pune,8,2946.26
CUS007728,Chennai,7,1943.33
CUS007729,Chennai,5,1824.83
CUS007730,Mumbai,6,2588.96
CUS007731,Chennai,5,1227.49
CUS007732,Chennai,5,862.75
CUS007733,Mysore,6,1066.15
CUS007734,Bangalore,11,927.48
CUS007735,Pune,6,5188.31
CUS007736,Bangalore,7,4299.74
CUS007737,Bangalore,9,1242.95
CUS007738,Mumbai,10,889.61
CUS007739,Chennai,6,3227.22
CUS007740,Mysore,9,3025.36
CUS007741,Chennai,7,2183.82
CUS007742,Mysore,7,1175.84
CUS007743,Tumkur,9,2474.0
CUS007744,Tumkur,3,1274.78
CUS007745,Bangalore,6,1229.13
CUS007746,Pune,8,1361.74
CUS007747,Mysore,8,1450.39
CUS007748,Mumbai,10,3396.65
CUS007749,Mumbai,7,1263.43
CUS007750,Chennai,12,1387.48
CUS007751,Chennai,11,1939.2
CUS007752,Pune,5,2431.53
CUS007753,Pune,13,1505.1
CUS007754,Mysore,10,594.41
CUS007755,Chennai,8,3455.27
CUS007756,Chennai,8,1598.14
CUS007757,Mysore,7,3121.58
CUS007758,Mumbai,7,2422.6
CUS007759,Mumbai,4,1473.67
CUS007760,Tumkur,4,1388.65
CUS007761,Bangalore,14,1732.99
CUS007762,Pune,7,1820.93
CUS007763,Mumbai,10,1305.31
CUS007764,Bangalore,4,779.24
CUS007765,Pune,6,2347.17
CUS007766,Chennai,9,1523.55
CUS007767,Delhi,7,963.16
CUS007768,Chennai,5,2430.0
CUS007769,Mysore,12,1065.26
CUS007770,Hyderabad,10,2174.22
CUS007771,Mumbai,11,2478.9
CUS007772,Bangalore,10,867.76
CUS007773,Mysore,8,2032.33
CUS007774,Chennai,7,3771.11
CUS007775,Pune,9,707.33
CUS007776,Hyderabad,7,1524.74
CUS007777,Delhi,5,2484.6
CUS007778,Mysore,10,3855.92
CUS007779,Tumkur,10,1666.47
CUS007780,Hyderabad,7,1407.11
CUS007781,Mysore,12,670.88
CUS007782,Mumbai,9,4436.04
CUS007783,Pune,9,890.5
CUS007784,Tumkur,10,853.57
CUS007785,Mumbai,4,2341.76
CUS007786,Tumkur,6,3559.37
CUS007787,Mumbai,8,1777.03
CUS007788,Delhi,7,1474.03
CUS007789,Mysore,12,3702.01
CUS007790,Mumbai,8,1319.87
CUS007791,Bangalore,3,994.84
CUS007792,Delhi,6,1221.13
CUS007793,Pune,6,3903.78
CUS007794,Chennai,6,2554.53
CUS007795,Bangalore,3,1495.95
CUS007796,Chennai,12,3250.38
CUS007797,Bangalore,11,1182.0
CUS007798,Mysore,7,686.06
CUS007799,Hyderabad,5,989.86
CUS007800,Chennai,13,1732.26
CUS007801,Pune,11,1826.35
CUS007802,Chennai,5,2449.66
CUS007803,Mysore,7,1906.25
CUS007804,Bangalore,6,1344.81
CUS007805,Tumkur,7,988.56
CUS007806,Mumbai,9,2092.91
CUS007807,Delhi,8,2878.63
CUS007808,Hyderabad,8,1499.2
CUS007809,Chennai,12,1175.84
CUS007810,Tumkur,6,1150.13
CUS007811,Pune,10,962.3
CUS007812,Chennai,6,1268.99
CUS007813,Bangalore,10,1939.25
CUS007814,Chennai,6,660.42
CUS007815,Delhi,11,1206.07
CUS007816,Mumbai,7,1832.51
CUS007817,Tumkur,4,1930.56
CUS007818,Hyderabad,1,3082.59
CUS007819,Mumbai,10,1399.14
CUS007820,Bangalore,8,1042.92
CUS007821,Pune,11,1335.09
CUS007822,Hyderabad,8,2679.28
CUS007823,Bangalore,9,1958.78
CUS007824,Chennai,9,2342.26
CUS007825,Mumbai,8,1608.19
CUS007826,Mumbai,12,915.52
CUS007827,Chennai,7,746.13
CUS007828,Chennai,7,1750.54
CUS007829,Bangalore,7,3061.31
CUS007830,Chennai,8,1422.6
CUS007831,Chennai,9,3290.39
CUS007832,Pune,8,2499.25
CUS007833,Mumbai,9,1883.93
CUS007834,Tumkur,7,2204.5
CUS007835,Delhi,15,2130.86
CUS007836,Bangalore,4,1513.96
CUS007837,Mysore,6,1453.49
CUS007838,Delhi,7,1303.44
CUS007839,Mysore,10,981.99
CUS007840,Chennai,7,2300.78
CUS007841,Bangalore,12,2186.6
CUS007842,Tumkur,6,1311.86
CUS007843,Chennai,11,773.8
CUS007844,Tumkur,10,1328.16
CUS007845,Mysore,7,2321.32
CUS007846,Tumkur,9,4293.39
CUS007847,Chennai,7,1279.79
CUS007848,Chennai,7,1804.52
CUS007849,Mysore,10,1113.45
CUS007850,Pune,6,1038.05
CUS007851,Delhi,12,1065.66
CUS007852,Hyderabad,12,868.39
CUS007853,Tumkur,8,1425.6
CUS007854,Chennai,12,1208.05
CUS007855,Chennai,4,794.78
CUS007856,Pune,4,2003.37
CUS007857,Tumkur,7,2796.86
CUS007858,Chennai,9,2414.78
CUS007859,Hyderabad,9,1064.51
CUS007860,Hyderabad,8,1175.81
CUS007861,Delhi,12,3307.84
CUS007862,Chennai,7,1073.11
CUS007863,Hyderabad,12,907.97
CUS007864,Delhi,4,2877.85
CUS007865,Mysore,9,1427.85
CUS007866,Mumbai,13,2743.59
CUS007867,Pune,5,1579.45
CUS007868,Pune,8,2419.22
CUS007869,Tumkur,9,3892.86
CUS007870,Delhi,2,1923.65
CUS007871,Delhi,5,1489.55
CUS007872,Pune,12,2606.49
CUS007873,Pune,12,1256.82
CUS007874,Tumkur,10,1854.85
CUS007875,Delhi,9,2234.85
CUS007876,Bangalore,7,2585.5
CUS007877,Pune,5,2042.56
CUS007878,Pune,11,891.47
CUS007879,Mysore,12,2481.39
CUS007880,Hyderabad,8,3536.57
CUS007881,Tumkur,5,2422.49
CUS007882,Tumkur,12,1611.5
CUS007883,Hyderabad,5,1514.66
CUS007884,Pune,7,2081.57
CUS007885,Delhi,5,1548.13
CUS007886,Hyderabad,3,1802.16
CUS007887,Delhi,8,1307.68
CUS007888,Hyderabad,8,3258.95
CUS007889,Pune,9,3514.01
CUS007890,Delhi,10,3538.07
CUS007891,Mysore,12,801.69
CUS007892,Mumbai,9,1998.66
CUS007893,Tumkur,7,1763.34
CUS007894,Delhi,14,1720.61
CUS007895,Chennai,11,665.01
CUS007896,Tumkur,8,2083.95
CUS007897,Chennai,9,1604.69
CUS007898,Bangalore,8,1931.96
CUS007899,Bangalore,8,1037.63
CUS007900,Mumbai,9,3867.06
CUS007901,Delhi,9,2810.34
CUS007902,Pune,8,1383.45
CUS007903,Pune,11,859.18
CUS007904,Pune,6,1579.92
CUS007905,Mumbai,12,1429.08
CUS007906,Pune,16,3443.02
CUS007907,Delhi,12,1571.48
CUS007908,Hyderabad,6,1867.58
CUS007909,Mysore,10,2014.21
CUS007910,Pune,6,2071.09
CUS007911,Bangalore,10,1460.04
CUS007912,Mysore,5,3565.35
CUS007913,Pune,11,772.91
CUS007914,Tumkur,5,625.47
CUS007915,Chennai,12,1692.06
CUS007916,Pune,8,1767.6
CUS007917,Hyderabad,6,1392.25
CUS007918,Mumbai,9,1674.29
CUS007919,Delhi,8,714.46
CUS007920,Mumbai,9,1881.83
CUS007921,Bangalore,5,1009.41
CUS007922,Pune,4,1516.29
CUS007923,Pune,9,1915.14
CUS007924,Chennai,4,4007.52
CUS007925,Chennai,10,1122.39
CUS007926,Delhi,5,2699.9
CUS007927,Bangalore,8,1552.74
CUS007928,Mumbai,11,4554.46
CUS007929,Bangalore,6,1857.64
CUS007930,Tumkur,7,2173.1
CUS007931,Hyderabad,12,3107.98
CUS007932,Delhi,7,1623.27
CUS007933,Tumkur,7,2151.87
CUS007934,Hyderabad,10,1812.73
CUS007935,Chennai,14,2823.01
CUS007936,Tumkur,10,1287.91
CUS007937,Bangalore,12,2050.82
CUS007938,Mysore,12,1543.44
CUS007939,Mysore,6,769.38
CUS007940,Pune,9,1468.87
CUS007941,Pune,4,1854.78
CUS007942,Mysore,12,2614.44
CUS007943,Chennai,6,1941.47
CUS007944,Pune,11,2778.02
CUS007945,Tumkur,14,1884.52
CUS007946,Pune,10,2496.37
CUS007947,Hyderabad,7,1649.28
CUS007948,Hyderabad,8,1750.95
CUS007949,Pune,9,1590.46
CUS007950,Hyderabad,9,2132.45
CUS007951,Pune,8,2832.17
CUS007952,Mysore,10,1020.04
CUS007953,Mysore,4,2514.21
CUS007954,Mumbai,5,3903.97
CUS007955,Tumkur,5,1623.45
CUS007956,Hyderabad,10,925.51
CUS007957,Chennai,10,2560.37
CUS007958,Pune,6,1568.77
CUS007959,Hyderabad,6,2140.88
CUS007960,Bangalore,14,1623.79
CUS007961,Tumkur,10,3158.9
CUS007962,Delhi,7,2029.91
CUS007963,Bangalore,6,655.47
CUS007964,Mysore,8,7961.92
CUS007965,Mysore,6,2527.1
CUS007966,Pune,14,678.97
CUS007967,Pune,7,3990.82
CUS007968,Hyderabad,4,2202.09
CUS007969,Pune,11,1260.59
CUS007970,Tumkur,9,2434.27
CUS007971,Tumkur,13,2493.47
CUS007972,Mumbai,7,1524.09
CUS007973,Tumkur,6,1699.39
CUS007974,Tumkur,7,3190.38
CUS007975,Chennai,9,2799.39
CUS007976,Delhi,7,1409.06
CUS007977,Tumkur,9,1656.49
CUS007978,Mysore,7,797.92
CUS007979,Delhi,4,5277.29
CUS007980,Chennai,5,816.16
CUS007981,Tumkur,13,463.43
CUS007982,Chennai,10,1418.24
CUS007983,Bangalore,10,936.54
CUS007984,Tumkur,13,2043.35
CUS007985,Chennai,8,1419.5
CUS007986,Hyderabad,6,1595.49
CUS007987,Pune,13,1554.12
CUS007988,Delhi,10,1627.5
CUS007989,Mysore,10,2854.03
CUS007990,Tumkur,7,3062.11
CUS007991,Mysore,12,4118.42
CUS007992,Hyderabad,6,4500.98
CUS007993,Mysore,11,935.23
CUS007994,Pune,5,1555.51
CUS007995,Mysore,9,1742.34
CUS007996,Hyderabad,5,5003.25
CUS007997,Mysore,7,2521.85
CUS007998,Mumbai,9,1611.03
CUS007999,Bangalore,5,1658.32
CUS008000,Chennai,7,2899.49
CUS008001,Delhi,4,1532.64
CUS008002,Delhi,11,3536.17
CUS008003,Mysore,10,1405.17
CUS008004,Bangalore,10,2423.17
CUS008005,Bangalore,3,2852.5
CUS008006,Hyderabad,3,1718.92
CUS008007,Bangalore,9,1464.11
CUS008008,Bangalore,10,778.81
CUS008009,Mysore,8,1306.18
CUS008010,Chennai,12,2455.12
CUS008011,Bangalore,8,1673.83
CUS008012,Pune,7,1671.71
CUS008013,Hyderabad,10,1974.21
CUS008014,Delhi,6,1300.05
CUS008015,Delhi,11,597.49
CUS008016,Mumbai,10,2405.22
CUS008017,Pune,14,2675.91
CUS008018,Mumbai,4,1005.4
CUS008019,Mumbai,3,2602.33
CUS008020,Mumbai,7,1748.29
CUS008021,Mumbai,12,1646.1
CUS008022,Chennai,10,1412.93
CUS008023,Mumbai,12,621.81
CUS008024,Pune,7,2557.31
CUS008025,Pune,10,5540.73
CUS008026,Bangalore,9,2110.8
CUS008027,Mumbai,12,1643.06
CUS008028,Mumbai,9,1367.44
CUS008029,Mysore,8,2472.08
CUS008030,Bangalore,8,1370.69
CUS008031,Delhi,5,1893.1
CUS008032,Pune,7,5507.49
CUS008033,Tumkur,8,2243.07
CUS008034,Bangalore,10,1667.35
CUS008035,Mysore,3,2122.3
CUS008036,Hyderabad,6,1707.03
CUS008037,Chennai,9,1488.0
CUS008038,Mumbai,8,2079.58
CUS008039,Delhi,11,2013.5
CUS008040,Delhi,14,1454.07
CUS008041,Pune,6,857.23
CUS008042,Chennai,10,1800.39
CUS008043,Bangalore,7,1659.76
CUS008044,Mumbai,8,1988.56
CUS008045,Bangalore,9,2583.8
CUS008046,Mumbai,4,1370.42
CUS008047,Bangalore,7,721.46
CUS008048,Mumbai,10,2294.55
CUS008049,Delhi,8,5071.09
CUS008050,Chennai,11,1645.84
CUS008051,Delhi,9,1605.53
CUS008052,Pune,6,2671.52
CUS008053,Mysore,9,1732.42
CUS008054,Mumbai,13,2500.11
CUS008055,Pune,8,1774.01
CUS008056,Delhi,9,1616.12
CUS008057,Mysore,7,1478.97
CUS008058,Pune,11,1107.15
CUS008059,Hyderabad,7,1305.75
CUS008060,Chennai,9,1272.93
CUS008061,Tumkur,8,2322.58
CUS008062,Bangalore,4,1100.38
CUS008063,Tumkur,10,1597.38
CUS008064,Delhi,6,2839.46
CUS008065,Mysore,7,2854.22
CUS008066,Hyderabad,6,1150.32
CUS008067,Delhi,8,1391.11
CUS008068,Tumkur,8,3005.72
CUS008069,Delhi,9,1287.5
CUS008070,Mysore,9,1972.34
CUS008071,Delhi,11,3045.03
CUS008072,Chennai,13,1473.96
CUS008073,Chennai,8,4177.0
CUS008074,Chennai,3,1034.67
CUS008075,Tumkur,7,3061.16
CUS008076,Mysore,7,1039.54
CUS008077,Mysore,6,1720.04
CUS008078,Pune,5,3585.19
CUS008079,Bangalore,11,1801.98
CUS008080,Tumkur,12,776.71
CUS008081,Mumbai,12,1361.99
CUS008082,Pune,5,1836.33
CUS008083,Hyderabad,11,3868.91
CUS008084,Chennai,4,978.08
CUS008085,Hyderabad,11,2271.45
CUS008086,Delhi,10,1125.2
CUS008087,Mysore,5,3215.74
CUS008088,Tumkur,7,1352.46
CUS008089,Delhi,2,805.3
CUS008090,Mysore,6,2809.09
CUS008091,Mumbai,5,1760.54
CUS008092,Chennai,8,1074.49
CUS008093,Mysore,7,923.86
CUS008094,Mumbai,7,718.66
CUS008095,Pune,4,2967.73
CUS008096,Pune,10,2842.09
CUS008097,Pune,5,2178.66
CUS008098,Chennai,9,2407.13
CUS008099,Chennai,11,2629.31
CUS008100,Hyderabad,8,2166.24
CUS008101,Mysore,6,3389.61
CUS008102,Hyderabad,4,1717.68
CUS008103,Mysore,7,1226.66
CUS008104,Mysore,5,1040.12
CUS008105,Mysore,3,1588.36
CUS008106,Mumbai,2,5480.49
CUS008107,Chennai,14,1454.66
CUS008108,Mysore,10,1220.26
CUS008109,Mumbai,6,1757.54
CUS008110,Tumkur,8,2503.25
CUS008111,Mumbai,7,1325.31
CUS008112,Pune,11,1059.95
CUS008113,Bangalore,10,827.96
CUS008114,Hyderabad,11,1652.68
CUS008115,Bangalore,12,1214.57
CUS008116,Chennai,6,3283.39
CUS008117,Pune,4,629.27
CUS008118,Pune,5,2532.09
CUS008119,Mumbai,7,1568.3
CUS008120,Mumbai,8,2784.21
CUS008121,Tumkur,10,2719.33
CUS008122,Chennai,7,1206.46
CUS008123,Mysore,6,2843.27
CUS008124,Pune,10,1026.18
CUS008125,Bangalore,6,1393.9
CUS008126,Delhi,8,1673.84
CUS008127,Mumbai,3,1517.12
CUS008128,Tumkur,10,2005.5
CUS008129,Hyderabad,10,3012.74
CUS008130,Chennai,11,2050.01
CUS008131,Delhi,3,2101.99
CUS008132,Delhi,5,1158.22
CUS008133,Tumkur,8,5226.45
CUS008134,Hyderabad,4,1271.79
CUS008135,Tumkur,7,1043.44
CUS008136,Bangalore,2,2743.43
CUS008137,Mumbai,9,1711.27
CUS008138,Hyderabad,11,964.24
CUS008139,Mysore,11,2572.88
CUS008140,Hyderabad,10,2033.89
CUS008141,Delhi,12,1586.65
CUS008142,Chennai,12,2285.63
CUS008143,Delhi,5,4727.7
CUS008144,Hyderabad,10,1882.55
CUS008145,Pune,8,1883.71
CUS008146,Bangalore,6,923.33
CUS008147,Mumbai,12,1010.93
CUS008148,Tumkur,9,1045.68
CUS008149,Chennai,10,937.54
CUS008150,Chennai,11,2475.89
CUS008151,Bangalore,9,1540.48
CUS008152,Tumkur,7,1971.8
CUS008153,Delhi,7,1440.54
CUS008154,Pune,8,2836.18
CUS008155,Hyderabad,14,2557.66
CUS008156,Tumkur,11,1415.78
CUS008157,Bangalore,8,2144.7
CUS008158,Pune,7,1323.46
CUS008159,Mumbai,8,1205.86
CUS008160,Pune,10,1013.49
CUS008161,Delhi,9,977.95
CUS008162,Mumbai,10,1113.08
CUS008163,Pune,10,1164.25
CUS008164,Pune,11,1026.13
CUS008165,Mysore,4,1136.96
CUS008166,Hyderabad,5,1299.72
CUS008167,Hyderabad,6,3888.53
CUS008168,Chennai,8,1984.02
CUS008169,Pune,4,2059.57
CUS008170,Mysore,9,1999.78
CUS008171,Tumkur,10,1666.43
CUS008172,Mumbai,10,2034.15
CUS008173,Bangalore,6,3262.35
CUS008174,Hyderabad,7,2105.63
CUS008175,Delhi,12,2662.44
CUS008176,Tumkur,8,926.52
CUS008177,Tumkur,6,1555.08
CUS008178,Delhi,10,2578.49
CUS008179,Delhi,10,2034.46
CUS008180,Hyderabad,12,3001.61
CUS008181,Tumkur,3,2060.86
CUS008182,Chennai,5,5313.68
CUS008183,Chennai,2,516.66
CUS008184,Chennai,5,1889.95
CUS008185,Bangalore,8,1687.56
CUS008186,Mumbai,13,3349.03
CUS008187,Mysore,10,1949.09
CUS008188,Tumkur,6,3024.91
CUS008189,Pune,7,1242.83
CUS008190,Pune,9,2911.91
CUS008191,Tumkur,10,2094.89
CUS008192,Bangalore,4,3205.82
CUS008193,Mysore,6,2208.68
CUS008194,Mumbai,8,1258.56
CUS008195,Delhi,16,1754.07
CUS008196,Tumkur,10,776.09
CUS008197,Bangalore,7,2217.46
CUS008198,Mysore,10,2346.75
CUS008199,Mumbai,5,970.55
CUS008200,Pune,10,2637.21
CUS008201,Tumkur,3,1761.23
CUS008202,Pune,5,1217.4
CUS008203,Chennai,11,872.31
CUS008204,Bangalore,6,3125.19
CUS008205,Mysore,7,1632.71
CUS008206,Chennai,11,906.16
CUS008207,Pune,8,1162.73
CUS008208,Delhi,7,1639.45
CUS008209,Hyderabad,9,1407.55
CUS008210,Tumkur,10,3787.73
CUS008211,Pune,3,2099.53
CUS008212,Mysore,1,814.69
CUS008213,Delhi,7,4718.82
CUS008214,Pune,10,1190.56
CUS008215,Hyderabad,2,2195.51
CUS008216,Delhi,7,3194.9
CUS008217,Mumbai,8,1262.48
CUS008218,Bangalore,7,3305.16
CUS008219,Mysore,10,2486.55
CUS008220,Mysore,12,774.53
CUS008221,Mysore,13,1455.93
CUS008222,Mysore,11,4319.03
CUS008223,Delhi,11,8341.97
CUS008224,Chennai,8,1105.38
CUS008225,Bangalore,12,1686.5
CUS008226,Delhi,10,550.76
CUS008227,Hyderabad,4,1265.95
CUS008228,Mysore,5,984.32
CUS008229,Tumkur,9,546.16
CUS008230,Pune,6,1649.46
CUS008231,Delhi,5,2321.24
CUS008232,Pune,8,2569.64
CUS008233,Hyderabad,7,3016.19
CUS008234,Tumkur,11,2167.71
CUS008235,Mysore,7,1257.61
CUS008236,Mumbai,10,1568.22
CUS008237,Mysore,10,1711.39
CUS008238,Tumkur,10,2736.72
CUS008239,Pune,7,895.42
CUS008240,Bangalore,13,1498.95
CUS008241,Pune,13,1984.48
CUS008242,Delhi,11,2506.96
CUS008243,Mysore,7,1235.32
CUS008244,Mysore,12,1142.41
CUS008245,Chennai,7,3069.38
CUS008246,Mysore,7,4223.32
CUS008247,Tumkur,6,2220.89
CUS008248,Tumkur,7,1682.5
CUS008249,Bangalore,12,2662.38
CUS008250,Delhi,8,1046.08
CUS008251,Mumbai,6,1470.38
CUS008252,Mysore,5,1102.21
CUS008253,Bangalore,4,1378.05
CUS008254,Tumkur,12,1655.76
CUS008255,Chennai,6,10128.48
CUS008256,Tumkur,4,1445.45
CUS008257,Mysore,7,1989.33
CUS008258,Hyderabad,7,1036.64
CUS008259,Bangalore,11,1230.9
CUS008260,Mysore,5,2158.74
CUS008261,Mysore,8,1204.18
CUS008262,Hyderabad,2,1771.28
CUS008263,Mumbai,11,3386.28
CUS008264,Tumkur,3,1764.14
CUS008265,Pune,9,1059.56
CUS008266,Bangalore,10,3352.66
CUS008267,Chennai,11,1667.92
CUS008268,Hyderabad,8,1626.29
CUS008269,Bangalore,6,2543.35
CUS008270,Hyderabad,15,3411.83
CUS008271,Delhi,13,3246.12
CUS008272,Tumkur,5,1905.93
CUS008273,Delhi,7,2367.04
CUS008274,Mumbai,6,1030.19
CUS008275,Mumbai,9,1636.99
CUS008276,Chennai,11,1406.23
CUS008277,Mysore,7,1834.95
CUS008278,Bangalore,4,3023.45
CUS008279,Chennai,6,2228.98
CUS008280,Bangalore,8,1617.87
CUS008281,Chennai,11,1133.18
CUS008282,Tumkur,11,2731.99
CUS008283,Hyderabad,4,2276.91
CUS008284,Chennai,6,1999.66
CUS008285,Tumkur,9,1763.24
CUS008286,Chennai,8,1526.37
CUS008287,Mumbai,7,1133.45
CUS008288,Hyderabad,9,1177.47
CUS008289,Tumkur,6,3114.53
CUS008290,Pune,5,1494.51
CUS008291,Mysore,17,2088.66
CUS008292,Hyderabad,12,1145.07
CUS008293,Hyderabad,4,2306.56
CUS008294,Pune,4,2096.36
CUS008295,Tumkur,3,1752.79
CUS008296,Pune,12,2886.82
CUS008297,Delhi,8,957.37
CUS008298,Mysore,5,2514.45
CUS008299,Hyderabad,9,3393.72
CUS008300,Pune,8,957.61
CUS008301,Tumkur,6,1748.72
CUS008302,Chennai,6,779.09
CUS008303,Mysore,8,3449.06
CUS008304,Hyderabad,6,1276.91
CUS008305,Chennai,7,2033.69
CUS008306,Mumbai,9,2251.3
CUS008307,Tumkur,5,1008.1
CUS008308,Pune,10,1211.47
CUS008309,Tumkur,6,764.82
CUS008310,Mumbai,5,2155.19
CUS008311,Pune,11,1027.63
CUS008312,Pune,10,2186.84
CUS008313,Bangalore,12,2314.51
CUS008314,Chennai,11,827.09
CUS008315,Mysore,7,2003.26
CUS008316,Hyderabad,9,3015.19
CUS008317,Mysore,10,1686.97
CUS008318,Mysore,6,2283.47
CUS008319,Pune,5,1946.21
CUS008320,Mysore,9,3296.42
CUS008321,Mumbai,7,4458.54
CUS008322,Mysore,4,1391.46
CUS008323,Mumbai,13,1915.85
CUS008324,Mumbai,6,1724.58
CUS008325,Hyderabad,7,1166.37
CUS008326,Tumkur,5,2076.87
CUS008327,Chennai,11,1661.79
CUS008328,Hyderabad,1,1160.09
CUS008329,Bangalore,8,2058.89
CUS008330,Mysore,7,1166.72
CUS008331,Pune,9,1601.53
CUS008332,Chennai,5,1637.69
CUS008333,Pune,5,961.27
CUS008334,Mysore,11,1492.82
CUS008335,Mysore,5,1270.57
CUS008336,Tumkur,6,1159.33
CUS008337,Hyderabad,9,3339.72
CUS008338,Delhi,6,3894.43
CUS008339,Mysore,7,1478.9
CUS008340,Mumbai,14,1164.51
CUS008341,Hyderabad,6,2460.52
CUS008342,Hyderabad,8,2834.76
CUS008343,Mysore,8,969.31
CUS008344,Bangalore,9,3240.15
CUS008345,Tumkur,3,2799.67
CUS008346,Mumbai,7,4292.73
CUS008347,Pune,17,1759.52
CUS008348,Tumkur,14,2495.15
CUS008349,Mumbai,6,1515.31
CUS008350,Pune,6,1852.15
CUS008351,Delhi,6,3459.83
CUS008352,Tumkur,10,1530.28
CUS008353,Hyderabad,9,1342.19
CUS008354,Bangalore,10,3513.16
CUS008355,Tumkur,7,2600.02
CUS008356,Tumkur,7,2288.16
CUS008357,Tumkur,11,2433.63
CUS008358,Pune,10,2800.0
CUS008359,Hyderabad,4,3113.2
CUS008360,Bangalore,5,1917.51
CUS008361,Mumbai,9,3281.72
CUS008362,Chennai,18,512.05
CUS008363,Pune,4,2863.62
CUS008364,Delhi,12,2647.75
CUS008365,Tumkur,7,2688.2
CUS008366,Delhi,8,1516.88
CUS008367,Mumbai,7,2385.31
CUS008368,Delhi,9,617.13
CUS008369,Hyderabad,8,1449.34
CUS008370,Hyderabad,4,2239.89
CUS008371,Pune,7,2735.96
CUS008372,Chennai,11,3493.37
CUS008373,Hyderabad,11,2315.62
CUS008374,Mysore,7,3166.57
CUS008375,Hyderabad,4,3412.28
CUS008376,Pune,9,2691.08
CUS008377,Mumbai,8,2400.31
CUS008378,Mysore,9,2022.23
CUS008379,Mysore,9,1187.92
CUS008380,Mysore,7,2345.55
CUS008381,Chennai,9,1125.31
CUS008382,Mysore,6,1056.99
CUS008383,Tumkur,6,3405.71
CUS008384,Bangalore,7,4744.03
CUS008385,Mysore,7,878.09
CUS008386,Hyderabad,10,1145.0
CUS008387,Delhi,3,2454.35
CUS008388,Bangalore,11,1659.36
CUS008389,Pune,5,643.83
CUS008390,Tumkur,11,1106.35
CUS008391,Delhi,13,3479.37
CUS008392,Delhi,9,2141.74
CUS008393,Mysore,8,2244.79
CUS008394,Pune,6,2418.11
CUS008395,Bangalore,9,4578.4
CUS008396,Chennai,8,3162.06
CUS008397,Bangalore,5,2623.52
CUS008398,Pune,6,1272.25
CUS008399,Mumbai,7,2064.62
CUS008400,Chennai,8,749.12
CUS008401,Bangalore,6,2617.92
CUS008402,Delhi,9,2550.19
CUS008403,Tumkur,11,2716.12
CUS008404,Chennai,7,2147.01
CUS008405,Tumkur,11,2172.5
CUS008406,Mysore,13,4750.82
CUS008407,Mumbai,6,2181.23
CUS008408,Tumkur,6,1508.97
CUS008409,Mumbai,10,3989.29
CUS008410,Bangalore,4,1712.89
CUS008411,Pune,15,1309.81
CUS008412,Delhi,6,1209.8
CUS008413,Pune,11,1935.58
CUS008414,Tumkur,9,5570.89
CUS008415,Mumbai,6,1693.26
CUS008416,Mysore,11,1681.31
CUS008417,Mumbai,8,2144.52
CUS008418,Chennai,7,2303.05
CUS008419,Mysore,4,984.93
CUS008420,Hyderabad,7,1950.5
CUS008421,Hyderabad,10,2809.79
CUS008422,Delhi,11,2365.85
CUS008423,Hyderabad,13,1540.11
CUS008424,Hyderabad,9,561.87
CUS008425,Chennai,4,1488.89
CUS008426,Bangalore,9,1603.68
CUS008427,Pune,7,2809.75
CUS008428,Chennai,6,1556.61
CUS008429,Hyderabad,7,3129.02
CUS008430,Bangalore,10,2394.26
CUS008431,Delhi,10,1270.19
CUS008432,Delhi,8,2038.5
CUS008433,Bangalore,8,3095.38
CUS008434,Mumbai,8,1202.94
CUS008435,Bangalore,7,1525.54
CUS008436,Delhi,9,1079.97
CUS008437,Mumbai,4,3298.84
CUS008438,Hyderabad,9,2585.93
CUS008439,Mumbai,8,1378.96
CUS008440,Mysore,4,1660.77
CUS008441,Bangalore,6,1919.18
CUS008442,Mumbai,7,2528.6
CUS008443,Tumkur,12,2931.86
CUS008444,Pune,3,1530.74
CUS008445,Mumbai,8,1895.92
CUS008446,Bangalore,11,2699.65
CUS008447,Mysore,4,814.79
CUS008448,Pune,8,2011.46
CUS008449,Delhi,10,2031.37
CUS008450,Chennai,5,3824.96
CUS008451,Mysore,8,950.71
CUS008452,Tumkur,5,2612.07
CUS008453,Pune,11,1201.29
CUS008454,Mysore,5,1420.19
CUS008455,Delhi,4,1856.48
CUS008456,Bangalore,2,1645.76
CUS008457,Tumkur,10,1291.16
CUS008458,Hyderabad,9,829.45
CUS008459,Chennai,11,2778.55
CUS008460,Delhi,4,3922.64
CUS008461,Pune,8,1145.54
CUS008462,Mumbai,8,2683.54
CUS008463,Hyderabad,5,4177.76
CUS008464,Mumbai,10,1463.47
CUS008465,Pune,9,971.89
CUS008466,Tumkur,12,1429.77
CUS008467,Hyderabad,10,935.54
CUS008468,Mysore,6,866.62
CUS008469,Delhi,13,2994.12
CUS008470,Delhi,12,2058.38
CUS008471,Tumkur,7,1812.94
CUS008472,Tumkur,9,1552.8
CUS008473,Mumbai,9,582.68
CUS008474,Pune,12,1852.28
CUS008475,Bangalore,4,1717.14
CUS008476,Mumbai,2,871.45
CUS008477,Chennai,6,2569.64
CUS008478,Mysore,5,1065.01
CUS008479,Chennai,6,1797.37
CUS008480,Hyderabad,8,1242.49
CUS008481,Bangalore,3,2931.99
CUS008482,Tumkur,10,1544.43
CUS008483,Pune,8,1966.27
CUS008484,Pune,7,3270.34
CUS008485,Mumbai,7,3624.31
CUS008486,Bangalore,10,1347.94
CUS008487,Tumkur,4,1138.92
CUS008488,Chennai,7,1131.31
CUS008489,Delhi,6,4294.97
CUS008490,Hyderabad,8,2055.1
CUS008491,Mysore,11,1485.59
CUS008492,Pune,12,1095.02
CUS008493,Delhi,4,1385.42
CUS008494,Delhi,10,629.63
CUS008495,Tumkur,10,910.91
CUS008496,Mumbai,10,1999.76
CUS008497,Pune,5,1967.13
CUS008498,Pune,11,2527.19
CUS008499,Tumkur,4,1197.18
CUS008500,Mysore,6,3040.45
CUS008501,Mysore,4,2312.0
CUS008502,Bangalore,8,2358.92
CUS008503,Tumkur,8,976.29
CUS008504,Tumkur,11,4588.69
CUS008505,Mumbai,9,1901.55
CUS008506,Bangalore,7,1679.38
CUS008507,Chennai,2,1443.62
CUS008508,Bangalore,8,1354.02
CUS008509,Mumbai,10,2919.84
CUS008510,Pune,4,2688.9
CUS008511,Bangalore,5,2606.98
CUS008512,Pune,9,999.19
CUS008513,Delhi,6,1061.0
CUS008514,Hyderabad,4,2325.52
CUS008515,Hyderabad,6,1745.31
CUS008516,Delhi,5,1636.65
CUS008517,Mysore,3,1814.9
CUS008518,Pune,4,835.44
CUS008519,Chennai,9,2136.76
CUS008520,Tumkur,13,1574.97
CUS008521,Tumkur,5,1907.4
CUS008522,Chennai,11,1210.48
CUS008523,Hyderabad,7,2058.06
CUS008524,Mysore,6,2412.8
CUS008525,Hyderabad,9,2157.4
CUS008526,Chennai,8,2063.52
CUS008527,Pune,9,1284.92
CUS008528,Chennai,11,1840.59
CUS008529,Delhi,10,4499.25
CUS008530,Mysore,6,1906.38
CUS008531,Tumkur,6,1132.73
CUS008532,Chennai,9,825.72
CUS008533,Tumkur,8,797.53
CUS008534,Chennai,10,439.94
CUS008535,Mysore,7,2863.82
CUS008536,Tumkur,4,1601.61
CUS008537,Pune,8,1658.4
CUS008538,Bangalore,9,1927.17
CUS008539,Hyderabad,10,926.85
CUS008540,Chennai,11,624.55
CUS008541,Tumkur,8,5286.17
CUS008542,Pune,6,1768.81
CUS008543,Bangalore,9,3029.36
CUS008544,Chennai,9,1316.81
CUS008545,Mysore,4,1897.16
CUS008546,Bangalore,7,2547.65
CUS008547,Pune,6,852.61
CUS008548,Pune,12,825.68
CUS008549,Hyderabad,5,1173.81
CUS008550,Chennai,7,1633.27
CUS008551,Chennai,8,1415.63
CUS008552,Mumbai,12,2071.26
CUS008553,Pune,5,1638.36
CUS008554,Delhi,3,3645.89
CUS008555,Bangalore,5,2535.6
CUS008556,Pune,13,1377.63
CUS008557,Bangalore,9,4495.09
CUS008558,Hyderabad,10,2048.63
CUS008559,Mysore,10,2157.62
CUS008560,Hyderabad,7,3454.36
CUS008561,Mumbai,10,4146.44
CUS008562,Hyderabad,12,1835.9
CUS008563,Mumbai,3,1930.6
CUS008564,Pune,7,821.73
CUS008565,Chennai,5,1147.92
CUS008566,Mumbai,5,2564.78
CUS008567,Bangalore,9,1817.94
CUS008568,Tumkur,6,576.87
CUS008569,Bangalore,6,752.72
CUS008570,Bangalore,8,2078.84
CUS008571,Bangalore,9,1294.5
CUS008572,Mumbai,6,937.55
CUS008573,Chennai,10,2072.82
CUS008574,Hyderabad,7,1394.9
CUS008575,Delhi,7,2472.08
CUS008576,Hyderabad,12,1369.23
CUS008577,Mysore,9,1737.32
CUS008578,Pune,9,1688.51
CUS008579,Tumkur,10,1990.54
CUS008580,Hyderabad,7,1612.63
CUS008581,Delhi,12,2328.14
CUS008582,Mumbai,13,1349.25
CUS008583,Mumbai,7,1388.52
CUS008584,Hyderabad,5,1800.42
CUS008585,Mysore,10,2585.63
CUS008586,Mysore,7,1050.18
CUS008587,Bangalore,4,1495.47
CUS008588,Tumkur,8,1101.18
CUS008589,Mumbai,8,1782.2
CUS008590,Mumbai,8,2318.16
CUS008591,Mumbai,9,1489.82
CUS008592,Mumbai,10,1833.44
CUS008593,Chennai,7,2031.33
CUS008594,Hyderabad,12,1653.76
CUS008595,Chennai,10,767.42
CUS008596,Pune,2,1407.31
CUS008597,Mysore,11,1718.04
CUS008598,Mysore,9,1086.74
CUS008599,Tumkur,10,2420.34
CUS008600,Mysore,6,1230.91
CUS008601,Bangalore,11,5081.59
CUS008602,Chennai,10,2643.76
CUS008603,Chennai,6,2005.55
CUS008604,Delhi,12,3420.79
CUS008605,Mysore,6,2485.89
CUS008606,Mysore,6,973.23
CUS008607,Mumbai,3,1944.41
CUS008608,Hyderabad,6,10593.8
CUS008609,Delhi,8,1928.6
CUS008610,Chennai,6,1686.5
CUS008611,Tumkur,11,1153.67
CUS008612,Bangalore,11,1653.17
CUS008613,Tumkur,7,3136.68
CUS008614,Chennai,9,2160.84
CUS008615,Pune,3,1319.78
CUS008616,Hyderabad,8,2118.96
CUS008617,Mumbai,9,5932.6
CUS008618,Mumbai,8,1399.12
CUS008619,Delhi,5,3040.81
CUS008620,Mysore,6,1717.63
CUS008621,Pune,5,1764.54
CUS008622,Mysore,4,1260.54
CUS008623,Delhi,7,1826.08
CUS008624,Pune,9,3094.94
CUS008625,Bangalore,10,923.47
CUS008626,Tumkur,8,1753.24
CUS008627,Hyderabad,5,1484.15
CUS008628,Tumkur,7,1061.51
CUS008629,Hyderabad,11,998.4
CUS008630,Bangalore,6,960.09
CUS008631,Bangalore,5,1171.54
CUS008632,Chennai,6,2394.71
CUS008633,Pune,17,1198.36
CUS008634,Delhi,14,937.06
CUS008635,Mysore,12,2866.11
CUS008636,Tumkur,4,1756.5
CUS008637,Delhi,8,1933.66
CUS008638,Pune,6,3356.99
CUS008639,Pune,6,1907.37
CUS008640,Pune,6,2431.17
CUS008641,Hyderabad,3,1847.47
CUS008642,Chennai,10,2609.56
CUS008643,Tumkur,6,1969.38
CUS008644,Bangalore,4,1790.13
CUS008645,Tumkur,5,2446.96
CUS008646,Chennai,9,2700.82
CUS008647,Bangalore,5,1616.11
CUS008648,Delhi,4,2334.87
CUS008649,Hyderabad,5,2267.86
CUS008650,Hyderabad,6,1300.26
CUS008651,Chennai,7,1617.43
CUS008652,Hyderabad,9,2348.91
CUS008653,Hyderabad,4,1814.1
CUS008654,Mysore,10,1501.9
CUS008655,Tumkur,5,1482.07
CUS008656,Chennai,10,2405.93
CUS008657,Bangalore,8,4232.13
CUS008658,Chennai,6,939.19
CUS008659,Hyderabad,4,2606.94
CUS008660,Bangalore,9,1673.48
CUS008661,Tumkur,4,1012.81
CUS008662,Hyderabad,16,1336.03
CUS008663,Tumkur,7,2833.03
CUS008664,Hyderabad,7,1177.81
CUS008665,Bangalore,8,2604.47
CUS008666,Chennai,7,981.43
CUS008667,Chennai,9,2420.48
CUS008668,Mysore,7,1686.73
CUS008669,Bangalore,6,1140.48
CUS008670,Mumbai,17,1548.92
CUS008671,Mumbai,4,1681.92
CUS008672,Mumbai,11,1036.14
CUS008673,Mysore,9,1275.25
CUS008674,Hyderabad,8,4866.69
CUS008675,Tumkur,7,1432.35
CUS008676,Pune,16,873.93
CUS008677,Hyderabad,6,1287.53
CUS008678,Mumbai,7,1645.73
CUS008679,Bangalore,6,412.16
CUS008680,Bangalore,7,2383.92
CUS008681,Mumbai,11,2649.81
CUS008682,Chennai,12,3287.89
CUS008683,Hyderabad,9,2444.45
CUS008684,Tumkur,4,2345.52
CUS008685,Hyderabad,5,1176.12
CUS008686,Bangalore,7,1858.46
CUS008687,Mysore,6,1751.98
CUS008688,Pune,13,1495.55
CUS008689,Hyderabad,7,1435.13
CUS008690,Chennai,9,1848.23
CUS008691,Delhi,6,775.01
CUS008692,Chennai,12,4263.01
CUS008693,Mumbai,8,1138.62
CUS008694,Hyderabad,7,2465.7
CUS008695,Chennai,8,555.43
CUS008696,Pune,12,1930.7
CUS008697,Tumkur,11,1274.98
CUS008698,Delhi,8,4081.36
CUS008699,Chennai,9,2004.44
CUS008700,Pune,6,1516.22
CUS008701,Mumbai,8,1509.4
CUS008702,Tumkur,13,1884.05
CUS008703,Delhi,3,3826.63
CUS008704,Mysore,4,892.07
CUS008705,Delhi,6,3172.83
CUS008706,Tumkur,9,1259.03
CUS008707,Delhi,13,4072.63
CUS008708,Tumkur,8,1303.04
CUS008709,Tumkur,6,1095.33
CUS008710,Chennai,11,1910.37
CUS008711,Delhi,11,2842.08
CUS008712,Tumkur,4,1358.73
CUS008713,Hyderabad,12,707.06
CUS008714,Bangalore,6,2314.69
CUS008715,Hyderabad,11,1577.52
CUS008716,Tumkur,9,819.27
CUS008717,Tumkur,12,2735.07
CUS008718,Pune,9,1226.28
CUS008719,Chennai,11,3026.71
CUS008720,Mysore,5,1114.86
CUS008721,Tumkur,9,4233.14
CUS008722,Mysore,8,1451.29
CUS008723,Pune,5,2056.91
CUS008724,Chennai,11,1412.71
CUS008725,Delhi,4,3606.46
CUS008726,Pune,1,1557.02
CUS008727,Mysore,4,1849.35
CUS008728,Tumkur,13,1546.64
CUS008729,Bangalore,3,1564.44
CUS008730,Mysore,10,1517.24
CUS008731,Pune,9,2781.87
CUS008732,Pune,12,1850.35
CUS008733,Bangalore,9,758.76
CUS008734,Mysore,6,2465.27
CUS008735,Bangalore,7,1829.03
CUS008736,Bangalore,6,2156.26
CUS008737,Tumkur,10,3424.59
CUS008738,Chennai,7,4213.02
CUS008739,Mysore,8,966.51
CUS008740,Hyderabad,7,2806.19
CUS008741,Tumkur,10,1264.35
CUS008742,Bangalore,8,1704.56
CUS008743,Bangalore,6,1868.95
CUS008744,Mysore,7,1411.81
CUS008745,Mumbai,14,1761.83
CUS008746,Mysore,3,1832.88
CUS008747,Chennai,10,1191.77
CUS008748,Tumkur,6,1372.47
CUS008749,Delhi,8,2485.06
CUS008750,Delhi,4,2182.15
CUS008751,Tumkur,4,718.54
CUS008752,Hyderabad,10,1834.01
CUS008753,Mumbai,9,2145.1
CUS008754,Delhi,6,1632.3
CUS008755,Tumkur,5,1394.62
CUS008756,Chennai,6,1985.91
CUS008757,Bangalore,10,611.27
CUS008758,Hyderabad,7,1794.56
CUS008759,Mysore,7,1733.69
CUS008760,Bangalore,5,3015.27
CUS008761,Bangalore,6,5405.15
CUS008762,Mysore,6,2883.45
CUS008763,Hyderabad,8,1036.44
CUS008764,Mysore,9,1232.52
CUS008765,Pune,10,2153.25
CUS008766,Tumkur,9,1710.61
CUS008767,Bangalore,5,1014.92
CUS008768,Chennai,9,1748.0
CUS008769,Bangalore,5,3951.1
CUS008770,Chennai,8,2209.23
CUS008771,Pune,7,1648.37
CUS008772,Pune,4,1084.9
CUS008773,Tumkur,2,1889.0
CUS008774,Mumbai,9,1862.48
CUS008775,Hyderabad,7,2525.29
CUS008776,Chennai,8,1734.32
CUS008777,Pune,3,2121.79
CUS008778,Mysore,8,3259.86
CUS008779,Delhi,10,947.21
CUS008780,Tumkur,9,2334.27
CUS008781,Mysore,5,2822.9
CUS008782,Chennai,8,1952.47
CUS008783,Mysore,6,2284.96
CUS008784,Hyderabad,5,3550.66
CUS008785,Mumbai,2,2204.14
CUS008786,Mysore,8,701.27
CUS008787,Mumbai,5,4551.37
CUS008788,Mysore,4,820.88
CUS008789,Mumbai,4,1446.27
CUS008790,Mysore,6,1351.46
CUS008791,Bangalore,10,412.57
CUS008792,Tumkur,15,1209.64
CUS008793,Tumkur,9,1595.7
CUS008794,Pune,16,1533.44
CUS008795,Mumbai,8,1051.17
CUS008796,Tumkur,8,1034.13
CUS008797,Pune,9,2123.07
CUS008798,Tumkur,3,1975.23
CUS008799,Hyderabad,6,1132.18
CUS008800,Hyderabad,15,3545.01
CUS008801,Mumbai,7,1230.85
CUS008802,Mysore,9,2197.31
CUS008803,Hyderabad,8,1636.22
CUS008804,Delhi,4,2813.45
CUS008805,Mumbai,5,1293.07
CUS008806,Hyderabad,11,3231.39
CUS008807,Mysore,11,1832.42
CUS008808,Bangalore,4,1199.97
CUS008809,Tumkur,9,2545.32
CUS008810,Tumkur,8,3214.18
CUS008811,Mumbai,6,1171.38
CUS008812,Tumkur,10,1360.89
CUS008813,Pune,6,5663.86
CUS008814,Delhi,12,1464.29
CUS008815,Delhi,12,1219.9
CUS008816,Mysore,13,2820.97
CUS008817,Mysore,10,1863.26
CUS008818,Pune,7,3414.85
CUS008819,Hyderabad,6,4230.64
CUS008820,Tumkur,11,972.93
CUS008821,Mysore,7,7837.9
CUS008822,Mumbai,7,1815.81
CUS008823,Tumkur,6,1814.0
CUS008824,Tumkur,10,3183.93
CUS008825,Pune,7,697.95
CUS008826,Mumbai,9,2064.75
CUS008827,Mumbai,12,2050.6
CUS008828,Delhi,10,1311.14
CUS008829,Pune,7,1504.96
CUS008830,Delhi,5,1715.76
CUS008831,Pune,11,2196.31
CUS008832,Mumbai,8,1246.94
CUS008833,Tumkur,6,3542.69
CUS008834,Chennai,6,1629.65
CUS008835,Pune,7,1957.06
CUS008836,Pune,16,972.11
CUS008837,Delhi,8,1850.11
CUS008838,Delhi,4,3490.21
CUS008839,Chennai,6,2159.76
CUS008840,Pune,9,1113.03
CUS008841,Mysore,13,1507.49
CUS008842,Pune,5,3280.69
CUS008843,Chennai,6,2342.68
CUS008844,Mysore,3,1305.3
CUS008845,Chennai,5,1608.82
CUS008846,Mumbai,8,1310.1
CUS008847,Bangalore,12,1316.25
CUS008848,Chennai,7,1911.64
CUS008849,Bangalore,10,2336.68
CUS008850,Mumbai,9,1337.91
CUS008851,Delhi,6,2072.47
CUS008852,Tumkur,8,2281.8
CUS008853,Mysore,4,1450.41
CUS008854,Bangalore,5,804.39
CUS008855,Mumbai,7,1149.57
CUS008856,Mumbai,8,1389.14
CUS008857,Tumkur,12,1286.68
CUS008858,Hyderabad,10,1264.1
CUS008859,Delhi,7,1853.95
CUS008860,Tumkur,5,1091.38
CUS008861,Pune,7,2122.5
CUS008862,Chennai,8,1387.22
CUS008863,Chennai,4,1573.07
CUS008864,Chennai,7,764.57
CUS008865,Bangalore,12,1425.38
CUS008866,Tumkur,6,1033.9
CUS008867,Mysore,10,2510.89
CUS008868,Tumkur,11,1296.84
CUS008869,Pune,6,992.33
CUS008870,Bangalore,7,2377.58
CUS008871,Pune,6,2085.91
CUS008872,Mumbai,5,1858.55
CUS008873,Bangalore,8,2930.4
CUS008874,Mysore,7,2541.57
CUS008875,Mysore,8,2966.04
CUS008876,Delhi,11,411.7
CUS008877,Tumkur,8,1201.46
CUS008878,Bangalore,10,1646.23
CUS008879,Tumkur,5,1836.38
CUS008880,Mumbai,7,1807.02
CUS008881,Tumkur,7,3366.14
CUS008882,Mysore,12,1711.39
CUS008883,Chennai,14,1282.98
CUS008884,Mysore,5,1402.46
CUS008885,Bangalore,8,1934.01
CUS008886,Pune,13,2365.99
CUS008887,Tumkur,9,3071.85
CUS008888,Tumkur,6,1282.0
CUS008889,Delhi,6,2208.21
CUS008890,Tumkur,3,2508.14
CUS008891,Hyderabad,7,3193.54
CUS008892,Delhi,5,1006.53
CUS008893,Pune,6,2968.69
CUS008894,Mumbai,8,1716.18
CUS008895,Delhi,7,2297.51
CUS008896,Bangalore,5,1860.43
CUS008897,Hyderabad,4,938.18
CUS008898,Mysore,11,877.59
CUS008899,Tumkur,9,1616.69
CUS008900,Bangalore,4,3112.79
CUS008901,Bangalore,9,1401.85
CUS008902,Tumkur,4,1165.93
CUS008903,Tumkur,5,1315.92
CUS008904,Bangalore,9,1487.32
CUS008905,Pune,9,1134.28
CUS008906,Pune,6,785.49
CUS008907,Delhi,8,1209.96
CUS008908,Hyderabad,11,1112.31
CUS008909,Hyderabad,9,5835.78
CUS008910,Chennai,15,3291.75
CUS008911,Pune,9,2087.82
CUS008912,Tumkur,9,3174.71
CUS008913,Hyderabad,9,1241.74
CUS008914,Mysore,14,6749.99
CUS008915,Pune,9,2232.13
CUS008916,Tumkur,8,2533.06
CUS008917,Chennai,6,2377.35
CUS008918,Pune,10,3627.55
CUS008919,Bangalore,13,3092.7
CUS008920,Chennai,8,2768.76
CUS008921,Pune,9,741.35
CUS008922,Tumkur,5,2499.38
CUS008923,Mysore,5,4183.91
CUS008924,Delhi,11,2350.98
CUS008925,Delhi,6,1398.43
CUS008926,Mumbai,12,2123.78
CUS008927,Pune,4,1974.78
CUS008928,Pune,6,1636.76
CUS008929,Tumkur,7,456.9
CUS008930,Bangalore,7,2462.13
CUS008931,Mumbai,5,3781.43
CUS008932,Pune,8,751.3
CUS008933,Chennai,5,6248.11
CUS008934,Hyderabad,4,6011.07
CUS008935,Mysore,6,1705.3
CUS008936,Mysore,7,3381.63
CUS008937,Mysore,4,2294.11
CUS008938,Mumbai,7,786.67
CUS008939,Mumbai,7,2307.93
CUS008940,Bangalore,9,1855.63
CUS008941,Chennai,9,1581.92
CUS008942,Hyderabad,12,4219.31
CUS008943,Tumkur,6,3882.24
CUS008944,Mysore,7,787.22
CUS008945,Mysore,5,1417.13
CUS008946,Chennai,7,2050.33
CUS008947,Bangalore,8,1985.05
CUS008948,Hyderabad,8,1855.87
CUS008949,Chennai,9,2294.22
CUS008950,Chennai,6,1004.93
CUS008951,Bangalore,9,670.77
CUS008952,Chennai,6,1697.6
CUS008953,Hyderabad,10,1581.14
CUS008954,Mysore,11,2457.48
CUS008955,Bangalore,4,1994.44
CUS008956,Delhi,3,1483.26
CUS008957,Bangalore,10,741.57
CUS008958,Bangalore,15,2227.02
CUS008959,Mumbai,9,1315.61
CUS008960,Mysore,7,2555.16
CUS008961,Hyderabad,5,1903.82
CUS008962,Bangalore,10,2284.67
CUS008963,Mumbai,7,1506.95
CUS008964,Hyderabad,9,1855.57
CUS008965,Pune,11,964.53
CUS008966,Chennai,8,1788.27
CUS008967,Mumbai,6,1012.96
CUS008968,Pune,8,2736.44
CUS008969,Mumbai,7,977.58
CUS008970,Tumkur,11,2314.17
CUS008971,Mysore,9,2787.44
CUS008972,Mumbai,9,2246.48
CUS008973,Pune,11,1832.18
CUS008974,Mysore,7,663.99
CUS008975,Tumkur,6,1435.78
CUS008976,Bangalore,4,3696.78
CUS008977,Pune,6,4665.37
CUS008978,Delhi,5,1218.85
CUS008979,Bangalore,5,2679.41
CUS008980,Hyderabad,10,2732.19
CUS008981,Tumkur,9,822.41
CUS008982,Tumkur,10,2043.78
CUS008983,Delhi,7,1593.4
CUS008984,Mysore,7,4422.78
CUS008985,Mysore,3,1160.79
CUS008986,Chennai,9,1147.72
CUS008987,Chennai,7,4270.99
CUS008988,Tumkur,9,1942.01
CUS008989,Tumkur,16,2557.19
CUS008990,Mumbai,8,11849.93
CUS008991,Delhi,10,2532.16
CUS008992,Tumkur,6,2017.09
CUS008993,Mumbai,9,3563.25
CUS008994,Hyderabad,7,4450.5
CUS008995,Mumbai,6,1620.67
CUS008996,Pune,8,1019.89
CUS008997,Bangalore,10,3576.25
CUS008998,Pune,6,1382.38
CUS008999,Chennai,11,1230.27
CUS009000,Chennai,7,2203.9
CUS009001,Mysore,10,2020.79
CUS009002,Tumkur,9,1018.54
CUS009003,Delhi,10,1867.04
CUS009004,Mysore,12,2170.59
CUS009005,Bangalore,17,1167.02
CUS009006,Tumkur,8,1306.87
CUS009007,Hyderabad,12,2739.01
CUS009008,Mysore,11,1125.9
CUS009009,Delhi,10,976.96
CUS009010,Mysore,4,2081.67
CUS009011,Delhi,11,2092.58
CUS009012,Mumbai,8,3392.79
CUS009013,Tumkur,6,763.09
CUS009014,Hyderabad,8,832.08
CUS009015,Tumkur,3,1290.17
CUS009016,Mysore,11,1365.01
CUS009017,Hyderabad,11,1945.04
CUS009018,Mumbai,9,975.25
CUS009019,Mumbai,6,3079.68
CUS009020,Mysore,8,2317.24
CUS009021,Mysore,11,4710.94
CUS009022,Tumkur,6,1598.82
CUS009023,Delhi,10,1379.17
CUS009024,Hyderabad,5,1586.22
CUS009025,Delhi,10,2076.81
CUS009026,Hyderabad,10,755.14
CUS009027,Delhi,9,2193.9
CUS009028,Tumkur,5,597.81
CUS009029,Mysore,10,3283.89
CUS009030,Delhi,7,2190.84
CUS009031,Bangalore,4,1348.91
CUS009032,Mumbai,7,2164.35
CUS009033,Hyderabad,5,2573.96
CUS009034,Pune,9,2781.73
CUS009035,Pune,8,2958.79
CUS009036,Tumkur,9,1690.01
CUS009037,Delhi,16,1666.22
CUS009038,Mumbai,9,1160.5
CUS009039,Mumbai,12,3690.34
CUS009040,Mumbai,14,947.77
CUS009041,Mysore,13,2393.06
CUS009042,Pune,8,2759.9
CUS009043,Delhi,10,2456.92
CUS009044,Hyderabad,10,2491.14
CUS009045,Bangalore,6,962.84
CUS009046,Bangalore,5,2264.61
CUS009047,Chennai,7,2934.89
CUS009048,Bangalore,5,3327.73
CUS009049,Tumkur,11,5070.49
CUS009050,Mysore,9,2092.81
CUS009051,Hyderabad,10,1826.2
CUS009052,Pune,9,1636.53
CUS009053,Tumkur,8,1624.22
CUS009054,Pune,13,1422.59
CUS009055,Mysore,9,1444.77
CUS009056,Chennai,7,1745.87
CUS009057,Pune,7,773.67
CUS009058,Delhi,6,1449.01
CUS009059,Mysore,10,3692.35
CUS009060,Mumbai,10,663.55
CUS009061,Delhi,3,1316.89
CUS009062,Delhi,4,2265.84
CUS009063,Delhi,7,2264.6
CUS009064,Mysore,11,549.19
CUS009065,Mysore,8,1477.18
CUS009066,Tumkur,8,2167.88
CUS009067,Mysore,9,2062.16
CUS009068,Pune,8,3247.46
CUS009069,Pune,10,2004.24
CUS009070,Chennai,9,1029.95
CUS009071,Pune,8,2217.03
CUS009072,Mumbai,2,6188.24
CUS009073,Mysore,10,1068.72
CUS009074,Mumbai,6,1347.15
CUS009075,Mumbai,5,3111.3
CUS009076,Delhi,9,1555.97
CUS009077,Chennai,7,3016.89
CUS009078,Delhi,9,1629.59
CUS009079,Mysore,6,1378.54
CUS009080,Hyderabad,8,731.55
CUS009081,Delhi,9,1956.93
CUS009082,Bangalore,8,4184.79
CUS009083,Tumkur,9,2038.7
CUS009084,Delhi,5,1243.26
CUS009085,Tumkur,4,4522.22
CUS009086,Chennai,11,537.26
CUS009087,Mumbai,10,1879.6
CUS009088,Bangalore,13,7248.38
CUS009089,Pune,5,2676.0
CUS009090,Bangalore,7,4914.0
CUS009091,Mumbai,7,1792.71
CUS009092,Pune,8,1317.13
CUS009093,Delhi,10,3479.62
CUS009094,Chennai,7,2520.64
CUS009095,Bangalore,12,807.3
CUS009096,Chennai,8,2012.87
CUS009097,Bangalore,5,1581.32
CUS009098,Pune,10,1834.94
CUS009099,Hyderabad,8,981.4
CUS009100,Hyderabad,8,1733.76
CUS009101,Tumkur,9,648.79
CUS009102,Mysore,3,1537.24
CUS009103,Tumkur,6,2259.76
CUS009104,Mysore,7,1437.48
CUS009105,Hyderabad,6,3870.74
CUS009106,Pune,9,954.95
CUS009107,Mysore,5,1658.43
CUS009108,Hyderabad,16,1937.1
CUS009109,Delhi,9,2416.03
CUS009110,Pune,7,1420.63
CUS009111,Chennai,4,2275.98
CUS009112,Hyderabad,7,749.64
CUS009113,Tumkur,5,1287.76
CUS009114,Bangalore,9,1079.73
CUS009115,Mysore,7,1518.87
CUS009116,Pune,12,1356.29
CUS009117,Mumbai,11,1154.07
CUS009118,Hyderabad,6,904.39
CUS009119,Tumkur,6,1529.55
CUS009120,Chennai,6,959.56
CUS009121,Mumbai,5,1001.07
CUS009122,Pune,6,838.01
CUS009123,Delhi,10,1863.36
CUS009124,Delhi,4,1440.79
CUS009125,Tumkur,9,927.1
CUS009126,Pune,8,1616.57
CUS009127,Mumbai,7,576.68
CUS009128,Pune,6,1923.27
CUS009129,Bangalore,7,2186.43
CUS009130,Chennai,8,3098.8
CUS009131,Mysore,9,1581.13
CUS009132,Tumkur,8,2318.15
CUS009133,Mumbai,7,2387.74
CUS009134,Mumbai,10,3226.16
CUS009135,Bangalore,8,2478.93
CUS009136,Tumkur,9,2322.89
CUS009137,Delhi,8,1363.65
CUS009138,Tumkur,9,1986.29
CUS009139,Delhi,8,1699.43
CUS009140,Mumbai,7,1338.53
CUS009141,Mysore,7,1327.56
CUS009142,Pune,9,1428.64
CUS009143,Hyderabad,8,2610.33
CUS009144,Bangalore,10,4936.92
CUS009145,Delhi,8,1593.89
CUS009146,Tumkur,11,2520.86
CUS009147,Delhi,7,1606.41
CUS009148,Mysore,10,2637.3
CUS009149,Bangalore,13,2583.06
CUS009150,Chennai,8,2071.14
CUS009151,Chennai,13,1230.33
CUS009152,Pune,6,1198.37
CUS009153,Tumkur,10,2563.25
CUS009154,Pune,5,1204.64
CUS009155,Chennai,9,1939.18
CUS009156,Mumbai,8,1225.94
CUS009157,Chennai,6,996.73
CUS009158,Chennai,5,1633.24
CUS009159,Bangalore,4,2978.54
CUS009160,Mumbai,7,974.31
CUS009161,Mumbai,7,3681.53
CUS009162,Bangalore,11,1799.37
CUS009163,Hyderabad,7,3524.15
CUS009164,Hyderabad,4,2244.64
CUS009165,Mysore,5,2080.62
CUS009166,Delhi,9,2018.11
CUS009167,Delhi,9,2113.76
CUS009168,Pune,8,2552.16
CUS009169,Pune,7,3125.6
CUS009170,Mumbai,8,2172.9
CUS009171,Mumbai,8,1638.4
CUS009172,Pune,6,2055.31
CUS009173,Mumbai,6,2950.17
CUS009174,Mysore,7,1352.58
CUS009175,Tumkur,7,2405.25
CUS009176,Delhi,4,1267.54
CUS009177,Pune,8,1524.97
CUS009178,Mumbai,8,2512.76
CUS009179,Tumkur,7,2559.62
CUS009180,Tumkur,7,1516.94
CUS009181,Pune,5,1078.52
CUS009182,Pune,10,1753.94
CUS009183,Hyderabad,7,1809.68
CUS009184,Pune,8,1388.5
CUS009185,Hyderabad,7,1232.42
CUS009186,Mysore,11,1767.38
CUS009187,Mysore,13,2434.73
CUS009188,Mysore,4,2003.55
CUS009189,Mysore,5,674.38
CUS009190,Bangalore,8,1107.04
CUS009191,Pune,9,1495.8
CUS009192,Mysore,8,2780.29
CUS009193,Delhi,7,2297.53
CUS009194,Mysore,6,1119.18
CUS009195,Delhi,6,2469.76
CUS009196,Bangalore,8,1932.63
CUS009197,Hyderabad,5,2715.07
CUS009198,Pune,8,938.54
CUS009199,Chennai,3,4217.6
CUS009200,Chennai,6,1029.14
CUS009201,Delhi,5,1500.49
CUS009202,Pune,9,1970.93
CUS009203,Mysore,12,1836.44
CUS009204,Chennai,9,1441.97
CUS009205,Delhi,10,2953.94
CUS009206,Mysore,10,484.13
CUS009207,Mumbai,11,1872.03
CUS009208,Delhi,10,2576.08
CUS009209,Pune,11,1794.68
CUS009210,Pune,9,542.43
CUS009211,Bangalore,9,1513.16
CUS009212,Mumbai,7,1492.59
CUS009213,Chennai,10,1455.95
CUS009214,Hyderabad,10,1822.27
CUS009215,Hyderabad,5,2825.85
CUS009216,Hyderabad,6,737.82
CUS009217,Hyderabad,10,2632.84
CUS009218,Pune,9,1844.68
CUS009219,Chennai,10,952.84
CUS009220,Bangalore,11,2518.52
CUS009221,Pune,10,2631.58
CUS009222,Bangalore,5,2779.47
CUS009223,Bangalore,6,4081.15
CUS009224,Bangalore,8,1383.81
CUS009225,Tumkur,8,1101.35
CUS009226,Mumbai,8,2189.6
CUS009227,Mumbai,4,1349.9
CUS009228,Mumbai,9,2411.73
CUS009229,Tumkur,3,916.83
CUS009230,Pune,7,1277.62
CUS009231,Chennai,8,628.43
CUS009232,Pune,11,5123.49
CUS009233,Chennai,7,1139.24
CUS009234,Pune,6,2575.45
CUS009235,Bangalore,7,4487.19
CUS009236,Pune,6,2318.75
CUS009237,Tumkur,5,2456.28
CUS009238,Pune,10,1701.77
CUS009239,Tumkur,4,1173.39
CUS009240,Pune,11,596.58
CUS009241,Mumbai,5,1029.95
CUS009242,Tumkur,9,998.97
CUS009243,Pune,10,1967.03
CUS009244,Chennai,7,4084.46
CUS009245,Mysore,6,1591.57
CUS009246,Tumkur,12,2966.99
CUS009247,Mysore,10,1324.22
CUS009248,Pune,6,2265.29
CUS009249,Hyderabad,13,2008.19
CUS009250,Tumkur,7,890.22
CUS009251,Mumbai,4,951.24
CUS009252,Chennai,5,1648.97
CUS009253,Mysore,9,2590.08
CUS009254,Mysore,6,2772.07
CUS009255,Bangalore,8,3186.85
CUS009256,Pune,12,1072.47
CUS009257,Bangalore,7,1082.19
CUS009258,Tumkur,10,1340.5
CUS009259,Bangalore,6,1048.36
CUS009260,Mysore,9,1098.38
CUS009261,Pune,8,1450.8
CUS009262,Bangalore,7,2340.18
CUS009263,Tumkur,7,2106.96
CUS009264,Delhi,11,3716.86
CUS009265,Mumbai,9,1999.87
CUS009266,Tumkur,9,1670.41
CUS009267,Chennai,4,1819.05
CUS009268,Chennai,4,1486.56
CUS009269,Hyderabad,10,2099.38
CUS009270,Chennai,12,1382.3
CUS009271,Chennai,10,1229.41
CUS009272,Pune,10,1221.42
CUS009273,Hyderabad,7,2399.93
CUS009274,Bangalore,6,1299.89
CUS009275,Hyderabad,5,3688.66
CUS009276,Mysore,8,2013.67
CUS009277,Tumkur,9,1168.44
CUS009278,Bangalore,10,2248.29
CUS009279,Mysore,5,2106.64
CUS009280,Mysore,7,1390.64
CUS009281,Delhi,4,958.09
CUS009282,Mysore,5,3620.83
CUS009283,Mysore,8,1835.33
CUS009284,Tumkur,8,3403.53
CUS009285,Hyderabad,9,1219.53
CUS009286,Hyderabad,6,3225.21
CUS009287,Tumkur,8,1567.14
CUS009288,Mysore,7,2251.5
CUS009289,Mysore,8,1485.12
CUS009290,Delhi,3,1718.82
CUS009291,Mumbai,5,1853.31
CUS009292,Chennai,6,2845.87
CUS009293,Pune,4,1463.24
CUS009294,Mysore,4,2068.48
CUS009295,Delhi,9,2239.13
CUS009296,Bangalore,7,2480.08
CUS009297,Pune,5,2036.5
CUS009298,Mysore,13,2096.71
CUS009299,Delhi,10,1704.88
CUS009300,Mysore,10,2297.67
CUS009301,Chennai,8,2637.31
CUS009302,Pune,9,1335.51
CUS009303,Pune,6,2128.19
CUS009304,Mumbai,4,2720.93
CUS009305,Delhi,7,1586.46
CUS009306,Tumkur,9,1363.54
CUS009307,Tumkur,9,2743.8
CUS009308,Hyderabad,6,2117.01
CUS009309,Bangalore,11,2352.48
CUS009310,Tumkur,8,2551.71
CUS009311,Bangalore,7,2277.14
CUS009312,Mysore,2,545.15
CUS009313,Mumbai,5,2393.55
CUS009314,Mumbai,8,1845.63
CUS009315,Delhi,11,2606.81
CUS009316,Bangalore,8,1777.24
CUS009317,Tumkur,8,488.16
CUS009318,Hyderabad,10,1428.08
CUS009319,Mysore,7,2671.59
CUS009320,Chennai,6,2056.89
CUS009321,Bangalore,5,1555.69
CUS009322,Bangalore,5,1178.7
CUS009323,Tumkur,3,2737.61
CUS009324,Chennai,5,2144.34
CUS009325,Mumbai,8,1231.96
CUS009326,Mysore,7,2053.0
CUS009327,Chennai,12,1291.85
CUS009328,Bangalore,8,2217.57
CUS009329,Mumbai,5,1060.45
CUS009330,Tumkur,8,2368.08
CUS009331,Chennai,8,1935.68
CUS009332,Mysore,9,3094.83
CUS009333,Tumkur,9,629.88
CUS009334,Hyderabad,8,2422.66
CUS009335,Hyderabad,7,1926.95
CUS009336,Delhi,8,1551.66
CUS009337,Chennai,13,690.41
CUS009338,Mysore,8,2761.01
CUS009339,Mumbai,7,1341.91
CUS009340,Hyderabad,7,2698.09
CUS009341,Delhi,7,1452.12
CUS009342,Delhi,4,2056.98
CUS009343,Pune,10,484.01
CUS009344,Pune,8,3224.71
CUS009345,Chennai,5,4209.79
CUS009346,Hyderabad,5,746.25
CUS009347,Tumkur,9,2137.88
CUS009348,Chennai,5,3440.24
CUS009349,Hyderabad,7,765.01
CUS009350,Pune,10,2002.36
CUS009351,Mysore,9,2238.0
CUS009352,Hyderabad,7,1576.72
CUS009353,Tumkur,5,1049.72
CUS009354,Chennai,5,1672.38
CUS009355,Delhi,8,4136.07
CUS009356,Pune,6,1430.35
CUS009357,Delhi,12,1621.53
CUS009358,Pune,10,2335.91
CUS009359,Hyderabad,5,1947.04
CUS009360,Mumbai,5,3918.88
CUS009361,Mysore,8,3340.83
CUS009362,Pune,7,3800.36
CUS009363,Pune,10,1017.58
CUS009364,Chennai,6,4155.21
CUS009365,Mumbai,14,2023.34
CUS009366,Mumbai,6,2084.55
CUS009367,Mysore,9,6296.2
CUS009368,Delhi,8,713.5
CUS009369,Tumkur,7,1361.76
CUS009370,Bangalore,12,1509.81
CUS009371,Hyderabad,9,3245.52
CUS009372,Pune,5,2488.56
CUS009373,Hyderabad,6,2696.23
CUS009374,Mumbai,7,4199.94
CUS009375,Pune,11,1780.73
CUS009376,Bangalore,7,4488.92
CUS009377,Mysore,13,2120.19
CUS009378,Tumkur,7,1599.46
CUS009379,Mumbai,8,3572.63
CUS009380,Pune,6,2809.03
CUS009381,Tumkur,6,2084.0
CUS009382,Mumbai,16,901.99
CUS009383,Chennai,9,1690.55
CUS009384,Mysore,8,3935.65
CUS009385,Chennai,9,641.54
CUS009386,Mumbai,8,2400.72
CUS009387,Mumbai,15,2269.19
CUS009388,Tumkur,8,3327.38
CUS009389,Mumbai,9,3156.6
CUS009390,Mysore,9,1174.37
CUS009391,Bangalore,4,1043.79
CUS009392,Mumbai,7,3889.8
CUS009393,Bangalore,9,1042.62
CUS009394,Mumbai,7,937.67
CUS009395,Chennai,14,1465.64
CUS009396,Delhi,14,2411.03
CUS009397,Mumbai,8,4083.7
CUS009398,Chennai,6,1481.61
CUS009399,Mysore,12,2477.34
CUS009400,Pune,7,645.95
CUS009401,Hyderabad,3,1792.36
CUS009402,Chennai,12,1971.93
CUS009403,Chennai,9,691.47
CUS009404,Mysore,13,2530.78
CUS009405,Hyderabad,9,4288.21
CUS009406,Mysore,8,8907.31
CUS009407,Pune,6,1378.08
CUS009408,Pune,11,1640.08
CUS009409,Mumbai,10,1739.88
CUS009410,Mumbai,8,745.68
CUS009411,Chennai,9,1239.85
CUS009412,Chennai,6,1871.46
CUS009413,Bangalore,11,1154.03
CUS009414,Delhi,11,660.47
CUS009415,Delhi,12,1275.92
CUS009416,Bangalore,5,2187.0
CUS009417,Hyderabad,9,1223.41
CUS009418,Pune,7,2601.91
CUS009419,Mysore,9,2748.55
CUS009420,Mysore,8,757.65
CUS009421,Delhi,17,1801.16
CUS009422,Tumkur,8,2151.86
CUS009423,Mumbai,7,1315.57
CUS009424,Pune,12,1077.8
CUS009425,Chennai,8,1520.09
CUS009426,Bangalore,14,2076.3
CUS009427,Hyderabad,11,1646.32
CUS009428,Bangalore,12,1382.31
CUS009429,Bangalore,8,3408.54
CUS009430,Delhi,4,3447.9
CUS009431,Hyderabad,3,1868.73
CUS009432,Tumkur,8,1326.57
CUS009433,Pune,7,3241.91
CUS009434,Bangalore,11,1046.33
CUS009435,Bangalore,10,2941.15
CUS009436,Mumbai,5,3232.59
CUS009437,Bangalore,12,3825.81
CUS009438,Mysore,16,1711.43
CUS009439,Delhi,10,1267.08
CUS009440,Mysore,6,916.13
CUS009441,Pune,9,704.89
CUS009442,Hyderabad,13,2019.24
CUS009443,Hyderabad,8,1056.55
CUS009444,Mumbai,8,919.16
CUS009445,Mumbai,5,3245.57
CUS009446,Pune,10,1903.86
CUS009447,Mysore,7,1681.69
CUS009448,Mumbai,8,2864.27
CUS009449,Delhi,7,1282.47
CUS009450,Bangalore,6,2127.19
CUS009451,Pune,5,1841.12
CUS009452,Hyderabad,7,1701.38
CUS009453,Delhi,4,562.51
CUS009454,Delhi,9,1938.71
CUS009455,Mysore,7,1288.17
CUS009456,Mumbai,8,1743.66
CUS009457,Mysore,3,2052.53
CUS009458,Bangalore,3,3108.8
CUS009459,Chennai,8,3727.23
CUS009460,Bangalore,4,3855.6
CUS009461,Bangalore,11,2830.36
CUS009462,Tumkur,7,2295.5
CUS009463,Mysore,9,1848.13
CUS009464,Mumbai,3,1719.04
CUS009465,Pune,7,1256.07
CUS009466,Chennai,13,1611.19
CUS009467,Tumkur,9,3162.6
CUS009468,Mysore,8,2701.84
CUS009469,Chennai,4,2118.11
CUS009470,Mumbai,4,999.85
CUS009471,Bangalore,6,2023.96
CUS009472,Bangalore,9,2841.65
CUS009473,Hyderabad,11,991.59
CUS009474,Bangalore,10,1866.74
CUS009475,Mysore,8,1059.73
CUS009476,Bangalore,11,1347.5
CUS009477,Hyderabad,10,2507.66
CUS009478,Mysore,6,1594.2
CUS009479,Hyderabad,3,2952.65
CUS009480,Mumbai,10,1631.9
CUS009481,Pune,10,2561.43
CUS009482,Hyderabad,9,1439.07
CUS009483,Tumkur,11,2245.61
CUS009484,Tumkur,5,6188.19
CUS009485,Delhi,10,1929.33
CUS009486,Mysore,7,2815.69
CUS009487,Tumkur,7,1149.36
CUS009488,Mumbai,6,821.47
CUS009489,Tumkur,6,1898.75
CUS009490,Pune,5,1826.88
CUS009491,Delhi,4,3053.13
CUS009492,Mysore,12,2138.64
CUS009493,Chennai,5,1018.84
CUS009494,Delhi,10,1694.11
CUS009495,Delhi,13,2488.88
CUS009496,Hyderabad,8,1431.18
CUS009497,Mumbai,7,1826.53
CUS009498,Delhi,3,1175.09
CUS009499,Chennai,3,2007.51
CUS009500,Mysore,3,1164.65
CUS009501,Hyderabad,6,1655.69
CUS009502,Hyderabad,8,765.86
CUS009503,Mysore,5,908.86
CUS009504,Mumbai,10,1092.69
CUS009505,Chennai,12,2601.16
CUS009506,Chennai,9,1450.9
CUS009507,Mysore,3,6829.65
CUS009508,Mysore,10,4480.52
CUS009509,Delhi,11,3765.59
CUS009510,Bangalore,5,914.6
CUS009511,Chennai,8,2064.33
CUS009512,Bangalore,4,2127.64
CUS009513,Chennai,6,5168.31
CUS009514,Delhi,7,2674.94
CUS009515,Pune,7,2718.36
CUS009516,Chennai,8,4321.98
CUS009517,Delhi,7,2417.59
CUS009518,Mysore,6,1884.95
CUS009519,Mumbai,9,1758.88
CUS009520,Chennai,7,1502.86
CUS009521,Mumbai,8,914.57
CUS009522,Hyderabad,9,3973.74
CUS009523,Delhi,9,4337.68
CUS009524,Tumkur,8,1282.75
CUS009525,Mysore,8,967.29
CUS009526,Tumkur,6,1787.49
CUS009527,Chennai,10,2151.88
CUS009528,Mumbai,7,999.12
CUS009529,Pune,10,2614.14
CUS009530,Delhi,10,891.26
CUS009531,Chennai,8,2325.57
CUS009532,Pune,9,2244.26
CUS009533,Chennai,12,2051.65
CUS009534,Mysore,4,1447.56
CUS009535,Hyderabad,6,1260.33
CUS009536,Pune,9,1241.19
CUS009537,Tumkur,12,2570.25
CUS009538,Hyderabad,7,3079.88
CUS009539,Mysore,8,8149.91
CUS009540,Tumkur,7,1085.84
CUS009541,Delhi,6,1712.89
CUS009542,Mysore,2,1276.87
CUS009543,Mysore,6,2151.45
CUS009544,Chennai,9,2541.76
CUS009545,Bangalore,15,4768.68
CUS009546,Delhi,6,1478.01
CUS009547,Tumkur,8,1694.29
CUS009548,Hyderabad,8,1166.7
CUS009549,Bangalore,8,1612.03
CUS009550,Delhi,15,3200.81
CUS009551,Delhi,8,905.79
CUS009552,Mumbai,9,2456.4
CUS009553,Hyderabad,11,3399.41
CUS009554,Mysore,7,2452.25
CUS009555,Mysore,6,1276.49
CUS009556,Mumbai,4,1755.5
CUS009557,Pune,4,2074.39
CUS009558,Chennai,3,1109.94
CUS009559,Tumkur,10,934.7
CUS009560,Pune,5,4078.78
CUS009561,Pune,6,1146.22
CUS009562,Mumbai,5,1506.33
CUS009563,Bangalore,10,1369.24
CUS009564,Delhi,6,2545.61
CUS009565,Hyderabad,8,952.69
CUS009566,Mumbai,2,2777.4
CUS009567,Mysore,6,1195.17
CUS009568,Bangalore,11,1109.6
CUS009569,Pune,10,2612.94
CUS009570,Pune,6,3338.95
CUS009571,Chennai,5,3359.87
CUS009572,Hyderabad,6,1498.99
CUS009573,Chennai,10,1257.14
CUS009574,Pune,6,1205.16
CUS009575,Tumkur,6,852.3
CUS009576,Hyderabad,11,3878.57
CUS009577,Delhi,8,2582.32
CUS009578,Pune,5,3357.58
CUS009579,Mysore,9,1382.93
CUS009580,Bangalore,10,1641.15
CUS009581,Chennai,11,1503.41
CUS009582,Mysore,15,1527.94
CUS009583,Chennai,11,1699.45
CUS009584,Mysore,6,1294.05
CUS009585,Bangalore,6,1338.61
CUS009586,Bangalore,8,1378.03
CUS009587,Hyderabad,9,2020.65
CUS009588,Chennai,7,4385.12
CUS009589,Mysore,5,1449.98
CUS009590,Mysore,5,1016.44
CUS009591,Hyderabad,6,2551.08
CUS009592,Chennai,13,2207.14
CUS009593,Pune,10,1337.04
CUS009594,Pune,7,3037.04
CUS009595,Pune,6,1624.91
CUS009596,Mysore,7,1794.64
CUS009597,Chennai,6,968.3
CUS009598,Hyderabad,9,2330.92
CUS009599,Delhi,10,2230.69
CUS009600,Chennai,8,1223.51
CUS009601,Tumkur,6,998.89
CUS009602,Chennai,12,3081.0
CUS009603,Mumbai,12,847.93
CUS009604,Hyderabad,10,1404.17
CUS009605,Hyderabad,9,999.03
CUS009606,Bangalore,6,940.47
CUS009607,Mysore,4,2025.69
CUS009608,Tumkur,9,2474.02
CUS009609,Delhi,7,1267.62
CUS009610,Hyderabad,10,2822.41
CUS009611,Chennai,8,1833.46
CUS009612,Tumkur,6,999.86
CUS009613,Mumbai,10,2238.2
CUS009614,Mysore,8,1909.26
CUS009615,Tumkur,13,1489.3
CUS009616,Tumkur,9,2884.27
CUS009617,Mumbai,2,1977.16
CUS009618,Delhi,7,740.34
CUS009619,Tumkur,7,2877.46
CUS009620,Bangalore,6,908.59
CUS009621,Delhi,8,2065.55
CUS009622,Pune,7,1095.28
CUS009623,Mumbai,7,1193.79
CUS009624,Bangalore,10,2429.56
CUS009625,Tumkur,4,1904.52
CUS009626,Hyderabad,7,2690.06
CUS009627,Mysore,8,2833.26
CUS009628,Tumkur,7,1398.51
CUS009629,Bangalore,5,784.08
CUS009630,Mumbai,8,962.47
CUS009631,Delhi,4,1895.17
CUS009632,Bangalore,5,1228.79
CUS009633,Delhi,4,2043.97
CUS009634,Chennai,12,3663.51
CUS009635,Delhi,8,2763.24
CUS009636,Mysore,9,1306.62
CUS009637,Bangalore,10,2783.64
CUS009638,Bangalore,12,1209.4
CUS009639,Hyderabad,11,1328.0
CUS009640,Chennai,5,2046.02
CUS009641,Tumkur,6,4444.4
CUS009642,Tumkur,6,1318.51
CUS009643,Mysore,11,1819.31
CUS009644,Mysore,11,2283.2
CUS009645,Hyderabad,9,831.42
CUS009646,Mumbai,8,1945.39
CUS009647,Delhi,8,2513.82
CUS009648,Delhi,11,1967.7
CUS009649,Mumbai,12,1660.67
CUS009650,Hyderabad,9,1331.23
CUS009651,Delhi,6,2465.76
CUS009652,Hyderabad,9,1346.2
CUS009653,Mumbai,14,1297.65
CUS009654,Delhi,5,2826.38
CUS009655,Bangalore,6,2689.48
CUS009656,Mumbai,6,901.72
CUS009657,Hyderabad,6,1809.61
CUS009658,Mumbai,17,851.19
CUS009659,Delhi,9,3517.2
CUS009660,Mysore,5,1144.58
CUS009661,Hyderabad,7,2100.91
CUS009662,Bangalore,10,2450.85
CUS009663,Tumkur,6,708.52
CUS009664,Pune,6,1739.8
CUS009665,Chennai,10,2299.7
CUS009666,Tumkur,12,2256.41
CUS009667,Mumbai,10,1267.3
CUS009668,Delhi,10,1001.34
CUS009669,Bangalore,6,2833.3
CUS009670,Chennai,8,1158.73
CUS009671,Pune,11,4665.08
CUS009672,Mumbai,8,1083.67
CUS009673,Chennai,11,2010.8
CUS009674,Mysore,4,1595.77
CUS009675,Chennai,8,1218.71
CUS009676,Pune,7,3131.31
CUS009677,Mysore,9,2219.1
CUS009678,Hyderabad,8,2585.63
CUS009679,Delhi,10,2331.57
CUS009680,Tumkur,12,1597.07
CUS009681,Hyderabad,13,1001.39
CUS009682,Mumbai,5,2253.7
CUS009683,Mumbai,11,1464.36
CUS009684,Pune,5,1684.87
CUS009685,Pune,5,1607.84
CUS009686,Hyderabad,9,1947.44
CUS009687,Hyderabad,8,2167.72
CUS009688,Chennai,9,2822.3
CUS009689,Bangalore,13,3434.26
CUS009690,Mumbai,9,2105.7
CUS009691,Mysore,8,2012.92
CUS009692,Pune,6,2824.69
CUS009693,Delhi,7,914.77
CUS009694,Mumbai,8,486.21
CUS009695,Hyderabad,5,1307.34
CUS009696,Mysore,7,2330.4
CUS009697,Bangalore,7,1486.04
CUS009698,Delhi,10,1001.62
CUS009699,Tumkur,9,1136.95
CUS009700,Delhi,9,1389.63
CUS009701,Tumkur,10,922.87
CUS009702,Hyderabad,3,1795.34
CUS009703,Tumkur,7,1888.92
CUS009704,Hyderabad,8,2776.21
CUS009705,Delhi,9,1762.7
CUS009706,Hyderabad,2,1845.74
CUS009707,Mysore,5,2308.84
CUS009708,Hyderabad,6,1053.68
CUS009709,Bangalore,6,1069.4
CUS009710,Delhi,5,5080.23
CUS009711,Bangalore,15,1897.29
CUS009712,Chennai,4,1459.1
CUS009713,Hyderabad,7,3058.75
CUS009714,Mysore,9,1528.06
CUS009715,Bangalore,4,892.17
CUS009716,Delhi,9,2341.11
CUS009717,Hyderabad,9,2025.7
CUS009718,Bangalore,15,1187.8
CUS009719,Pune,7,3558.56
CUS009720,Mumbai,3,2390.92
CUS009721,Bangalore,6,1507.41
CUS009722,Bangalore,10,2783.15
CUS009723,Hyderabad,8,2182.11
CUS009724,Tumkur,10,976.38
CUS009725,Mumbai,4,1690.79
CUS009726,Hyderabad,8,3449.22
CUS009727,Tumkur,7,2378.4
CUS009728,Mysore,8,1379.62
CUS009729,Hyderabad,8,1088.77
CUS009730,Tumkur,10,893.38
CUS009731,Chennai,8,995.45
CUS009732,Pune,5,1848.24
CUS009733,Mysore,9,1670.05
CUS009734,Hyderabad,9,1355.82
CUS009735,Chennai,9,2243.33
CUS009736,Bangalore,10,2039.88
CUS009737,Delhi,14,1319.45
CUS009738,Mumbai,5,3188.59
CUS009739,Chennai,9,1101.24
CUS009740,Pune,9,1551.94
CUS009741,Pune,10,1744.99
CUS009742,Pune,7,1455.02
CUS009743,Mysore,6,1985.86
CUS009744,Hyderabad,4,1870.06
CUS009745,Hyderabad,9,3102.78
CUS009746,Hyderabad,7,1284.19
CUS009747,Tumkur,8,2344.33
CUS009748,Pune,6,1431.23
CUS009749,Mumbai,7,2446.02
CUS009750,Tumkur,10,1331.0
CUS009751,Chennai,14,2043.92
CUS009752,Hyderabad,11,1296.58
CUS009753,Tumkur,5,2736.85
CUS009754,Pune,6,2102.81
CUS009755,Chennai,7,2539.95
CUS009756,Hyderabad,13,3981.19
CUS009757,Hyderabad,7,3558.91
CUS009758,Mysore,8,1744.1
CUS009759,Hyderabad,8,1379.17
CUS009760,Delhi,11,2526.65
CUS009761,Tumkur,2,2142.31
CUS009762,Pune,5,1256.11
CUS009763,Pune,8,423.89
CUS009764,Mysore,7,1185.04
CUS009765,Tumkur,9,1935.31
CUS009766,Delhi,7,1466.31
CUS009767,Mumbai,12,3861.32
CUS009768,Mumbai,14,3055.68
CUS009769,Delhi,5,1692.93
CUS009770,Mumbai,8,2891.99
CUS009771,Pune,4,8925.96
CUS009772,Delhi,13,3560.31
CUS009773,Pune,9,3040.46
CUS009774,Pune,5,1609.83
CUS009775,Delhi,5,972.73
CUS009776,Bangalore,6,1224.67
CUS009777,Bangalore,9,1045.91
CUS009778,Pune,9,2400.59
CUS009779,Mysore,13,2707.57
CUS009780,Tumkur,7,2414.48
CUS009781,Hyderabad,10,2692.66
CUS009782,Chennai,8,1355.81
CUS009783,Mumbai,5,1629.97
CUS009784,Tumkur,15,1711.95
CUS009785,Hyderabad,11,2996.91
CUS009786,Bangalore,4,812.55
CUS009787,Pune,7,6310.32
CUS009788,Tumkur,3,444.22
CUS009789,Pune,8,2409.17
CUS009790,Bangalore,9,2100.4
CUS009791,Delhi,6,2151.18
CUS009792,Delhi,9,1929.01
CUS009793,Bangalore,6,1639.33
CUS009794,Mysore,5,942.7
CUS009795,Bangalore,7,1578.98
CUS009796,Hyderabad,8,6486.19
CUS009797,Mysore,9,1158.18
CUS009798,Mumbai,6,1170.79
CUS009799,Mysore,6,2447.57
CUS009800,Hyderabad,11,1361.95
CUS009801,Delhi,7,3427.28
CUS009802,Mumbai,8,1608.27
CUS009803,Bangalore,8,1059.88
CUS009804,Mysore,10,676.58
CUS009805,Bangalore,6,911.51
CUS009806,Chennai,8,1076.53
CUS009807,Tumkur,6,1347.14
CUS009808,Delhi,7,2387.47
CUS009809,Tumkur,9,1523.04
CUS009810,Chennai,7,1968.99
CUS009811,Tumkur,5,3085.49
CUS009812,Hyderabad,8,1796.14
CUS009813,Hyderabad,8,1854.44
CUS009814,Bangalore,5,2148.79
CUS009815,Delhi,7,3707.3
CUS009816,Chennai,6,826.09
CUS009817,Mysore,7,1890.06
CUS009818,Mysore,4,2304.7
CUS009819,Bangalore,6,3162.6
CUS009820,Tumkur,10,1306.85
CUS009821,Mysore,7,2161.24
CUS009822,Mysore,15,3877.73
CUS009823,Chennai,7,2522.02
CUS009824,Chennai,6,917.42
CUS009825,Mysore,9,2056.58
CUS009826,Delhi,10,1769.83
CUS009827,Bangalore,8,1700.66
CUS009828,Delhi,6,3722.86
CUS009829,Pune,5,2204.62
CUS009830,Bangalore,8,902.83
CUS009831,Mysore,8,2061.49
CUS009832,Hyderabad,7,1348.95
CUS009833,Pune,7,3802.74
CUS009834,Delhi,6,1137.36
CUS009835,Tumkur,9,2514.06
CUS009836,Chennai,8,1025.23
CUS009837,Hyderabad,5,3354.6
CUS009838,Delhi,16,2280.13
CUS009839,Mysore,4,832.48
CUS009840,Pune,6,2193.3
CUS009841,Tumkur,7,1019.51
CUS009842,Bangalore,5,1652.59
CUS009843,Tumkur,9,1312.83
CUS009844,Tumkur,6,1153.52
CUS009845,Chennai,8,1139.99
CUS009846,Tumkur,10,2125.28
CUS009847,Chennai,11,1677.46
CUS009848,Delhi,5,2683.09
CUS009849,Delhi,4,1129.69
CUS009850,Hyderabad,8,2231.43
CUS009851,Hyderabad,11,1016.73
CUS009852,Mysore,9,1521.52
CUS009853,Delhi,6,2006.2
CUS009854,Mumbai,2,2994.77
CUS009855,Hyderabad,10,3420.95
CUS009856,Pune,8,2268.72
CUS009857,Pune,9,1547.3
CUS009858,Mysore,9,3027.05
CUS009859,Delhi,11,3967.49
CUS009860,Pune,11,6256.95
CUS009861,Pune,8,1455.21
CUS009862,Tumkur,7,694.08
CUS009863,Bangalore,9,505.45
CUS009864,Hyderabad,6,1936.69
CUS009865,Delhi,9,1008.6
CUS009866,Mysore,8,3469.12
CUS009867,Pune,14,1459.58
CUS009868,Bangalore,10,3461.04
CUS009869,Hyderabad,7,1906.82
CUS009870,Bangalore,5,1867.22
CUS009871,Delhi,8,1296.61
CUS009872,Bangalore,8,1833.94
CUS009873,Mumbai,10,3843.16
CUS009874,Tumkur,4,2510.64
CUS009875,Delhi,6,3604.86
CUS009876,Delhi,9,1862.89
CUS009877,Hyderabad,10,3808.58
CUS009878,Bangalore,10,1663.58
CUS009879,Tumkur,9,1740.5
CUS009880,Mumbai,7,1448.45
CUS009881,Chennai,9,915.81
CUS009882,Mumbai,7,2119.09
CUS009883,Pune,17,918.53
CUS009884,Mysore,7,966.21
CUS009885,Tumkur,11,3195.72
CUS009886,Tumkur,12,1198.05
CUS009887,Mumbai,10,2422.26
CUS009888,Mumbai,13,2477.98
CUS009889,Delhi,12,1116.42
CUS009890,Tumkur,6,3251.8
CUS009891,Hyderabad,9,3381.87
CUS009892,Hyderabad,6,2117.35
CUS009893,Pune,8,1492.54
CUS009894,Mysore,9,1325.04
CUS009895,Delhi,10,2093.68
CUS009896,Pune,3,4783.2
CUS009897,Delhi,3,1656.65
CUS009898,Tumkur,7,2437.6
CUS009899,Hyderabad,7,1611.29
CUS009900,Tumkur,11,2008.34
CUS009901,Mumbai,4,1043.65
CUS009902,Mumbai,11,1482.24
CUS009903,Pune,9,1622.47
CUS009904,Mysore,8,3892.86
CUS009905,Bangalore,6,1649.55
CUS009906,Bangalore,9,1600.03
CUS009907,Tumkur,4,906.67
CUS009908,Chennai,7,2452.05
CUS009909,Mysore,7,1524.94
CUS009910,Mysore,7,4769.41
CUS009911,Delhi,6,1696.05
CUS009912,Delhi,8,2815.25
CUS009913,Mumbai,7,2234.65
CUS009914,Chennai,5,2193.83
CUS009915,Chennai,3,1982.41
CUS009916,Mysore,10,1324.06
CUS009917,Tumkur,7,2111.69
CUS009918,Pune,8,2218.71
CUS009919,Pune,10,1972.96
CUS009920,Mysore,3,4927.24
CUS009921,Bangalore,5,2708.87
CUS009922,Hyderabad,6,692.16
CUS009923,Mysore,8,893.52
CUS009924,Bangalore,9,1826.25
CUS009925,Mysore,11,1015.21
CUS009926,Delhi,12,1756.32
CUS009927,Mumbai,11,1553.89
CUS009928,Bangalore,9,1632.21
CUS009929,Tumkur,10,1876.74
CUS009930,Mumbai,7,1753.08
CUS009931,Mysore,7,1049.08
CUS009932,Delhi,7,1184.65
CUS009933,Pune,6,1855.19
CUS009934,Tumkur,5,3498.59
CUS009935,Chennai,11,1864.11
CUS009936,Chennai,5,1818.49
CUS009937,Hyderabad,3,3667.82
CUS009938,Delhi,10,1949.08
CUS009939,Delhi,12,1522.22
CUS009940,Hyderabad,9,1062.79
CUS009941,Chennai,6,2288.29
CUS009942,Chennai,7,3148.59
CUS009943,Tumkur,6,1515.2
CUS009944,Pune,8,1678.81
CUS009945,Chennai,9,1626.44
CUS009946,Mysore,9,929.25
CUS009947,Bangalore,8,1994.0
CUS009948,Mysore,6,1687.03
CUS009949,Chennai,7,1146.84
CUS009950,Bangalore,7,2865.7
CUS009951,Tumkur,7,2027.84
CUS009952,Bangalore,8,2053.86
CUS009953,Mumbai,6,1811.05
CUS009954,Pune,10,2660.55
CUS009955,Mysore,10,1250.28
CUS009956,Mumbai,13,1323.26
CUS009957,Tumkur,11,1625.78
CUS009958,Delhi,8,3949.25
CUS009959,Chennai,6,3724.5
CUS009960,Chennai,7,1839.24
CUS009961,Delhi,6,1084.46
CUS009962,Mumbai,7,1639.93
CUS009963,Mumbai,6,1645.28
CUS009964,Tumkur,6,1112.31
CUS009965,Mysore,8,1445.17
CUS009966,Delhi,5,1909.77
CUS009967,Pune,8,727.51
CUS009968,Pune,9,808.23
CUS009969,Mysore,7,905.04
CUS009970,Mysore,10,697.72
CUS009971,Tumkur,10,1174.02
CUS009972,Hyderabad,3,1106.4
CUS009973,Mysore,7,2643.09
CUS009974,Mysore,6,1755.39
CUS009975,Delhi,10,2321.45
CUS009976,Chennai,5,641.86
CUS009977,Bangalore,8,5081.02
CUS009978,Mumbai,4,606.29
CUS009979,Bangalore,13,2264.6
CUS009980,Chennai,10,1682.5
CUS009981,Hyderabad,12,1333.62
CUS009982,Hyderabad,3,1679.08
CUS009983,Pune,9,1525.28
CUS009984,Mumbai,6,4664.69
CUS009985,Mysore,16,1449.02
CUS009986,Tumkur,7,2037.77
CUS009987,Hyderabad,10,1615.36
CUS009988,Mysore,13,4453.17
CUS009989,Chennai,6,846.02
CUS009990,Hyderabad,5,1476.06
CUS009991,Pune,12,1334.13
CUS009992,Bangalore,6,3263.66
CUS009993,Mysore,7,1299.13
CUS009994,Delhi,7,911.18
CUS009995,Hyderabad,9,744.32
CUS009996,Bangalore,6,1789.12
CUS009997,Bangalore,8,2357.15
CUS009998,Mumbai,8,1827.45
CUS009999,Pune,10,3870.19
CUS010000,Hyderabad,6,1279.25
