warehouse_id,location,product_id,category,current_stock
WH01,Bangalore,PRD00001,Home,21
WH01,Bangalore,PRD00002,Beauty,17
WH01,Bangalore,PRD00003,Electronics,15
WH01,Bangalore,PRD00004,Laptop,7
WH01,Bangalore,PRD00005,Home,7
WH01,Bangalore,PRD00006,Beauty,5
WH01,Bangalore,PRD00007,Electronics,20
WH01,Bangalore,PRD00008,Home,15
WH01,Bangalore,PRD00009,Accessories,17
WH01,Bangalore,PRD00010,Mobile,4
WH01,Bangalore,PRD00011,Electronics,21
WH01,Bangalore,PRD00012,Beauty,19
WH01,Bangalore,PRD00013,Mobile,8
WH01,Bangalore,PRD00014,Grocery,7
WH01,Bangalore,PRD00015,Mobile,7
WH01,Bangalore,PRD00016,Accessories,9
WH01,Bangalore,PRD00017,Laptop,13
WH01,Bangalore,PRD00018,Fashion,12
WH01,Bangalore,PRD00019,Electronics,9
WH01,Bangalore,PRD00020,Mobile,15
WH01,Bangalore,PRD00021,Electronics,7
WH01,Bangalore,PRD00022,Accessories,9
WH01,Bangalore,PRD00023,Home,11
WH01,Bangalore,PRD00024,Beauty,12
WH01,Bangalore,PRD00025,Grocery,18
WH01,Bangalore,PRD00026,Accessories,8
WH01,Bangalore,PRD00027,Fashion,13
WH01,Bangalore,PRD00028,Home,15
WH01,Bangalore,PRD00029,Electronics,5
WH01,Bangalore,PRD00030,Electronics,15
WH01,Bangalore,PRD00031,Electronics,7
WH01,Bangalore,PRD00032,Home,5
WH01,Bangalore,PRD00033,Grocery,21
WH01,Bangalore,PRD00034,Electronics,21
WH01,Bangalore,PRD00035,Accessories,19
WH01,Bangalore,PRD00036,Electronics,9
WH01,Bangalore,PRD00037,Grocery,6
WH01,Bangalore,PRD00038,Grocery,16
WH01,Bangalore,PRD00039,Laptop,12
WH01,Bangalore,PRD00040,Grocery,6
WH01,Bangalore,PRD00041,Grocery,13
WH01,Bangalore,PRD00042,Laptop,5
WH01,Bangalore,PRD00043,Mobile,20
WH01,Bangalore,PRD00044,Accessories,9
WH01,Bangalore,PRD00045,Mobile,16
WH01,Bangalore,PRD00046,Beauty,10
WH01,Bangalore,PRD00047,Beauty,13
WH01,Bangalore,PRD00048,Home,14
WH01,Bangalore,PRD00049,Beauty,7
WH01,Bangalore,PRD00050,Grocery,21
WH01,Bangalore,PRD00051,Electronics,18
WH01,Bangalore,PRD00052,Home,21
WH01,Bangalore,PRD00053,Home,20
WH01,Bangalore,PRD00054,Mobile,15
WH01,Bangalore,PRD00055,Electronics,21
WH01,Bangalore,PRD00056,Home,6
WH01,Bangalore,PRD00057,Grocery,8
WH01,Bangalore,PRD00058,Electronics,5
WH01,Bangalore,PRD00059,Electronics,10
WH01,Bangalore,PRD00060,Home,11
WH01,Bangalore,PRD00061,Electronics,9
WH01,Bangalore,PRD00062,Mobile,19
WH01,Bangalore,PRD00063,Electronics,10
WH01,Bangalore,PRD00064,Laptop,9
WH01,Bangalore,PRD00065,Accessories,14
WH01,Bangalore,PRD00066,Laptop,7
WH01,Bangalore,PRD00067,Fashion,18
WH01,Bangalore,PRD00068,Electronics,5
WH01,Bangalore,PRD00069,Beauty,22
WH01,Bangalore,PRD00070,Beauty,18
WH01,Bangalore,PRD00071,Home,8
WH01,Bangalore,PRD00072,Fashion,4
WH01,Bangalore,PRD00073,Laptop,19
WH01,Bangalore,PRD00074,Grocery,17
WH01,Bangalore,PRD00075,Accessories,17
WH01,Bangalore,PRD00076,Mobile,18
WH01,Bangalore,PRD00077,Mobile,5
WH01,Bangalore,PRD00078,Mobile,10
WH01,Bangalore,PRD00079,Fashion,6
WH01,Bangalore,PRD00080,Home,20
WH01,Bangalore,PRD00081,Accessories,15
WH01,Bangalore,PRD00082,Beauty,10
WH01,Bangalore,PRD00083,Home,5
WH01,Bangalore,PRD00084,Accessories,10
WH01,Bangalore,PRD00085,Fashion,10
WH01,Bangalore,PRD00086,Beauty,17
WH01,Bangalore,PRD00087,Fashion,15
WH01,Bangalore,PRD00088,Home,20
WH01,Bangalore,PRD00089,Fashion,12
WH01,Bangalore,PRD00090,Beauty,6
WH01,Bangalore,PRD00091,Mobile,17
WH01,Bangalore,PRD00092,Electronics,18
WH01,Bangalore,PRD00093,Beauty,14
WH01,Bangalore,PRD00094,Grocery,18
WH01,Bangalore,PRD00095,Accessories,13
WH01,Bangalore,PRD00096,Fashion,13
WH01,Bangalore,PRD00097,Mobile,12
WH01,Bangalore,PRD00098,Home,4
WH01,Bangalore,PRD00099,Laptop,6
WH01,Bangalore,PRD00100,Home,5
WH01,Bangalore,PRD00101,Fashion,15
WH01,Bangalore,PRD00102,Home,10
WH01,Bangalore,PRD00103,Mobile,13
WH01,Bangalore,PRD00104,Beauty,20
WH01,Bangalore,PRD00105,Laptop,8
WH01,Bangalore,PRD00106,Electronics,11
WH01,Bangalore,PRD00107,Home,18
WH01,Bangalore,PRD00108,Accessories,8
WH01,Bangalore,PRD00109,Accessories,5
WH01,Bangalore,PRD00110,Mobile,9
WH01,Bangalore,PRD00111,Electronics,7
WH01,Bangalore,PRD00112,Accessories,21
WH01,Bangalore,PRD00113,Electronics,19
WH01,Bangalore,PRD00114,Fashion,15
WH01,Bangalore,PRD00115,Fashion,20
WH01,Bangalore,PRD00116,Grocery,18
WH01,Bangalore,PRD00117,Fashion,7
WH01,Bangalore,PRD00118,Mobile,20
WH01,Bangalore,PRD00119,Electronics,14
WH01,Bangalore,PRD00120,Fashion,19
WH01,Bangalore,PRD00121,Grocery,20
WH01,Bangalore,PRD00122,Accessories,10
WH01,Bangalore,PRD00123,Electronics,6
WH01,Bangalore,PRD00124,Grocery,8
WH01,Bangalore,PRD00125,Grocery,12
WH01,Bangalore,PRD00126,Accessories,19
WH01,Bangalore,PRD00127,Electronics,19
WH01,Bangalore,PRD00128,Home,4
WH01,Bangalore,PRD00129,Home,13
WH01,Bangalore,PRD00130,Grocery,12
WH01,Bangalore,PRD00131,Laptop,8
WH01,Bangalore,PRD00132,Grocery,6
WH01,Bangalore,PRD00133,Electronics,10
WH01,Bangalore,PRD00134,Fashion,21
WH01,Bangalore,PRD00135,Electronics,10
WH01,Bangalore,PRD00136,Beauty,13
WH01,Bangalore,PRD00137,Electronics,17
WH01,Bangalore,PRD00138,Beauty,11
WH01,Bangalore,PRD00139,Fashion,21
WH01,Bangalore,PRD00140,Home,21
WH01,Bangalore,PRD00141,Electronics,9
WH01,Bangalore,PRD00142,Beauty,13
WH01,Bangalore,PRD00143,Grocery,9
WH01,Bangalore,PRD00144,Grocery,9
WH01,Bangalore,PRD00145,Electronics,5
WH01,Bangalore,PRD00146,Mobile,15
WH01,Bangalore,PRD00147,Grocery,13
WH01,Bangalore,PRD00148,Fashion,5
WH01,Bangalore,PRD00149,Accessories,9
WH01,Bangalore,PRD00150,Grocery,20
WH01,Bangalore,PRD00151,Fashion,8
WH01,Bangalore,PRD00152,Laptop,7
WH01,Bangalore,PRD00153,Grocery,13
WH01,Bangalore,PRD00154,Accessories,22
WH01,Bangalore,PRD00155,Home,8
WH01,Bangalore,PRD00156,Laptop,16
WH01,Bangalore,PRD00157,Electronics,18
WH01,Bangalore,PRD00158,Fashion,8
WH01,Bangalore,PRD00159,Fashion,17
WH01,Bangalore,PRD00160,Mobile,11
WH01,Bangalore,PRD00161,Home,15
WH01,Bangalore,PRD00162,Fashion,15
WH01,Bangalore,PRD00163,Beauty,14
WH01,Bangalore,PRD00164,Grocery,6
WH01,Bangalore,PRD00165,Electronics,19
WH01,Bangalore,PRD00166,Fashion,10
WH01,Bangalore,PRD00167,Beauty,7
WH01,Bangalore,PRD00168,Fashion,5
WH01,Bangalore,PRD00169,Fashion,15
WH01,Bangalore,PRD00170,Electronics,16
WH01,Bangalore,PRD00171,Mobile,4
WH01,Bangalore,PRD00172,Fashion,13
WH01,Bangalore,PRD00173,Beauty,8
WH01,Bangalore,PRD00174,Fashion,16
WH01,Bangalore,PRD00175,Laptop,7
WH01,Bangalore,PRD00176,Accessories,16
WH01,Bangalore,PRD00177,Accessories,11
WH01,Bangalore,PRD00178,Electronics,21
WH01,Bangalore,PRD00179,Accessories,6
WH01,Bangalore,PRD00180,Electronics,10
WH01,Bangalore,PRD00181,Accessories,6
WH01,Bangalore,PRD00182,Electronics,21
WH01,Bangalore,PRD00183,Beauty,20
WH01,Bangalore,PRD00184,Accessories,9
WH01,Bangalore,PRD00185,Home,16
WH01,Bangalore,PRD00186,Grocery,19
WH01,Bangalore,PRD00187,Electronics,14
WH01,Bangalore,PRD00188,Mobile,14
WH01,Bangalore,PRD00189,Fashion,8
WH01,Bangalore,PRD00190,Beauty,6
WH01,Bangalore,PRD00191,Mobile,20
WH01,Bangalore,PRD00192,Accessories,20
WH01,Bangalore,PRD00193,Laptop,15
WH01,Bangalore,PRD00194,Fashion,10
WH01,Bangalore,PRD00195,Fashion,10
WH01,Bangalore,PRD00196,Fashion,17
WH01,Bangalore,PRD00197,Accessories,20
WH01,Bangalore,PRD00198,Laptop,20
WH01,Bangalore,PRD00199,Home,18
WH01,Bangalore,PRD00200,Laptop,16
WH01,Bangalore,PRD00201,Laptop,6
WH01,Bangalore,PRD00202,Electronics,7
WH01,Bangalore,PRD00203,Home,20
WH01,Bangalore,PRD00204,Mobile,15
WH01,Bangalore,PRD00205,Electronics,4
WH01,Bangalore,PRD00206,Laptop,6
WH01,Bangalore,PRD00207,Accessories,16
WH01,Bangalore,PRD00208,Beauty,4
WH01,Bangalore,PRD00209,Electronics,7
WH01,Bangalore,PRD00210,Home,14
WH01,Bangalore,PRD00211,Electronics,16
WH01,Bangalore,PRD00212,Fashion,16
WH01,Bangalore,PRD00213,Fashion,8
WH01,Bangalore,PRD00214,Electronics,17
WH01,Bangalore,PRD00215,Beauty,8
WH01,Bangalore,PRD00216,Electronics,10
WH01,Bangalore,PRD00217,Home,17
WH01,Bangalore,PRD00218,Beauty,16
WH01,Bangalore,PRD00219,Mobile,19
WH01,Bangalore,PRD00220,Mobile,16
WH01,Bangalore,PRD00221,Accessories,14
WH01,Bangalore,PRD00222,Mobile,6
WH01,Bangalore,PRD00223,Mobile,11
WH01,Bangalore,PRD00224,Home,9
WH01,Bangalore,PRD00225,Home,8
WH01,Bangalore,PRD00226,Beauty,22
WH01,Bangalore,PRD00227,Beauty,11
WH01,Bangalore,PRD00228,Grocery,20
WH01,Bangalore,PRD00229,Mobile,15
WH01,Bangalore,PRD00230,Grocery,18
WH01,Bangalore,PRD00231,Fashion,13
WH01,Bangalore,PRD00232,Laptop,14
WH01,Bangalore,PRD00233,Electronics,13
WH01,Bangalore,PRD00234,Beauty,8
WH01,Bangalore,PRD00235,Beauty,17
WH01,Bangalore,PRD00236,Beauty,9
WH01,Bangalore,PRD00237,Grocery,4
WH01,Bangalore,PRD00238,Beauty,16
WH01,Bangalore,PRD00239,Accessories,7
WH01,Bangalore,PRD00240,Fashion,21
WH01,Bangalore,PRD00241,Electronics,21
WH01,Bangalore,PRD00242,Laptop,20
WH01,Bangalore,PRD00243,Beauty,11
WH01,Bangalore,PRD00244,Electronics,4
WH01,Bangalore,PRD00245,Fashion,21
WH01,Bangalore,PRD00246,Laptop,12
WH01,Bangalore,PRD00247,Electronics,21
WH01,Bangalore,PRD00248,Mobile,21
WH01,Bangalore,PRD00249,Home,19
WH01,Bangalore,PRD00250,Beauty,9
WH01,Bangalore,PRD00251,Beauty,11
WH01,Bangalore,PRD00252,Home,19
WH01,Bangalore,PRD00253,Grocery,10
WH01,Bangalore,PRD00254,Electronics,7
WH01,Bangalore,PRD00255,Laptop,14
WH01,Bangalore,PRD00256,Grocery,21
WH01,Bangalore,PRD00257,Mobile,17
WH01,Bangalore,PRD00258,Mobile,14
WH01,Bangalore,PRD00259,Home,6
WH01,Bangalore,PRD00260,Grocery,15
WH01,Bangalore,PRD00261,Mobile,22
WH01,Bangalore,PRD00262,Electronics,7
WH01,Bangalore,PRD00263,Accessories,13
WH01,Bangalore,PRD00264,Accessories,20
WH01,Bangalore,PRD00265,Beauty,17
WH01,Bangalore,PRD00266,Fashion,17
WH01,Bangalore,PRD00267,Home,17
WH01,Bangalore,PRD00268,Fashion,10
WH01,Bangalore,PRD00269,Home,9
WH01,Bangalore,PRD00270,Beauty,19
WH01,Bangalore,PRD00271,Home,19
WH01,Bangalore,PRD00272,Beauty,20
WH01,Bangalore,PRD00273,Home,20
WH01,Bangalore,PRD00274,Accessories,13
WH01,Bangalore,PRD00275,Beauty,13
WH01,Bangalore,PRD00276,Mobile,18
WH01,Bangalore,PRD00277,Home,16
WH01,Bangalore,PRD00278,Accessories,17
WH01,Bangalore,PRD00279,Grocery,18
WH01,Bangalore,PRD00280,Beauty,20
WH01,Bangalore,PRD00281,Mobile,10
WH01,Bangalore,PRD00282,Beauty,11
WH01,Bangalore,PRD00283,Mobile,6
WH01,Bangalore,PRD00284,Beauty,14
WH01,Bangalore,PRD00285,Accessories,5
WH01,Bangalore,PRD00286,Home,12
WH01,Bangalore,PRD00287,Accessories,14
WH01,Bangalore,PRD00288,Grocery,9
WH01,Bangalore,PRD00289,Home,15
WH01,Bangalore,PRD00290,Laptop,5
WH01,Bangalore,PRD00291,Home,5
WH01,Bangalore,PRD00292,Grocery,19
WH01,Bangalore,PRD00293,Laptop,10
WH01,Bangalore,PRD00294,Fashion,6
WH01,Bangalore,PRD00295,Fashion,13
WH01,Bangalore,PRD00296,Beauty,18
WH01,Bangalore,PRD00297,Beauty,8
WH01,Bangalore,PRD00298,Mobile,15
WH01,Bangalore,PRD00299,Mobile,6
WH01,Bangalore,PRD00300,Grocery,5
WH01,Bangalore,PRD00301,Grocery,14
WH01,Bangalore,PRD00302,Laptop,14
WH01,Bangalore,PRD00303,Accessories,15
WH01,Bangalore,PRD00304,Home,17
WH01,Bangalore,PRD00305,Laptop,22
WH01,Bangalore,PRD00306,Accessories,13
WH01,Bangalore,PRD00307,Electronics,10
WH01,Bangalore,PRD00308,Laptop,18
WH01,Bangalore,PRD00309,Mobile,9
WH01,Bangalore,PRD00310,Grocery,12
WH01,Bangalore,PRD00311,Fashion,5
WH01,Bangalore,PRD00312,Accessories,4
WH01,Bangalore,PRD00313,Mobile,21
WH01,Bangalore,PRD00314,Laptop,19
WH01,Bangalore,PRD00315,Electronics,17
WH01,Bangalore,PRD00316,Grocery,11
WH01,Bangalore,PRD00317,Electronics,7
WH01,Bangalore,PRD00318,Laptop,7
WH01,Bangalore,PRD00319,Mobile,9
WH01,Bangalore,PRD00320,Laptop,14
WH01,Bangalore,PRD00321,Grocery,17
WH01,Bangalore,PRD00322,Grocery,16
WH01,Bangalore,PRD00323,Beauty,9
WH01,Bangalore,PRD00324,Laptop,21
WH01,Bangalore,PRD00325,Grocery,17
WH01,Bangalore,PRD00326,Home,14
WH01,Bangalore,PRD00327,Fashion,15
WH01,Bangalore,PRD00328,Mobile,12
WH01,Bangalore,PRD00329,Beauty,8
WH01,Bangalore,PRD00330,Beauty,10
WH01,Bangalore,PRD00331,Mobile,18
WH01,Bangalore,PRD00332,Electronics,4
WH01,Bangalore,PRD00333,Mobile,6
WH01,Bangalore,PRD00334,Beauty,5
WH01,Bangalore,PRD00335,Accessories,5
WH01,Bangalore,PRD00336,Grocery,19
WH01,Bangalore,PRD00337,Accessories,17
WH01,Bangalore,PRD00338,Grocery,13
WH01,Bangalore,PRD00339,Fashion,6
WH01,Bangalore,PRD00340,Accessories,13
WH01,Bangalore,PRD00341,Laptop,13
WH01,Bangalore,PRD00342,Laptop,7
WH01,Bangalore,PRD00343,Mobile,12
WH01,Bangalore,PRD00344,Laptop,11
WH01,Bangalore,PRD00345,Electronics,15
WH01,Bangalore,PRD00346,Beauty,15
WH01,Bangalore,PRD00347,Accessories,5
WH01,Bangalore,PRD00348,Grocery,11
WH01,Bangalore,PRD00349,Beauty,15
WH01,Bangalore,PRD00350,Accessories,13
WH01,Bangalore,PRD00351,Laptop,19
WH01,Bangalore,PRD00352,Fashion,16
WH01,Bangalore,PRD00353,Mobile,7
WH01,Bangalore,PRD00354,Home,5
WH01,Bangalore,PRD00355,Fashion,16
WH01,Bangalore,PRD00356,Accessories,4
WH01,Bangalore,PRD00357,Beauty,15
WH01,Bangalore,PRD00358,Electronics,21
WH01,Bangalore,PRD00359,Grocery,14
WH01,Bangalore,PRD00360,Fashion,11
WH01,Bangalore,PRD00361,Beauty,16
WH01,Bangalore,PRD00362,Grocery,12
WH01,Bangalore,PRD00363,Beauty,14
WH01,Bangalore,PRD00364,Laptop,21
WH01,Bangalore,PRD00365,Laptop,11
WH01,Bangalore,PRD00366,Electronics,21
WH01,Bangalore,PRD00367,Home,20
WH01,Bangalore,PRD00368,Grocery,8
WH01,Bangalore,PRD00369,Fashion,5
WH01,Bangalore,PRD00370,Beauty,6
WH01,Bangalore,PRD00371,Mobile,4
WH01,Bangalore,PRD00372,Beauty,6
WH01,Bangalore,PRD00373,Fashion,16
WH01,Bangalore,PRD00374,Laptop,5
WH01,Bangalore,PRD00375,Mobile,10
WH01,Bangalore,PRD00376,Fashion,19
WH01,Bangalore,PRD00377,Fashion,4
WH01,Bangalore,PRD00378,Accessories,19
WH01,Bangalore,PRD00379,Accessories,9
WH01,Bangalore,PRD00380,Home,6
WH01,Bangalore,PRD00381,Laptop,17
WH01,Bangalore,PRD00382,Fashion,15
WH01,Bangalore,PRD00383,Fashion,20
WH01,Bangalore,PRD00384,Mobile,17
WH01,Bangalore,PRD00385,Home,18
WH01,Bangalore,PRD00386,Fashion,9
WH01,Bangalore,PRD00387,Laptop,7
WH01,Bangalore,PRD00388,Mobile,18
WH01,Bangalore,PRD00389,Home,19
WH01,Bangalore,PRD00390,Laptop,22
WH01,Bangalore,PRD00391,Electronics,11
WH01,Bangalore,PRD00392,Electronics,11
WH01,Bangalore,PRD00393,Home,18
WH01,Bangalore,PRD00394,Electronics,10
WH01,Bangalore,PRD00395,Accessories,21
WH01,Bangalore,PRD00396,Electronics,19
WH01,Bangalore,PRD00397,Beauty,12
WH01,Bangalore,PRD00398,Home,18
WH01,Bangalore,PRD00399,Fashion,18
WH01,Bangalore,PRD00400,Grocery,6
WH01,Bangalore,PRD00401,Accessories,20
WH01,Bangalore,PRD00402,Laptop,13
WH01,Bangalore,PRD00403,Accessories,19
WH01,Bangalore,PRD00404,Fashion,10
WH01,Bangalore,PRD00405,Mobile,20
WH01,Bangalore,PRD00406,Mobile,11
WH01,Bangalore,PRD00407,Accessories,4
WH01,Bangalore,PRD00408,Grocery,20
WH01,Bangalore,PRD00409,Accessories,6
WH01,Bangalore,PRD00410,Fashion,10
WH01,Bangalore,PRD00411,Mobile,21
WH01,Bangalore,PRD00412,Laptop,21
WH01,Bangalore,PRD00413,Fashion,14
WH01,Bangalore,PRD00414,Mobile,15
WH01,Bangalore,PRD00415,Beauty,12
WH01,Bangalore,PRD00416,Mobile,9
WH01,Bangalore,PRD00417,Home,10
WH01,Bangalore,PRD00418,Mobile,16
WH01,Bangalore,PRD00419,Beauty,18
WH01,Bangalore,PRD00420,Laptop,18
WH01,Bangalore,PRD00421,Beauty,18
WH01,Bangalore,PRD00422,Fashion,6
WH01,Bangalore,PRD00423,Accessories,13
WH01,Bangalore,PRD00424,Mobile,5
WH01,Bangalore,PRD00425,Beauty,14
WH01,Bangalore,PRD00426,Electronics,12
WH01,Bangalore,PRD00427,Grocery,20
WH01,Bangalore,PRD00428,Mobile,10
WH01,Bangalore,PRD00429,Beauty,6
WH01,Bangalore,PRD00430,Home,7
WH01,Bangalore,PRD00431,Electronics,18
WH01,Bangalore,PRD00432,Electronics,15
WH01,Bangalore,PRD00433,Home,6
WH01,Bangalore,PRD00434,Laptop,6
WH01,Bangalore,PRD00435,Grocery,17
WH01,Bangalore,PRD00436,Home,5
WH01,Bangalore,PRD00437,Home,19
WH01,Bangalore,PRD00438,Fashion,17
WH01,Bangalore,PRD00439,Accessories,5
WH01,Bangalore,PRD00440,Laptop,6
WH01,Bangalore,PRD00441,Accessories,22
WH01,Bangalore,PRD00442,Laptop,11
WH01,Bangalore,PRD00443,Accessories,11
WH01,Bangalore,PRD00444,Fashion,19
WH01,Bangalore,PRD00445,Laptop,21
WH01,Bangalore,PRD00446,Home,22
WH01,Bangalore,PRD00447,Mobile,18
WH01,Bangalore,PRD00448,Home,11
WH01,Bangalore,PRD00449,Electronics,6
WH01,Bangalore,PRD00450,Grocery,18
WH01,Bangalore,PRD00451,Mobile,14
WH01,Bangalore,PRD00452,Accessories,12
WH01,Bangalore,PRD00453,Home,20
WH01,Bangalore,PRD00454,Laptop,6
WH01,Bangalore,PRD00455,Electronics,13
WH01,Bangalore,PRD00456,Grocery,4
WH01,Bangalore,PRD00457,Fashion,12
WH01,Bangalore,PRD00458,Grocery,5
WH01,Bangalore,PRD00459,Home,6
WH01,Bangalore,PRD00460,Beauty,6
WH01,Bangalore,PRD00461,Accessories,16
WH01,Bangalore,PRD00462,Laptop,17
WH01,Bangalore,PRD00463,Fashion,15
WH01,Bangalore,PRD00464,Home,21
WH01,Bangalore,PRD00465,Fashion,11
WH01,Bangalore,PRD00466,Accessories,9
WH01,Bangalore,PRD00467,Accessories,20
WH01,Bangalore,PRD00468,Grocery,8
WH01,Bangalore,PRD00469,Beauty,21
WH01,Bangalore,PRD00470,Accessories,4
WH01,Bangalore,PRD00471,Fashion,21
WH01,Bangalore,PRD00472,Mobile,5
WH01,Bangalore,PRD00473,Home,20
WH01,Bangalore,PRD00474,Mobile,13
WH01,Bangalore,PRD00475,Fashion,22
WH01,Bangalore,PRD00476,Grocery,5
WH01,Bangalore,PRD00477,Accessories,14
WH01,Bangalore,PRD00478,Beauty,21
WH01,Bangalore,PRD00479,Home,13
WH01,Bangalore,PRD00480,Grocery,15
WH01,Bangalore,PRD00481,Mobile,17
WH01,Bangalore,PRD00482,Laptop,12
WH01,Bangalore,PRD00483,Accessories,15
WH01,Bangalore,PRD00484,Beauty,15
WH01,Bangalore,PRD00485,Mobile,20
WH01,Bangalore,PRD00486,Beauty,5
WH01,Bangalore,PRD00487,Grocery,9
WH01,Bangalore,PRD00488,Laptop,21
WH01,Bangalore,PRD00489,Accessories,20
WH01,Bangalore,PRD00490,Accessories,12
WH01,Bangalore,PRD00491,Grocery,15
WH01,Bangalore,PRD00492,Home,9
WH01,Bangalore,PRD00493,Electronics,7
WH01,Bangalore,PRD00494,Fashion,12
WH01,Bangalore,PRD00495,Fashion,10
WH01,Bangalore,PRD00496,Home,15
WH01,Bangalore,PRD00497,Grocery,5
WH01,Bangalore,PRD00498,Electronics,22
WH01,Bangalore,PRD00499,Beauty,22
WH01,Bangalore,PRD00500,Fashion,17
WH01,Bangalore,PRD00501,Beauty,14
WH01,Bangalore,PRD00502,Grocery,10
WH01,Bangalore,PRD00503,Grocery,19
WH01,Bangalore,PRD00504,Accessories,16
WH01,Bangalore,PRD00505,Grocery,7
WH01,Bangalore,PRD00506,Grocery,20
WH01,Bangalore,PRD00507,Fashion,19
WH01,Bangalore,PRD00508,Electronics,21
WH01,Bangalore,PRD00509,Fashion,17
WH01,Bangalore,PRD00510,Accessories,15
WH01,Bangalore,PRD00511,Home,12
WH01,Bangalore,PRD00512,Beauty,21
WH01,Bangalore,PRD00513,Electronics,20
WH01,Bangalore,PRD00514,Fashion,5
WH01,Bangalore,PRD00515,Accessories,4
WH01,Bangalore,PRD00516,Grocery,11
WH01,Bangalore,PRD00517,Home,19
WH01,Bangalore,PRD00518,Laptop,22
WH01,Bangalore,PRD00519,Home,7
WH01,Bangalore,PRD00520,Mobile,15
WH01,Bangalore,PRD00521,Beauty,11
WH01,Bangalore,PRD00522,Laptop,21
WH01,Bangalore,PRD00523,Electronics,19
WH01,Bangalore,PRD00524,Electronics,19
WH01,Bangalore,PRD00525,Grocery,12
WH01,Bangalore,PRD00526,Mobile,11
WH01,Bangalore,PRD00527,Beauty,9
WH01,Bangalore,PRD00528,Beauty,5
WH01,Bangalore,PRD00529,Mobile,20
WH01,Bangalore,PRD00530,Electronics,19
WH01,Bangalore,PRD00531,Home,22
WH01,Bangalore,PRD00532,Beauty,22
WH01,Bangalore,PRD00533,Home,14
WH01,Bangalore,PRD00534,Laptop,18
WH01,Bangalore,PRD00535,Grocery,21
WH01,Bangalore,PRD00536,Home,19
WH01,Bangalore,PRD00537,Fashion,8
WH01,Bangalore,PRD00538,Laptop,12
WH01,Bangalore,PRD00539,Beauty,6
WH01,Bangalore,PRD00540,Beauty,21
WH01,Bangalore,PRD00541,Grocery,15
WH01,Bangalore,PRD00542,Home,8
WH01,Bangalore,PRD00543,Home,16
WH01,Bangalore,PRD00544,Electronics,15
WH01,Bangalore,PRD00545,Electronics,10
WH01,Bangalore,PRD00546,Electronics,6
WH01,Bangalore,PRD00547,Mobile,16
WH01,Bangalore,PRD00548,Grocery,13
WH01,Bangalore,PRD00549,Accessories,18
WH01,Bangalore,PRD00550,Electronics,13
WH01,Bangalore,PRD00551,Laptop,19
WH01,Bangalore,PRD00552,Fashion,14
WH01,Bangalore,PRD00553,Fashion,14
WH01,Bangalore,PRD00554,Electronics,20
WH01,Bangalore,PRD00555,Home,11
WH01,Bangalore,PRD00556,Home,6
WH01,Bangalore,PRD00557,Electronics,5
WH01,Bangalore,PRD00558,Fashion,18
WH01,Bangalore,PRD00559,Mobile,15
WH01,Bangalore,PRD00560,Grocery,17
WH01,Bangalore,PRD00561,Grocery,8
WH01,Bangalore,PRD00562,Laptop,6
WH01,Bangalore,PRD00563,Fashion,4
WH01,Bangalore,PRD00564,Mobile,10
WH01,Bangalore,PRD00565,Mobile,15
WH01,Bangalore,PRD00566,Mobile,11
WH01,Bangalore,PRD00567,Grocery,12
WH01,Bangalore,PRD00568,Electronics,20
WH01,Bangalore,PRD00569,Electronics,10
WH01,Bangalore,PRD00570,Laptop,13
WH01,Bangalore,PRD00571,Mobile,18
WH01,Bangalore,PRD00572,Grocery,11
WH01,Bangalore,PRD00573,Home,15
WH01,Bangalore,PRD00574,Fashion,20
WH01,Bangalore,PRD00575,Beauty,21
WH01,Bangalore,PRD00576,Grocery,7
WH01,Bangalore,PRD00577,Electronics,21
WH01,Bangalore,PRD00578,Fashion,13
WH01,Bangalore,PRD00579,Fashion,9
WH01,Bangalore,PRD00580,Accessories,12
WH01,Bangalore,PRD00581,Home,22
WH01,Bangalore,PRD00582,Mobile,13
WH01,Bangalore,PRD00583,Fashion,10
WH01,Bangalore,PRD00584,Accessories,15
WH01,Bangalore,PRD00585,Grocery,8
WH01,Bangalore,PRD00586,Fashion,5
WH01,Bangalore,PRD00587,Grocery,6
WH01,Bangalore,PRD00588,Mobile,6
WH01,Bangalore,PRD00589,Home,7
WH01,Bangalore,PRD00590,Grocery,6
WH01,Bangalore,PRD00591,Fashion,16
WH01,Bangalore,PRD00592,Accessories,7
WH01,Bangalore,PRD00593,Fashion,10
WH01,Bangalore,PRD00594,Home,20
WH01,Bangalore,PRD00595,Grocery,13
WH01,Bangalore,PRD00596,Electronics,16
WH01,Bangalore,PRD00597,Accessories,7
WH01,Bangalore,PRD00598,Grocery,7
WH01,Bangalore,PRD00599,Beauty,5
WH01,Bangalore,PRD00600,Mobile,7
WH01,Bangalore,PRD00601,Accessories,9
WH01,Bangalore,PRD00602,Home,7
WH01,Bangalore,PRD00603,Electronics,6
WH01,Bangalore,PRD00604,Grocery,6
WH01,Bangalore,PRD00605,Home,12
WH01,Bangalore,PRD00606,Accessories,8
WH01,Bangalore,PRD00607,Beauty,11
WH01,Bangalore,PRD00608,Accessories,13
WH01,Bangalore,PRD00609,Mobile,16
WH01,Bangalore,PRD00610,Fashion,5
WH01,Bangalore,PRD00611,Beauty,18
WH01,Bangalore,PRD00612,Laptop,15
WH01,Bangalore,PRD00613,Mobile,5
WH01,Bangalore,PRD00614,Mobile,20
WH01,Bangalore,PRD00615,Laptop,21
WH01,Bangalore,PRD00616,Home,5
WH01,Bangalore,PRD00617,Accessories,9
WH01,Bangalore,PRD00618,Home,19
WH01,Bangalore,PRD00619,Mobile,17
WH01,Bangalore,PRD00620,Laptop,7
WH01,Bangalore,PRD00621,Grocery,8
WH01,Bangalore,PRD00622,Accessories,11
WH01,Bangalore,PRD00623,Home,13
WH01,Bangalore,PRD00624,Electronics,15
WH01,Bangalore,PRD00625,Accessories,11
WH01,Bangalore,PRD00626,Fashion,12
WH01,Bangalore,PRD00627,Grocery,17
WH01,Bangalore,PRD00628,Fashion,5
WH01,Bangalore,PRD00629,Beauty,9
WH01,Bangalore,PRD00630,Laptop,17
WH01,Bangalore,PRD00631,Electronics,20
WH01,Bangalore,PRD00632,Beauty,13
WH01,Bangalore,PRD00633,Grocery,14
WH01,Bangalore,PRD00634,Electronics,6
WH01,Bangalore,PRD00635,Fashion,12
WH01,Bangalore,PRD00636,Home,14
WH01,Bangalore,PRD00637,Accessories,8
WH01,Bangalore,PRD00638,Accessories,9
WH01,Bangalore,PRD00639,Beauty,11
WH01,Bangalore,PRD00640,Home,4
WH01,Bangalore,PRD00641,Beauty,10
WH01,Bangalore,PRD00642,Accessories,8
WH01,Bangalore,PRD00643,Accessories,10
WH01,Bangalore,PRD00644,Mobile,6
WH01,Bangalore,PRD00645,Mobile,20
WH01,Bangalore,PRD00646,Grocery,15
WH01,Bangalore,PRD00647,Mobile,16
WH01,Bangalore,PRD00648,Grocery,18
WH01,Bangalore,PRD00649,Laptop,13
WH01,Bangalore,PRD00650,Electronics,6
WH01,Bangalore,PRD00651,Laptop,14
WH01,Bangalore,PRD00652,Mobile,15
WH01,Bangalore,PRD00653,Laptop,17
WH01,Bangalore,PRD00654,Home,12
WH01,Bangalore,PRD00655,Accessories,6
WH01,Bangalore,PRD00656,Mobile,9
WH01,Bangalore,PRD00657,Electronics,11
WH01,Bangalore,PRD00658,Grocery,16
WH01,Bangalore,PRD00659,Accessories,14
WH01,Bangalore,PRD00660,Laptop,10
WH01,Bangalore,PRD00661,Accessories,22
WH01,Bangalore,PRD00662,Laptop,15
WH01,Bangalore,PRD00663,Grocery,8
WH01,Bangalore,PRD00664,Grocery,6
WH01,Bangalore,PRD00665,Electronics,7
WH01,Bangalore,PRD00666,Fashion,8
WH01,Bangalore,PRD00667,Mobile,7
WH01,Bangalore,PRD00668,Grocery,7
WH01,Bangalore,PRD00669,Fashion,9
WH01,Bangalore,PRD00670,Fashion,7
WH01,Bangalore,PRD00671,Beauty,20
WH01,Bangalore,PRD00672,Beauty,5
WH01,Bangalore,PRD00673,Laptop,13
WH01,Bangalore,PRD00674,Laptop,11
WH01,Bangalore,PRD00675,Fashion,22
WH01,Bangalore,PRD00676,Home,6
WH01,Bangalore,PRD00677,Beauty,11
WH01,Bangalore,PRD00678,Fashion,21
WH01,Bangalore,PRD00679,Accessories,20
WH01,Bangalore,PRD00680,Accessories,19
WH01,Bangalore,PRD00681,Home,9
WH01,Bangalore,PRD00682,Beauty,7
WH01,Bangalore,PRD00683,Laptop,16
WH01,Bangalore,PRD00684,Laptop,21
WH01,Bangalore,PRD00685,Accessories,14
WH01,Bangalore,PRD00686,Electronics,14
WH01,Bangalore,PRD00687,Beauty,9
WH01,Bangalore,PRD00688,Grocery,18
WH01,Bangalore,PRD00689,Laptop,7
WH01,Bangalore,PRD00690,Laptop,10
WH01,Bangalore,PRD00691,Accessories,12
WH01,Bangalore,PRD00692,Mobile,13
WH01,Bangalore,PRD00693,Electronics,8
WH01,Bangalore,PRD00694,Fashion,6
WH01,Bangalore,PRD00695,Home,15
WH01,Bangalore,PRD00696,Home,9
WH01,Bangalore,PRD00697,Mobile,14
WH01,Bangalore,PRD00698,Accessories,7
WH01,Bangalore,PRD00699,Beauty,13
WH01,Bangalore,PRD00700,Mobile,14
WH01,Bangalore,PRD00701,Electronics,5
WH01,Bangalore,PRD00702,Accessories,10
WH01,Bangalore,PRD00703,Laptop,6
WH01,Bangalore,PRD00704,Mobile,5
WH01,Bangalore,PRD00705,Beauty,22
WH01,Bangalore,PRD00706,Home,10
WH01,Bangalore,PRD00707,Beauty,19
WH01,Bangalore,PRD00708,Electronics,9
WH01,Bangalore,PRD00709,Home,16
WH01,Bangalore,PRD00710,Fashion,18
WH01,Bangalore,PRD00711,Fashion,15
WH01,Bangalore,PRD00712,Grocery,12
WH01,Bangalore,PRD00713,Fashion,11
WH01,Bangalore,PRD00714,Beauty,10
WH01,Bangalore,PRD00715,Grocery,21
WH01,Bangalore,PRD00716,Fashion,19
WH01,Bangalore,PRD00717,Home,21
WH01,Bangalore,PRD00718,Mobile,6
WH01,Bangalore,PRD00719,Laptop,17
WH01,Bangalore,PRD00720,Mobile,21
WH01,Bangalore,PRD00721,Home,7
WH01,Bangalore,PRD00722,Fashion,5
WH01,Bangalore,PRD00723,Laptop,17
WH01,Bangalore,PRD00724,Fashion,14
WH01,Bangalore,PRD00725,Mobile,19
WH01,Bangalore,PRD00726,Laptop,7
WH01,Bangalore,PRD00727,Grocery,18
WH01,Bangalore,PRD00728,Beauty,8
WH01,Bangalore,PRD00729,Fashion,7
WH01,Bangalore,PRD00730,Accessories,7
WH01,Bangalore,PRD00731,Home,19
WH01,Bangalore,PRD00732,Laptop,16
WH01,Bangalore,PRD00733,Electronics,13
WH01,Bangalore,PRD00734,Home,10
WH01,Bangalore,PRD00735,Home,20
WH01,Bangalore,PRD00736,Mobile,11
WH01,Bangalore,PRD00737,Laptop,19
WH01,Bangalore,PRD00738,Laptop,12
WH01,Bangalore,PRD00739,Laptop,11
WH01,Bangalore,PRD00740,Accessories,12
WH01,Bangalore,PRD00741,Electronics,9
WH01,Bangalore,PRD00742,Beauty,17
WH01,Bangalore,PRD00743,Mobile,13
WH01,Bangalore,PRD00744,Electronics,8
WH01,Bangalore,PRD00745,Laptop,20
WH01,Bangalore,PRD00746,Accessories,11
WH01,Bangalore,PRD00747,Grocery,14
WH01,Bangalore,PRD00748,Accessories,20
WH01,Bangalore,PRD00749,Beauty,15
WH01,Bangalore,PRD00750,Fashion,6
WH01,Bangalore,PRD00751,Mobile,21
WH01,Bangalore,PRD00752,Home,15
WH01,Bangalore,PRD00753,Grocery,10
WH01,Bangalore,PRD00754,Grocery,7
WH01,Bangalore,PRD00755,Grocery,18
WH01,Bangalore,PRD00756,Accessories,15
WH01,Bangalore,PRD00757,Beauty,14
WH01,Bangalore,PRD00758,Fashion,20
WH01,Bangalore,PRD00759,Beauty,18
WH01,Bangalore,PRD00760,Mobile,7
WH01,Bangalore,PRD00761,Home,10
WH01,Bangalore,PRD00762,Laptop,8
WH01,Bangalore,PRD00763,Fashion,17
WH01,Bangalore,PRD00764,Laptop,5
WH01,Bangalore,PRD00765,Grocery,14
WH01,Bangalore,PRD00766,Accessories,18
WH01,Bangalore,PRD00767,Accessories,20
WH01,Bangalore,PRD00768,Fashion,10
WH01,Bangalore,PRD00769,Mobile,19
WH01,Bangalore,PRD00770,Grocery,6
WH01,Bangalore,PRD00771,Beauty,19
WH01,Bangalore,PRD00772,Laptop,6
WH01,Bangalore,PRD00773,Electronics,11
WH01,Bangalore,PRD00774,Beauty,18
WH01,Bangalore,PRD00775,Accessories,7
WH01,Bangalore,PRD00776,Beauty,8
WH01,Bangalore,PRD00777,Grocery,17
WH01,Bangalore,PRD00778,Home,17
WH01,Bangalore,PRD00779,Home,16
WH01,Bangalore,PRD00780,Grocery,16
WH01,Bangalore,PRD00781,Beauty,14
WH01,Bangalore,PRD00782,Laptop,9
WH01,Bangalore,PRD00783,Electronics,10
WH01,Bangalore,PRD00784,Home,7
WH01,Bangalore,PRD00785,Accessories,20
WH01,Bangalore,PRD00786,Beauty,15
WH01,Bangalore,PRD00787,Home,11
WH01,Bangalore,PRD00788,Electronics,12
WH01,Bangalore,PRD00789,Fashion,21
WH01,Bangalore,PRD00790,Beauty,7
WH01,Bangalore,PRD00791,Mobile,15
WH01,Bangalore,PRD00792,Beauty,13
WH01,Bangalore,PRD00793,Fashion,15
WH01,Bangalore,PRD00794,Electronics,4
WH01,Bangalore,PRD00795,Fashion,20
WH01,Bangalore,PRD00796,Electronics,21
WH01,Bangalore,PRD00797,Fashion,14
WH01,Bangalore,PRD00798,Accessories,17
WH01,Bangalore,PRD00799,Grocery,21
WH01,Bangalore,PRD00800,Electronics,17
WH01,Bangalore,PRD00801,Fashion,7
WH01,Bangalore,PRD00802,Fashion,14
WH01,Bangalore,PRD00803,Electronics,15
WH01,Bangalore,PRD00804,Electronics,12
WH01,Bangalore,PRD00805,Accessories,17
WH01,Bangalore,PRD00806,Accessories,21
WH01,Bangalore,PRD00807,Accessories,21
WH01,Bangalore,PRD00808,Laptop,12
WH01,Bangalore,PRD00809,Accessories,6
WH01,Bangalore,PRD00810,Mobile,22
WH01,Bangalore,PRD00811,Electronics,19
WH01,Bangalore,PRD00812,Beauty,6
WH01,Bangalore,PRD00813,Electronics,21
WH01,Bangalore,PRD00814,Laptop,20
WH01,Bangalore,PRD00815,Laptop,13
WH01,Bangalore,PRD00816,Laptop,15
WH01,Bangalore,PRD00817,Mobile,11
WH01,Bangalore,PRD00818,Grocery,5
WH01,Bangalore,PRD00819,Mobile,10
WH01,Bangalore,PRD00820,Electronics,18
WH01,Bangalore,PRD00821,Accessories,4
WH01,Bangalore,PRD00822,Electronics,10
WH01,Bangalore,PRD00823,Beauty,11
WH01,Bangalore,PRD00824,Mobile,14
WH01,Bangalore,PRD00825,Fashion,21
WH01,Bangalore,PRD00826,Home,10
WH01,Bangalore,PRD00827,Electronics,10
WH01,Bangalore,PRD00828,Beauty,17
WH01,Bangalore,PRD00829,Beauty,12
WH01,Bangalore,PRD00830,Laptop,8
WH01,Bangalore,PRD00831,Beauty,12
WH01,Bangalore,PRD00832,Electronics,7
WH01,Bangalore,PRD00833,Grocery,7
WH01,Bangalore,PRD00834,Grocery,13
WH01,Bangalore,PRD00835,Electronics,12
WH01,Bangalore,PRD00836,Mobile,20
WH01,Bangalore,PRD00837,Home,11
WH01,Bangalore,PRD00838,Laptop,14
WH01,Bangalore,PRD00839,Fashion,15
WH01,Bangalore,PRD00840,Mobile,4
WH01,Bangalore,PRD00841,Laptop,16
WH01,Bangalore,PRD00842,Accessories,7
WH01,Bangalore,PRD00843,Electronics,21
WH01,Bangalore,PRD00844,Fashion,7
WH01,Bangalore,PRD00845,Home,11
WH01,Bangalore,PRD00846,Grocery,6
WH01,Bangalore,PRD00847,Laptop,22
WH01,Bangalore,PRD00848,Electronics,13
WH01,Bangalore,PRD00849,Fashion,15
WH01,Bangalore,PRD00850,Fashion,5
WH01,Bangalore,PRD00851,Beauty,17
WH01,Bangalore,PRD00852,Mobile,8
WH01,Bangalore,PRD00853,Beauty,20
WH01,Bangalore,PRD00854,Accessories,8
WH01,Bangalore,PRD00855,Mobile,7
WH01,Bangalore,PRD00856,Accessories,5
WH01,Bangalore,PRD00857,Mobile,12
WH01,Bangalore,PRD00858,Mobile,14
WH01,Bangalore,PRD00859,Mobile,5
WH01,Bangalore,PRD00860,Laptop,18
WH01,Bangalore,PRD00861,Mobile,12
WH01,Bangalore,PRD00862,Laptop,13
WH01,Bangalore,PRD00863,Beauty,12
WH01,Bangalore,PRD00864,Electronics,11
WH01,Bangalore,PRD00865,Laptop,14
WH01,Bangalore,PRD00866,Electronics,7
WH01,Bangalore,PRD00867,Home,7
WH01,Bangalore,PRD00868,Beauty,20
WH01,Bangalore,PRD00869,Accessories,21
WH01,Bangalore,PRD00870,Mobile,11
WH01,Bangalore,PRD00871,Home,9
WH01,Bangalore,PRD00872,Fashion,16
WH01,Bangalore,PRD00873,Home,11
WH01,Bangalore,PRD00874,Laptop,4
WH01,Bangalore,PRD00875,Fashion,7
WH01,Bangalore,PRD00876,Electronics,17
WH01,Bangalore,PRD00877,Grocery,16
WH01,Bangalore,PRD00878,Fashion,4
WH01,Bangalore,PRD00879,Laptop,8
WH01,Bangalore,PRD00880,Fashion,8
WH01,Bangalore,PRD00881,Laptop,16
WH01,Bangalore,PRD00882,Beauty,4
WH01,Bangalore,PRD00883,Grocery,6
WH01,Bangalore,PRD00884,Home,18
WH01,Bangalore,PRD00885,Home,7
WH01,Bangalore,PRD00886,Fashion,16
WH01,Bangalore,PRD00887,Home,8
WH01,Bangalore,PRD00888,Laptop,6
WH01,Bangalore,PRD00889,Fashion,8
WH01,Bangalore,PRD00890,Fashion,17
WH01,Bangalore,PRD00891,Accessories,19
WH01,Bangalore,PRD00892,Fashion,19
WH01,Bangalore,PRD00893,Mobile,11
WH01,Bangalore,PRD00894,Accessories,16
WH01,Bangalore,PRD00895,Beauty,8
WH01,Bangalore,PRD00896,Beauty,9
WH01,Bangalore,PRD00897,Beauty,20
WH01,Bangalore,PRD00898,Accessories,4
WH01,Bangalore,PRD00899,Laptop,6
WH01,Bangalore,PRD00900,Electronics,8
WH01,Bangalore,PRD00901,Grocery,4
WH01,Bangalore,PRD00902,Laptop,7
WH01,Bangalore,PRD00903,Home,14
WH01,Bangalore,PRD00904,Grocery,12
WH01,Bangalore,PRD00905,Beauty,20
WH01,Bangalore,PRD00906,Fashion,19
WH01,Bangalore,PRD00907,Home,10
WH01,Bangalore,PRD00908,Beauty,9
WH01,Bangalore,PRD00909,Fashion,11
WH01,Bangalore,PRD00910,Mobile,15
WH01,Bangalore,PRD00911,Home,9
WH01,Bangalore,PRD00912,Fashion,15
WH01,Bangalore,PRD00913,Home,11
WH01,Bangalore,PRD00914,Accessories,14
WH01,Bangalore,PRD00915,Fashion,12
WH01,Bangalore,PRD00916,Electronics,9
WH01,Bangalore,PRD00917,Mobile,21
WH01,Bangalore,PRD00918,Laptop,18
WH01,Bangalore,PRD00919,Accessories,7
WH01,Bangalore,PRD00920,Laptop,20
WH01,Bangalore,PRD00921,Accessories,13
WH01,Bangalore,PRD00922,Beauty,20
WH01,Bangalore,PRD00923,Beauty,18
WH01,Bangalore,PRD00924,Grocery,12
WH01,Bangalore,PRD00925,Electronics,4
WH01,Bangalore,PRD00926,Beauty,9
WH01,Bangalore,PRD00927,Mobile,14
WH01,Bangalore,PRD00928,Beauty,15
WH01,Bangalore,PRD00929,Electronics,9
WH01,Bangalore,PRD00930,Laptop,7
WH01,Bangalore,PRD00931,Grocery,19
WH01,Bangalore,PRD00932,Accessories,22
WH01,Bangalore,PRD00933,Beauty,13
WH01,Bangalore,PRD00934,Beauty,7
WH01,Bangalore,PRD00935,Mobile,9
WH01,Bangalore,PRD00936,Laptop,4
WH01,Bangalore,PRD00937,Beauty,20
WH01,Bangalore,PRD00938,Fashion,6
WH01,Bangalore,PRD00939,Laptop,14
WH01,Bangalore,PRD00940,Accessories,9
WH01,Bangalore,PRD00941,Laptop,14
WH01,Bangalore,PRD00942,Electronics,16
WH01,Bangalore,PRD00943,Accessories,19
WH01,Bangalore,PRD00944,Accessories,8
WH01,Bangalore,PRD00945,Grocery,4
WH01,Bangalore,PRD00946,Grocery,6
WH01,Bangalore,PRD00947,Accessories,20
WH01,Bangalore,PRD00948,Home,20
WH01,Bangalore,PRD00949,Fashion,15
WH01,Bangalore,PRD00950,Beauty,15
WH01,Bangalore,PRD00951,Beauty,16
WH01,Bangalore,PRD00952,Accessories,7
WH01,Bangalore,PRD00953,Grocery,20
WH01,Bangalore,PRD00954,Fashion,12
WH01,Bangalore,PRD00955,Electronics,11
WH01,Bangalore,PRD00956,Home,13
WH01,Bangalore,PRD00957,Mobile,5
WH01,Bangalore,PRD00958,Grocery,7
WH01,Bangalore,PRD00959,Grocery,17
WH01,Bangalore,PRD00960,Fashion,5
WH01,Bangalore,PRD00961,Grocery,15
WH01,Bangalore,PRD00962,Electronics,8
WH01,Bangalore,PRD00963,Laptop,11
WH01,Bangalore,PRD00964,Laptop,9
WH01,Bangalore,PRD00965,Fashion,10
WH01,Bangalore,PRD00966,Home,17
WH01,Bangalore,PRD00967,Laptop,9
WH01,Bangalore,PRD00968,Laptop,14
WH01,Bangalore,PRD00969,Beauty,13
WH01,Bangalore,PRD00970,Electronics,16
WH01,Bangalore,PRD00971,Mobile,21
WH01,Bangalore,PRD00972,Fashion,17
WH01,Bangalore,PRD00973,Laptop,8
WH01,Bangalore,PRD00974,Beauty,5
WH01,Bangalore,PRD00975,Accessories,9
WH01,Bangalore,PRD00976,Grocery,15
WH01,Bangalore,PRD00977,Laptop,5
WH01,Bangalore,PRD00978,Accessories,13
WH01,Bangalore,PRD00979,Electronics,15
WH01,Bangalore,PRD00980,Laptop,10
WH01,Bangalore,PRD00981,Home,18
WH01,Bangalore,PRD00982,Laptop,6
WH01,Bangalore,PRD00983,Fashion,5
WH01,Bangalore,PRD00984,Fashion,17
WH01,Bangalore,PRD00985,Mobile,13
WH01,Bangalore,PRD00986,Laptop,16
WH01,Bangalore,PRD00987,Home,12
WH01,Bangalore,PRD00988,Home,8
WH01,Bangalore,PRD00989,Grocery,19
WH01,Bangalore,PRD00990,Mobile,18
WH01,Bangalore,PRD00991,Home,17
WH01,Bangalore,PRD00992,Laptop,9
WH01,Bangalore,PRD00993,Beauty,15
WH01,Bangalore,PRD00994,Electronics,10
WH01,Bangalore,PRD00995,Accessories,6
WH01,Bangalore,PRD00996,Laptop,21
WH01,Bangalore,PRD00997,Beauty,6
WH01,Bangalore,PRD00998,Mobile,21
WH01,Bangalore,PRD00999,Accessories,12
WH01,Bangalore,PRD01000,Grocery,7
WH02,Hoskote,PRD00001,Home,31
WH02,Hoskote,PRD00002,Beauty,27
WH02,Hoskote,PRD00003,Electronics,29
WH02,Hoskote,PRD00004,Laptop,25
WH02,Hoskote,PRD00005,Home,26
WH02,Hoskote,PRD00006,Beauty,30
WH02,Hoskote,PRD00007,Electronics,13
WH02,Hoskote,PRD00008,Home,20
WH02,Hoskote,PRD00009,Accessories,13
WH02,Hoskote,PRD00010,Mobile,34
WH02,Hoskote,PRD00011,Electronics,33
WH02,Hoskote,PRD00012,Beauty,8
WH02,Hoskote,PRD00013,Mobile,26
WH02,Hoskote,PRD00014,Grocery,32
WH02,Hoskote,PRD00015,Mobile,12
WH02,Hoskote,PRD00016,Accessories,22
WH02,Hoskote,PRD00017,Laptop,32
WH02,Hoskote,PRD00018,Fashion,7
WH02,Hoskote,PRD00019,Electronics,26
WH02,Hoskote,PRD00020,Mobile,15
WH02,Hoskote,PRD00021,Electronics,32
WH02,Hoskote,PRD00022,Accessories,34
WH02,Hoskote,PRD00023,Home,33
WH02,Hoskote,PRD00024,Beauty,20
WH02,Hoskote,PRD00025,Grocery,31
WH02,Hoskote,PRD00026,Accessories,30
WH02,Hoskote,PRD00027,Fashion,15
WH02,Hoskote,PRD00028,Home,30
WH02,Hoskote,PRD00029,Electronics,8
WH02,Hoskote,PRD00030,Electronics,23
WH02,Hoskote,PRD00031,Electronics,13
WH02,Hoskote,PRD00032,Home,10
WH02,Hoskote,PRD00033,Grocery,9
WH02,Hoskote,PRD00034,Electronics,26
WH02,Hoskote,PRD00035,Accessories,16
WH02,Hoskote,PRD00036,Electronics,27
WH02,Hoskote,PRD00037,Grocery,8
WH02,Hoskote,PRD00038,Grocery,15
WH02,Hoskote,PRD00039,Laptop,22
WH02,Hoskote,PRD00040,Grocery,29
WH02,Hoskote,PRD00041,Grocery,15
WH02,Hoskote,PRD00042,Laptop,24
WH02,Hoskote,PRD00043,Mobile,31
WH02,Hoskote,PRD00044,Accessories,24
WH02,Hoskote,PRD00045,Mobile,13
WH02,Hoskote,PRD00046,Beauty,7
WH02,Hoskote,PRD00047,Beauty,31
WH02,Hoskote,PRD00048,Home,7
WH02,Hoskote,PRD00049,Beauty,31
WH02,Hoskote,PRD00050,Grocery,21
WH02,Hoskote,PRD00051,Electronics,33
WH02,Hoskote,PRD00052,Home,29
WH02,Hoskote,PRD00053,Home,34
WH02,Hoskote,PRD00054,Mobile,16
WH02,Hoskote,PRD00055,Electronics,28
WH02,Hoskote,PRD00056,Home,18
WH02,Hoskote,PRD00057,Grocery,20
WH02,Hoskote,PRD00058,Electronics,24
WH02,Hoskote,PRD00059,Electronics,31
WH02,Hoskote,PRD00060,Home,34
WH02,Hoskote,PRD00061,Electronics,28
WH02,Hoskote,PRD00062,Mobile,18
WH02,Hoskote,PRD00063,Electronics,18
WH02,Hoskote,PRD00064,Laptop,27
WH02,Hoskote,PRD00065,Accessories,13
WH02,Hoskote,PRD00066,Laptop,10
WH02,Hoskote,PRD00067,Fashion,16
WH02,Hoskote,PRD00068,Electronics,15
WH02,Hoskote,PRD00069,Beauty,15
WH02,Hoskote,PRD00070,Beauty,13
WH02,Hoskote,PRD00071,Home,8
WH02,Hoskote,PRD00072,Fashion,7
WH02,Hoskote,PRD00073,Laptop,34
WH02,Hoskote,PRD00074,Grocery,18
WH02,Hoskote,PRD00075,Accessories,17
WH02,Hoskote,PRD00076,Mobile,26
WH02,Hoskote,PRD00077,Mobile,13
WH02,Hoskote,PRD00078,Mobile,33
WH02,Hoskote,PRD00079,Fashion,29
WH02,Hoskote,PRD00080,Home,9
WH02,Hoskote,PRD00081,Accessories,18
WH02,Hoskote,PRD00082,Beauty,31
WH02,Hoskote,PRD00083,Home,33
WH02,Hoskote,PRD00084,Accessories,20
WH02,Hoskote,PRD00085,Fashion,24
WH02,Hoskote,PRD00086,Beauty,11
WH02,Hoskote,PRD00087,Fashion,34
WH02,Hoskote,PRD00088,Home,13
WH02,Hoskote,PRD00089,Fashion,33
WH02,Hoskote,PRD00090,Beauty,25
WH02,Hoskote,PRD00091,Mobile,24
WH02,Hoskote,PRD00092,Electronics,21
WH02,Hoskote,PRD00093,Beauty,13
WH02,Hoskote,PRD00094,Grocery,11
WH02,Hoskote,PRD00095,Accessories,13
WH02,Hoskote,PRD00096,Fashion,12
WH02,Hoskote,PRD00097,Mobile,28
WH02,Hoskote,PRD00098,Home,16
WH02,Hoskote,PRD00099,Laptop,8
WH02,Hoskote,PRD00100,Home,34
WH02,Hoskote,PRD00101,Fashion,31
WH02,Hoskote,PRD00102,Home,32
WH02,Hoskote,PRD00103,Mobile,34
WH02,Hoskote,PRD00104,Beauty,11
WH02,Hoskote,PRD00105,Laptop,18
WH02,Hoskote,PRD00106,Electronics,28
WH02,Hoskote,PRD00107,Home,26
WH02,Hoskote,PRD00108,Accessories,11
WH02,Hoskote,PRD00109,Accessories,29
WH02,Hoskote,PRD00110,Mobile,13
WH02,Hoskote,PRD00111,Electronics,13
WH02,Hoskote,PRD00112,Accessories,22
WH02,Hoskote,PRD00113,Electronics,23
WH02,Hoskote,PRD00114,Fashion,23
WH02,Hoskote,PRD00115,Fashion,9
WH02,Hoskote,PRD00116,Grocery,31
WH02,Hoskote,PRD00117,Fashion,14
WH02,Hoskote,PRD00118,Mobile,10
WH02,Hoskote,PRD00119,Electronics,31
WH02,Hoskote,PRD00120,Fashion,33
WH02,Hoskote,PRD00121,Grocery,31
WH02,Hoskote,PRD00122,Accessories,29
WH02,Hoskote,PRD00123,Electronics,25
WH02,Hoskote,PRD00124,Grocery,22
WH02,Hoskote,PRD00125,Grocery,9
WH02,Hoskote,PRD00126,Accessories,18
WH02,Hoskote,PRD00127,Electronics,17
WH02,Hoskote,PRD00128,Home,14
WH02,Hoskote,PRD00129,Home,27
WH02,Hoskote,PRD00130,Grocery,20
WH02,Hoskote,PRD00131,Laptop,9
WH02,Hoskote,PRD00132,Grocery,13
WH02,Hoskote,PRD00133,Electronics,26
WH02,Hoskote,PRD00134,Fashion,9
WH02,Hoskote,PRD00135,Electronics,30
WH02,Hoskote,PRD00136,Beauty,20
WH02,Hoskote,PRD00137,Electronics,20
WH02,Hoskote,PRD00138,Beauty,23
WH02,Hoskote,PRD00139,Fashion,30
WH02,Hoskote,PRD00140,Home,16
WH02,Hoskote,PRD00141,Electronics,25
WH02,Hoskote,PRD00142,Beauty,22
WH02,Hoskote,PRD00143,Grocery,14
WH02,Hoskote,PRD00144,Grocery,31
WH02,Hoskote,PRD00145,Electronics,29
WH02,Hoskote,PRD00146,Mobile,25
WH02,Hoskote,PRD00147,Grocery,30
WH02,Hoskote,PRD00148,Fashion,31
WH02,Hoskote,PRD00149,Accessories,26
WH02,Hoskote,PRD00150,Grocery,30
WH02,Hoskote,PRD00151,Fashion,26
WH02,Hoskote,PRD00152,Laptop,26
WH02,Hoskote,PRD00153,Grocery,24
WH02,Hoskote,PRD00154,Accessories,28
WH02,Hoskote,PRD00155,Home,11
WH02,Hoskote,PRD00156,Laptop,31
WH02,Hoskote,PRD00157,Electronics,31
WH02,Hoskote,PRD00158,Fashion,7
WH02,Hoskote,PRD00159,Fashion,30
WH02,Hoskote,PRD00160,Mobile,10
WH02,Hoskote,PRD00161,Home,16
WH02,Hoskote,PRD00162,Fashion,27
WH02,Hoskote,PRD00163,Beauty,11
WH02,Hoskote,PRD00164,Grocery,29
WH02,Hoskote,PRD00165,Electronics,30
WH02,Hoskote,PRD00166,Fashion,21
WH02,Hoskote,PRD00167,Beauty,7
WH02,Hoskote,PRD00168,Fashion,15
WH02,Hoskote,PRD00169,Fashion,24
WH02,Hoskote,PRD00170,Electronics,34
WH02,Hoskote,PRD00171,Mobile,24
WH02,Hoskote,PRD00172,Fashion,14
WH02,Hoskote,PRD00173,Beauty,24
WH02,Hoskote,PRD00174,Fashion,22
WH02,Hoskote,PRD00175,Laptop,28
WH02,Hoskote,PRD00176,Accessories,9
WH02,Hoskote,PRD00177,Accessories,28
WH02,Hoskote,PRD00178,Electronics,22
WH02,Hoskote,PRD00179,Accessories,33
WH02,Hoskote,PRD00180,Electronics,16
WH02,Hoskote,PRD00181,Accessories,24
WH02,Hoskote,PRD00182,Electronics,33
WH02,Hoskote,PRD00183,Beauty,9
WH02,Hoskote,PRD00184,Accessories,33
WH02,Hoskote,PRD00185,Home,26
WH02,Hoskote,PRD00186,Grocery,8
WH02,Hoskote,PRD00187,Electronics,15
WH02,Hoskote,PRD00188,Mobile,26
WH02,Hoskote,PRD00189,Fashion,8
WH02,Hoskote,PRD00190,Beauty,23
WH02,Hoskote,PRD00191,Mobile,16
WH02,Hoskote,PRD00192,Accessories,24
WH02,Hoskote,PRD00193,Laptop,8
WH02,Hoskote,PRD00194,Fashion,31
WH02,Hoskote,PRD00195,Fashion,34
WH02,Hoskote,PRD00196,Fashion,34
WH02,Hoskote,PRD00197,Accessories,27
WH02,Hoskote,PRD00198,Laptop,10
WH02,Hoskote,PRD00199,Home,28
WH02,Hoskote,PRD00200,Laptop,7
WH02,Hoskote,PRD00201,Laptop,7
WH02,Hoskote,PRD00202,Electronics,16
WH02,Hoskote,PRD00203,Home,20
WH02,Hoskote,PRD00204,Mobile,28
WH02,Hoskote,PRD00205,Electronics,26
WH02,Hoskote,PRD00206,Laptop,19
WH02,Hoskote,PRD00207,Accessories,14
WH02,Hoskote,PRD00208,Beauty,34
WH02,Hoskote,PRD00209,Electronics,18
WH02,Hoskote,PRD00210,Home,19
WH02,Hoskote,PRD00211,Electronics,11
WH02,Hoskote,PRD00212,Fashion,29
WH02,Hoskote,PRD00213,Fashion,26
WH02,Hoskote,PRD00214,Electronics,13
WH02,Hoskote,PRD00215,Beauty,9
WH02,Hoskote,PRD00216,Electronics,26
WH02,Hoskote,PRD00217,Home,25
WH02,Hoskote,PRD00218,Beauty,14
WH02,Hoskote,PRD00219,Mobile,33
WH02,Hoskote,PRD00220,Mobile,11
WH02,Hoskote,PRD00221,Accessories,19
WH02,Hoskote,PRD00222,Mobile,33
WH02,Hoskote,PRD00223,Mobile,18
WH02,Hoskote,PRD00224,Home,24
WH02,Hoskote,PRD00225,Home,18
WH02,Hoskote,PRD00226,Beauty,14
WH02,Hoskote,PRD00227,Beauty,34
WH02,Hoskote,PRD00228,Grocery,18
WH02,Hoskote,PRD00229,Mobile,32
WH02,Hoskote,PRD00230,Grocery,13
WH02,Hoskote,PRD00231,Fashion,12
WH02,Hoskote,PRD00232,Laptop,7
WH02,Hoskote,PRD00233,Electronics,25
WH02,Hoskote,PRD00234,Beauty,17
WH02,Hoskote,PRD00235,Beauty,31
WH02,Hoskote,PRD00236,Beauty,20
WH02,Hoskote,PRD00237,Grocery,34
WH02,Hoskote,PRD00238,Beauty,12
WH02,Hoskote,PRD00239,Accessories,31
WH02,Hoskote,PRD00240,Fashion,28
WH02,Hoskote,PRD00241,Electronics,28
WH02,Hoskote,PRD00242,Laptop,30
WH02,Hoskote,PRD00243,Beauty,28
WH02,Hoskote,PRD00244,Electronics,24
WH02,Hoskote,PRD00245,Fashion,10
WH02,Hoskote,PRD00246,Laptop,7
WH02,Hoskote,PRD00247,Electronics,32
WH02,Hoskote,PRD00248,Mobile,24
WH02,Hoskote,PRD00249,Home,29
WH02,Hoskote,PRD00250,Beauty,20
WH02,Hoskote,PRD00251,Beauty,10
WH02,Hoskote,PRD00252,Home,10
WH02,Hoskote,PRD00253,Grocery,26
WH02,Hoskote,PRD00254,Electronics,19
WH02,Hoskote,PRD00255,Laptop,12
WH02,Hoskote,PRD00256,Grocery,20
WH02,Hoskote,PRD00257,Mobile,8
WH02,Hoskote,PRD00258,Mobile,23
WH02,Hoskote,PRD00259,Home,14
WH02,Hoskote,PRD00260,Grocery,29
WH02,Hoskote,PRD00261,Mobile,15
WH02,Hoskote,PRD00262,Electronics,19
WH02,Hoskote,PRD00263,Accessories,7
WH02,Hoskote,PRD00264,Accessories,9
WH02,Hoskote,PRD00265,Beauty,17
WH02,Hoskote,PRD00266,Fashion,20
WH02,Hoskote,PRD00267,Home,23
WH02,Hoskote,PRD00268,Fashion,15
WH02,Hoskote,PRD00269,Home,26
WH02,Hoskote,PRD00270,Beauty,31
WH02,Hoskote,PRD00271,Home,28
WH02,Hoskote,PRD00272,Beauty,8
WH02,Hoskote,PRD00273,Home,20
WH02,Hoskote,PRD00274,Accessories,9
WH02,Hoskote,PRD00275,Beauty,13
WH02,Hoskote,PRD00276,Mobile,34
WH02,Hoskote,PRD00277,Home,10
WH02,Hoskote,PRD00278,Accessories,20
WH02,Hoskote,PRD00279,Grocery,24
WH02,Hoskote,PRD00280,Beauty,26
WH02,Hoskote,PRD00281,Mobile,22
WH02,Hoskote,PRD00282,Beauty,7
WH02,Hoskote,PRD00283,Mobile,16
WH02,Hoskote,PRD00284,Beauty,21
WH02,Hoskote,PRD00285,Accessories,9
WH02,Hoskote,PRD00286,Home,16
WH02,Hoskote,PRD00287,Accessories,7
WH02,Hoskote,PRD00288,Grocery,9
WH02,Hoskote,PRD00289,Home,18
WH02,Hoskote,PRD00290,Laptop,10
WH02,Hoskote,PRD00291,Home,22
WH02,Hoskote,PRD00292,Grocery,26
WH02,Hoskote,PRD00293,Laptop,29
WH02,Hoskote,PRD00294,Fashion,12
WH02,Hoskote,PRD00295,Fashion,11
WH02,Hoskote,PRD00296,Beauty,9
WH02,Hoskote,PRD00297,Beauty,24
WH02,Hoskote,PRD00298,Mobile,26
WH02,Hoskote,PRD00299,Mobile,7
WH02,Hoskote,PRD00300,Grocery,33
WH02,Hoskote,PRD00301,Grocery,8
WH02,Hoskote,PRD00302,Laptop,22
WH02,Hoskote,PRD00303,Accessories,26
WH02,Hoskote,PRD00304,Home,31
WH02,Hoskote,PRD00305,Laptop,26
WH02,Hoskote,PRD00306,Accessories,29
WH02,Hoskote,PRD00307,Electronics,16
WH02,Hoskote,PRD00308,Laptop,29
WH02,Hoskote,PRD00309,Mobile,9
WH02,Hoskote,PRD00310,Grocery,32
WH02,Hoskote,PRD00311,Fashion,22
WH02,Hoskote,PRD00312,Accessories,29
WH02,Hoskote,PRD00313,Mobile,19
WH02,Hoskote,PRD00314,Laptop,25
WH02,Hoskote,PRD00315,Electronics,21
WH02,Hoskote,PRD00316,Grocery,27
WH02,Hoskote,PRD00317,Electronics,9
WH02,Hoskote,PRD00318,Laptop,8
WH02,Hoskote,PRD00319,Mobile,13
WH02,Hoskote,PRD00320,Laptop,11
WH02,Hoskote,PRD00321,Grocery,31
WH02,Hoskote,PRD00322,Grocery,13
WH02,Hoskote,PRD00323,Beauty,34
WH02,Hoskote,PRD00324,Laptop,16
WH02,Hoskote,PRD00325,Grocery,12
WH02,Hoskote,PRD00326,Home,29
WH02,Hoskote,PRD00327,Fashion,25
WH02,Hoskote,PRD00328,Mobile,20
WH02,Hoskote,PRD00329,Beauty,22
WH02,Hoskote,PRD00330,Beauty,27
WH02,Hoskote,PRD00331,Mobile,13
WH02,Hoskote,PRD00332,Electronics,34
WH02,Hoskote,PRD00333,Mobile,34
WH02,Hoskote,PRD00334,Beauty,25
WH02,Hoskote,PRD00335,Accessories,12
WH02,Hoskote,PRD00336,Grocery,26
WH02,Hoskote,PRD00337,Accessories,9
WH02,Hoskote,PRD00338,Grocery,7
WH02,Hoskote,PRD00339,Fashion,14
WH02,Hoskote,PRD00340,Accessories,19
WH02,Hoskote,PRD00341,Laptop,31
WH02,Hoskote,PRD00342,Laptop,27
WH02,Hoskote,PRD00343,Mobile,27
WH02,Hoskote,PRD00344,Laptop,18
WH02,Hoskote,PRD00345,Electronics,16
WH02,Hoskote,PRD00346,Beauty,17
WH02,Hoskote,PRD00347,Accessories,34
WH02,Hoskote,PRD00348,Grocery,8
WH02,Hoskote,PRD00349,Beauty,31
WH02,Hoskote,PRD00350,Accessories,23
WH02,Hoskote,PRD00351,Laptop,19
WH02,Hoskote,PRD00352,Fashion,27
WH02,Hoskote,PRD00353,Mobile,20
WH02,Hoskote,PRD00354,Home,31
WH02,Hoskote,PRD00355,Fashion,32
WH02,Hoskote,PRD00356,Accessories,18
WH02,Hoskote,PRD00357,Beauty,14
WH02,Hoskote,PRD00358,Electronics,23
WH02,Hoskote,PRD00359,Grocery,32
WH02,Hoskote,PRD00360,Fashion,12
WH02,Hoskote,PRD00361,Beauty,24
WH02,Hoskote,PRD00362,Grocery,24
WH02,Hoskote,PRD00363,Beauty,27
WH02,Hoskote,PRD00364,Laptop,10
WH02,Hoskote,PRD00365,Laptop,27
WH02,Hoskote,PRD00366,Electronics,32
WH02,Hoskote,PRD00367,Home,12
WH02,Hoskote,PRD00368,Grocery,13
WH02,Hoskote,PRD00369,Fashion,34
WH02,Hoskote,PRD00370,Beauty,12
WH02,Hoskote,PRD00371,Mobile,30
WH02,Hoskote,PRD00372,Beauty,20
WH02,Hoskote,PRD00373,Fashion,13
WH02,Hoskote,PRD00374,Laptop,31
WH02,Hoskote,PRD00375,Mobile,19
WH02,Hoskote,PRD00376,Fashion,21
WH02,Hoskote,PRD00377,Fashion,17
WH02,Hoskote,PRD00378,Accessories,23
WH02,Hoskote,PRD00379,Accessories,11
WH02,Hoskote,PRD00380,Home,17
WH02,Hoskote,PRD00381,Laptop,34
WH02,Hoskote,PRD00382,Fashion,14
WH02,Hoskote,PRD00383,Fashion,25
WH02,Hoskote,PRD00384,Mobile,16
WH02,Hoskote,PRD00385,Home,28
WH02,Hoskote,PRD00386,Fashion,10
WH02,Hoskote,PRD00387,Laptop,34
WH02,Hoskote,PRD00388,Mobile,19
WH02,Hoskote,PRD00389,Home,13
WH02,Hoskote,PRD00390,Laptop,9
WH02,Hoskote,PRD00391,Electronics,11
WH02,Hoskote,PRD00392,Electronics,21
WH02,Hoskote,PRD00393,Home,16
WH02,Hoskote,PRD00394,Electronics,30
WH02,Hoskote,PRD00395,Accessories,19
WH02,Hoskote,PRD00396,Electronics,13
WH02,Hoskote,PRD00397,Beauty,24
WH02,Hoskote,PRD00398,Home,26
WH02,Hoskote,PRD00399,Fashion,11
WH02,Hoskote,PRD00400,Grocery,11
WH02,Hoskote,PRD00401,Accessories,8
WH02,Hoskote,PRD00402,Laptop,27
WH02,Hoskote,PRD00403,Accessories,25
WH02,Hoskote,PRD00404,Fashion,20
WH02,Hoskote,PRD00405,Mobile,30
WH02,Hoskote,PRD00406,Mobile,29
WH02,Hoskote,PRD00407,Accessories,23
WH02,Hoskote,PRD00408,Grocery,31
WH02,Hoskote,PRD00409,Accessories,12
WH02,Hoskote,PRD00410,Fashion,10
WH02,Hoskote,PRD00411,Mobile,14
WH02,Hoskote,PRD00412,Laptop,8
WH02,Hoskote,PRD00413,Fashion,21
WH02,Hoskote,PRD00414,Mobile,33
WH02,Hoskote,PRD00415,Beauty,8
WH02,Hoskote,PRD00416,Mobile,10
WH02,Hoskote,PRD00417,Home,19
WH02,Hoskote,PRD00418,Mobile,33
WH02,Hoskote,PRD00419,Beauty,15
WH02,Hoskote,PRD00420,Laptop,21
WH02,Hoskote,PRD00421,Beauty,8
WH02,Hoskote,PRD00422,Fashion,11
WH02,Hoskote,PRD00423,Accessories,34
WH02,Hoskote,PRD00424,Mobile,34
WH02,Hoskote,PRD00425,Beauty,7
WH02,Hoskote,PRD00426,Electronics,33
WH02,Hoskote,PRD00427,Grocery,24
WH02,Hoskote,PRD00428,Mobile,31
WH02,Hoskote,PRD00429,Beauty,19
WH02,Hoskote,PRD00430,Home,21
WH02,Hoskote,PRD00431,Electronics,20
WH02,Hoskote,PRD00432,Electronics,25
WH02,Hoskote,PRD00433,Home,10
WH02,Hoskote,PRD00434,Laptop,7
WH02,Hoskote,PRD00435,Grocery,15
WH02,Hoskote,PRD00436,Home,26
WH02,Hoskote,PRD00437,Home,12
WH02,Hoskote,PRD00438,Fashion,25
WH02,Hoskote,PRD00439,Accessories,34
WH02,Hoskote,PRD00440,Laptop,9
WH02,Hoskote,PRD00441,Accessories,25
WH02,Hoskote,PRD00442,Laptop,19
WH02,Hoskote,PRD00443,Accessories,31
WH02,Hoskote,PRD00444,Fashion,11
WH02,Hoskote,PRD00445,Laptop,26
WH02,Hoskote,PRD00446,Home,30
WH02,Hoskote,PRD00447,Mobile,33
WH02,Hoskote,PRD00448,Home,26
WH02,Hoskote,PRD00449,Electronics,20
WH02,Hoskote,PRD00450,Grocery,24
WH02,Hoskote,PRD00451,Mobile,31
WH02,Hoskote,PRD00452,Accessories,22
WH02,Hoskote,PRD00453,Home,7
WH02,Hoskote,PRD00454,Laptop,33
WH02,Hoskote,PRD00455,Electronics,26
WH02,Hoskote,PRD00456,Grocery,25
WH02,Hoskote,PRD00457,Fashion,13
WH02,Hoskote,PRD00458,Grocery,25
WH02,Hoskote,PRD00459,Home,18
WH02,Hoskote,PRD00460,Beauty,25
WH02,Hoskote,PRD00461,Accessories,9
WH02,Hoskote,PRD00462,Laptop,25
WH02,Hoskote,PRD00463,Fashion,34
WH02,Hoskote,PRD00464,Home,8
WH02,Hoskote,PRD00465,Fashion,34
WH02,Hoskote,PRD00466,Accessories,18
WH02,Hoskote,PRD00467,Accessories,31
WH02,Hoskote,PRD00468,Grocery,28
WH02,Hoskote,PRD00469,Beauty,22
WH02,Hoskote,PRD00470,Accessories,27
WH02,Hoskote,PRD00471,Fashion,31
WH02,Hoskote,PRD00472,Mobile,18
WH02,Hoskote,PRD00473,Home,16
WH02,Hoskote,PRD00474,Mobile,25
WH02,Hoskote,PRD00475,Fashion,29
WH02,Hoskote,PRD00476,Grocery,28
WH02,Hoskote,PRD00477,Accessories,29
WH02,Hoskote,PRD00478,Beauty,19
WH02,Hoskote,PRD00479,Home,29
WH02,Hoskote,PRD00480,Grocery,10
WH02,Hoskote,PRD00481,Mobile,22
WH02,Hoskote,PRD00482,Laptop,7
WH02,Hoskote,PRD00483,Accessories,16
WH02,Hoskote,PRD00484,Beauty,17
WH02,Hoskote,PRD00485,Mobile,18
WH02,Hoskote,PRD00486,Beauty,26
WH02,Hoskote,PRD00487,Grocery,17
WH02,Hoskote,PRD00488,Laptop,19
WH02,Hoskote,PRD00489,Accessories,13
WH02,Hoskote,PRD00490,Accessories,17
WH02,Hoskote,PRD00491,Grocery,13
WH02,Hoskote,PRD00492,Home,9
WH02,Hoskote,PRD00493,Electronics,23
WH02,Hoskote,PRD00494,Fashion,25
WH02,Hoskote,PRD00495,Fashion,24
WH02,Hoskote,PRD00496,Home,19
WH02,Hoskote,PRD00497,Grocery,17
WH02,Hoskote,PRD00498,Electronics,31
WH02,Hoskote,PRD00499,Beauty,21
WH02,Hoskote,PRD00500,Fashion,20
WH02,Hoskote,PRD00501,Beauty,7
WH02,Hoskote,PRD00502,Grocery,16
WH02,Hoskote,PRD00503,Grocery,17
WH02,Hoskote,PRD00504,Accessories,18
WH02,Hoskote,PRD00505,Grocery,23
WH02,Hoskote,PRD00506,Grocery,21
WH02,Hoskote,PRD00507,Fashion,24
WH02,Hoskote,PRD00508,Electronics,28
WH02,Hoskote,PRD00509,Fashion,29
WH02,Hoskote,PRD00510,Accessories,27
WH02,Hoskote,PRD00511,Home,33
WH02,Hoskote,PRD00512,Beauty,7
WH02,Hoskote,PRD00513,Electronics,12
WH02,Hoskote,PRD00514,Fashion,7
WH02,Hoskote,PRD00515,Accessories,25
WH02,Hoskote,PRD00516,Grocery,32
WH02,Hoskote,PRD00517,Home,13
WH02,Hoskote,PRD00518,Laptop,32
WH02,Hoskote,PRD00519,Home,8
WH02,Hoskote,PRD00520,Mobile,33
WH02,Hoskote,PRD00521,Beauty,16
WH02,Hoskote,PRD00522,Laptop,9
WH02,Hoskote,PRD00523,Electronics,20
WH02,Hoskote,PRD00524,Electronics,14
WH02,Hoskote,PRD00525,Grocery,14
WH02,Hoskote,PRD00526,Mobile,15
WH02,Hoskote,PRD00527,Beauty,29
WH02,Hoskote,PRD00528,Beauty,22
WH02,Hoskote,PRD00529,Mobile,15
WH02,Hoskote,PRD00530,Electronics,24
WH02,Hoskote,PRD00531,Home,27
WH02,Hoskote,PRD00532,Beauty,14
WH02,Hoskote,PRD00533,Home,18
WH02,Hoskote,PRD00534,Laptop,10
WH02,Hoskote,PRD00535,Grocery,12
WH02,Hoskote,PRD00536,Home,26
WH02,Hoskote,PRD00537,Fashion,12
WH02,Hoskote,PRD00538,Laptop,21
WH02,Hoskote,PRD00539,Beauty,26
WH02,Hoskote,PRD00540,Beauty,9
WH02,Hoskote,PRD00541,Grocery,22
WH02,Hoskote,PRD00542,Home,14
WH02,Hoskote,PRD00543,Home,33
WH02,Hoskote,PRD00544,Electronics,20
WH02,Hoskote,PRD00545,Electronics,29
WH02,Hoskote,PRD00546,Electronics,22
WH02,Hoskote,PRD00547,Mobile,8
WH02,Hoskote,PRD00548,Grocery,24
WH02,Hoskote,PRD00549,Accessories,33
WH02,Hoskote,PRD00550,Electronics,23
WH02,Hoskote,PRD00551,Laptop,29
WH02,Hoskote,PRD00552,Fashion,31
WH02,Hoskote,PRD00553,Fashion,13
WH02,Hoskote,PRD00554,Electronics,12
WH02,Hoskote,PRD00555,Home,24
WH02,Hoskote,PRD00556,Home,18
WH02,Hoskote,PRD00557,Electronics,30
WH02,Hoskote,PRD00558,Fashion,32
WH02,Hoskote,PRD00559,Mobile,16
WH02,Hoskote,PRD00560,Grocery,13
WH02,Hoskote,PRD00561,Grocery,28
WH02,Hoskote,PRD00562,Laptop,14
WH02,Hoskote,PRD00563,Fashion,30
WH02,Hoskote,PRD00564,Mobile,18
WH02,Hoskote,PRD00565,Mobile,25
WH02,Hoskote,PRD00566,Mobile,9
WH02,Hoskote,PRD00567,Grocery,24
WH02,Hoskote,PRD00568,Electronics,19
WH02,Hoskote,PRD00569,Electronics,23
WH02,Hoskote,PRD00570,Laptop,11
WH02,Hoskote,PRD00571,Mobile,27
WH02,Hoskote,PRD00572,Grocery,31
WH02,Hoskote,PRD00573,Home,13
WH02,Hoskote,PRD00574,Fashion,9
WH02,Hoskote,PRD00575,Beauty,7
WH02,Hoskote,PRD00576,Grocery,24
WH02,Hoskote,PRD00577,Electronics,23
WH02,Hoskote,PRD00578,Fashion,22
WH02,Hoskote,PRD00579,Fashion,13
WH02,Hoskote,PRD00580,Accessories,17
WH02,Hoskote,PRD00581,Home,23
WH02,Hoskote,PRD00582,Mobile,20
WH02,Hoskote,PRD00583,Fashion,34
WH02,Hoskote,PRD00584,Accessories,10
WH02,Hoskote,PRD00585,Grocery,26
WH02,Hoskote,PRD00586,Fashion,18
WH02,Hoskote,PRD00587,Grocery,18
WH02,Hoskote,PRD00588,Mobile,27
WH02,Hoskote,PRD00589,Home,26
WH02,Hoskote,PRD00590,Grocery,34
WH02,Hoskote,PRD00591,Fashion,10
WH02,Hoskote,PRD00592,Accessories,9
WH02,Hoskote,PRD00593,Fashion,27
WH02,Hoskote,PRD00594,Home,23
WH02,Hoskote,PRD00595,Grocery,14
WH02,Hoskote,PRD00596,Electronics,9
WH02,Hoskote,PRD00597,Accessories,9
WH02,Hoskote,PRD00598,Grocery,32
WH02,Hoskote,PRD00599,Beauty,12
WH02,Hoskote,PRD00600,Mobile,16
WH02,Hoskote,PRD00601,Accessories,13
WH02,Hoskote,PRD00602,Home,16
WH02,Hoskote,PRD00603,Electronics,8
WH02,Hoskote,PRD00604,Grocery,21
WH02,Hoskote,PRD00605,Home,8
WH02,Hoskote,PRD00606,Accessories,29
WH02,Hoskote,PRD00607,Beauty,13
WH02,Hoskote,PRD00608,Accessories,22
WH02,Hoskote,PRD00609,Mobile,31
WH02,Hoskote,PRD00610,Fashion,25
WH02,Hoskote,PRD00611,Beauty,21
WH02,Hoskote,PRD00612,Laptop,16
WH02,Hoskote,PRD00613,Mobile,16
WH02,Hoskote,PRD00614,Mobile,25
WH02,Hoskote,PRD00615,Laptop,34
WH02,Hoskote,PRD00616,Home,25
WH02,Hoskote,PRD00617,Accessories,22
WH02,Hoskote,PRD00618,Home,27
WH02,Hoskote,PRD00619,Mobile,20
WH02,Hoskote,PRD00620,Laptop,8
WH02,Hoskote,PRD00621,Grocery,22
WH02,Hoskote,PRD00622,Accessories,33
WH02,Hoskote,PRD00623,Home,11
WH02,Hoskote,PRD00624,Electronics,26
WH02,Hoskote,PRD00625,Accessories,12
WH02,Hoskote,PRD00626,Fashion,22
WH02,Hoskote,PRD00627,Grocery,9
WH02,Hoskote,PRD00628,Fashion,19
WH02,Hoskote,PRD00629,Beauty,28
WH02,Hoskote,PRD00630,Laptop,16
WH02,Hoskote,PRD00631,Electronics,25
WH02,Hoskote,PRD00632,Beauty,29
WH02,Hoskote,PRD00633,Grocery,32
WH02,Hoskote,PRD00634,Electronics,13
WH02,Hoskote,PRD00635,Fashion,18
WH02,Hoskote,PRD00636,Home,11
WH02,Hoskote,PRD00637,Accessories,34
WH02,Hoskote,PRD00638,Accessories,32
WH02,Hoskote,PRD00639,Beauty,22
WH02,Hoskote,PRD00640,Home,30
WH02,Hoskote,PRD00641,Beauty,21
WH02,Hoskote,PRD00642,Accessories,24
WH02,Hoskote,PRD00643,Accessories,9
WH02,Hoskote,PRD00644,Mobile,28
WH02,Hoskote,PRD00645,Mobile,10
WH02,Hoskote,PRD00646,Grocery,30
WH02,Hoskote,PRD00647,Mobile,28
WH02,Hoskote,PRD00648,Grocery,26
WH02,Hoskote,PRD00649,Laptop,8
WH02,Hoskote,PRD00650,Electronics,15
WH02,Hoskote,PRD00651,Laptop,14
WH02,Hoskote,PRD00652,Mobile,17
WH02,Hoskote,PRD00653,Laptop,9
WH02,Hoskote,PRD00654,Home,33
WH02,Hoskote,PRD00655,Accessories,22
WH02,Hoskote,PRD00656,Mobile,15
WH02,Hoskote,PRD00657,Electronics,18
WH02,Hoskote,PRD00658,Grocery,19
WH02,Hoskote,PRD00659,Accessories,23
WH02,Hoskote,PRD00660,Laptop,21
WH02,Hoskote,PRD00661,Accessories,32
WH02,Hoskote,PRD00662,Laptop,20
WH02,Hoskote,PRD00663,Grocery,34
WH02,Hoskote,PRD00664,Grocery,30
WH02,Hoskote,PRD00665,Electronics,12
WH02,Hoskote,PRD00666,Fashion,33
WH02,Hoskote,PRD00667,Mobile,10
WH02,Hoskote,PRD00668,Grocery,29
WH02,Hoskote,PRD00669,Fashion,17
WH02,Hoskote,PRD00670,Fashion,31
WH02,Hoskote,PRD00671,Beauty,31
WH02,Hoskote,PRD00672,Beauty,29
WH02,Hoskote,PRD00673,Laptop,29
WH02,Hoskote,PRD00674,Laptop,15
WH02,Hoskote,PRD00675,Fashion,9
WH02,Hoskote,PRD00676,Home,18
WH02,Hoskote,PRD00677,Beauty,11
WH02,Hoskote,PRD00678,Fashion,26
WH02,Hoskote,PRD00679,Accessories,16
WH02,Hoskote,PRD00680,Accessories,34
WH02,Hoskote,PRD00681,Home,24
WH02,Hoskote,PRD00682,Beauty,30
WH02,Hoskote,PRD00683,Laptop,10
WH02,Hoskote,PRD00684,Laptop,31
WH02,Hoskote,PRD00685,Accessories,32
WH02,Hoskote,PRD00686,Electronics,20
WH02,Hoskote,PRD00687,Beauty,23
WH02,Hoskote,PRD00688,Grocery,28
WH02,Hoskote,PRD00689,Laptop,11
WH02,Hoskote,PRD00690,Laptop,21
WH02,Hoskote,PRD00691,Accessories,18
WH02,Hoskote,PRD00692,Mobile,11
WH02,Hoskote,PRD00693,Electronics,17
WH02,Hoskote,PRD00694,Fashion,8
WH02,Hoskote,PRD00695,Home,7
WH02,Hoskote,PRD00696,Home,10
WH02,Hoskote,PRD00697,Mobile,33
WH02,Hoskote,PRD00698,Accessories,22
WH02,Hoskote,PRD00699,Beauty,34
WH02,Hoskote,PRD00700,Mobile,19
WH02,Hoskote,PRD00701,Electronics,15
WH02,Hoskote,PRD00702,Accessories,21
WH02,Hoskote,PRD00703,Laptop,19
WH02,Hoskote,PRD00704,Mobile,9
WH02,Hoskote,PRD00705,Beauty,24
WH02,Hoskote,PRD00706,Home,13
WH02,Hoskote,PRD00707,Beauty,24
WH02,Hoskote,PRD00708,Electronics,25
WH02,Hoskote,PRD00709,Home,11
WH02,Hoskote,PRD00710,Fashion,8
WH02,Hoskote,PRD00711,Fashion,28
WH02,Hoskote,PRD00712,Grocery,19
WH02,Hoskote,PRD00713,Fashion,8
WH02,Hoskote,PRD00714,Beauty,34
WH02,Hoskote,PRD00715,Grocery,8
WH02,Hoskote,PRD00716,Fashion,26
WH02,Hoskote,PRD00717,Home,34
WH02,Hoskote,PRD00718,Mobile,13
WH02,Hoskote,PRD00719,Laptop,10
WH02,Hoskote,PRD00720,Mobile,10
WH02,Hoskote,PRD00721,Home,15
WH02,Hoskote,PRD00722,Fashion,9
WH02,Hoskote,PRD00723,Laptop,26
WH02,Hoskote,PRD00724,Fashion,8
WH02,Hoskote,PRD00725,Mobile,21
WH02,Hoskote,PRD00726,Laptop,34
WH02,Hoskote,PRD00727,Grocery,29
WH02,Hoskote,PRD00728,Beauty,24
WH02,Hoskote,PRD00729,Fashion,15
WH02,Hoskote,PRD00730,Accessories,24
WH02,Hoskote,PRD00731,Home,21
WH02,Hoskote,PRD00732,Laptop,18
WH02,Hoskote,PRD00733,Electronics,10
WH02,Hoskote,PRD00734,Home,31
WH02,Hoskote,PRD00735,Home,19
WH02,Hoskote,PRD00736,Mobile,12
WH02,Hoskote,PRD00737,Laptop,17
WH02,Hoskote,PRD00738,Laptop,18
WH02,Hoskote,PRD00739,Laptop,30
WH02,Hoskote,PRD00740,Accessories,27
WH02,Hoskote,PRD00741,Electronics,28
WH02,Hoskote,PRD00742,Beauty,7
WH02,Hoskote,PRD00743,Mobile,18
WH02,Hoskote,PRD00744,Electronics,20
WH02,Hoskote,PRD00745,Laptop,7
WH02,Hoskote,PRD00746,Accessories,14
WH02,Hoskote,PRD00747,Grocery,28
WH02,Hoskote,PRD00748,Accessories,10
WH02,Hoskote,PRD00749,Beauty,21
WH02,Hoskote,PRD00750,Fashion,13
WH02,Hoskote,PRD00751,Mobile,7
WH02,Hoskote,PRD00752,Home,13
WH02,Hoskote,PRD00753,Grocery,34
WH02,Hoskote,PRD00754,Grocery,29
WH02,Hoskote,PRD00755,Grocery,33
WH02,Hoskote,PRD00756,Accessories,20
WH02,Hoskote,PRD00757,Beauty,10
WH02,Hoskote,PRD00758,Fashion,22
WH02,Hoskote,PRD00759,Beauty,19
WH02,Hoskote,PRD00760,Mobile,30
WH02,Hoskote,PRD00761,Home,9
WH02,Hoskote,PRD00762,Laptop,20
WH02,Hoskote,PRD00763,Fashion,11
WH02,Hoskote,PRD00764,Laptop,16
WH02,Hoskote,PRD00765,Grocery,27
WH02,Hoskote,PRD00766,Accessories,20
WH02,Hoskote,PRD00767,Accessories,17
WH02,Hoskote,PRD00768,Fashion,18
WH02,Hoskote,PRD00769,Mobile,19
WH02,Hoskote,PRD00770,Grocery,28
WH02,Hoskote,PRD00771,Beauty,31
WH02,Hoskote,PRD00772,Laptop,33
WH02,Hoskote,PRD00773,Electronics,29
WH02,Hoskote,PRD00774,Beauty,15
WH02,Hoskote,PRD00775,Accessories,26
WH02,Hoskote,PRD00776,Beauty,19
WH02,Hoskote,PRD00777,Grocery,14
WH02,Hoskote,PRD00778,Home,30
WH02,Hoskote,PRD00779,Home,8
WH02,Hoskote,PRD00780,Grocery,32
WH02,Hoskote,PRD00781,Beauty,19
WH02,Hoskote,PRD00782,Laptop,24
WH02,Hoskote,PRD00783,Electronics,25
WH02,Hoskote,PRD00784,Home,32
WH02,Hoskote,PRD00785,Accessories,24
WH02,Hoskote,PRD00786,Beauty,24
WH02,Hoskote,PRD00787,Home,8
WH02,Hoskote,PRD00788,Electronics,21
WH02,Hoskote,PRD00789,Fashion,11
WH02,Hoskote,PRD00790,Beauty,27
WH02,Hoskote,PRD00791,Mobile,21
WH02,Hoskote,PRD00792,Beauty,26
WH02,Hoskote,PRD00793,Fashion,8
WH02,Hoskote,PRD00794,Electronics,9
WH02,Hoskote,PRD00795,Fashion,27
WH02,Hoskote,PRD00796,Electronics,9
WH02,Hoskote,PRD00797,Fashion,8
WH02,Hoskote,PRD00798,Accessories,7
WH02,Hoskote,PRD00799,Grocery,33
WH02,Hoskote,PRD00800,Electronics,27
WH02,Hoskote,PRD00801,Fashion,16
WH02,Hoskote,PRD00802,Fashion,15
WH02,Hoskote,PRD00803,Electronics,16
WH02,Hoskote,PRD00804,Electronics,28
WH02,Hoskote,PRD00805,Accessories,25
WH02,Hoskote,PRD00806,Accessories,12
WH02,Hoskote,PRD00807,Accessories,11
WH02,Hoskote,PRD00808,Laptop,9
WH02,Hoskote,PRD00809,Accessories,25
WH02,Hoskote,PRD00810,Mobile,28
WH02,Hoskote,PRD00811,Electronics,14
WH02,Hoskote,PRD00812,Beauty,7
WH02,Hoskote,PRD00813,Electronics,9
WH02,Hoskote,PRD00814,Laptop,34
WH02,Hoskote,PRD00815,Laptop,15
WH02,Hoskote,PRD00816,Laptop,28
WH02,Hoskote,PRD00817,Mobile,24
WH02,Hoskote,PRD00818,Grocery,17
WH02,Hoskote,PRD00819,Mobile,12
WH02,Hoskote,PRD00820,Electronics,10
WH02,Hoskote,PRD00821,Accessories,24
WH02,Hoskote,PRD00822,Electronics,28
WH02,Hoskote,PRD00823,Beauty,25
WH02,Hoskote,PRD00824,Mobile,21
WH02,Hoskote,PRD00825,Fashion,8
WH02,Hoskote,PRD00826,Home,34
WH02,Hoskote,PRD00827,Electronics,29
WH02,Hoskote,PRD00828,Beauty,15
WH02,Hoskote,PRD00829,Beauty,34
WH02,Hoskote,PRD00830,Laptop,23
WH02,Hoskote,PRD00831,Beauty,23
WH02,Hoskote,PRD00832,Electronics,27
WH02,Hoskote,PRD00833,Grocery,29
WH02,Hoskote,PRD00834,Grocery,25
WH02,Hoskote,PRD00835,Electronics,10
WH02,Hoskote,PRD00836,Mobile,16
WH02,Hoskote,PRD00837,Home,32
WH02,Hoskote,PRD00838,Laptop,13
WH02,Hoskote,PRD00839,Fashion,17
WH02,Hoskote,PRD00840,Mobile,19
WH02,Hoskote,PRD00841,Laptop,19
WH02,Hoskote,PRD00842,Accessories,24
WH02,Hoskote,PRD00843,Electronics,33
WH02,Hoskote,PRD00844,Fashion,13
WH02,Hoskote,PRD00845,Home,10
WH02,Hoskote,PRD00846,Grocery,12
WH02,Hoskote,PRD00847,Laptop,31
WH02,Hoskote,PRD00848,Electronics,25
WH02,Hoskote,PRD00849,Fashion,15
WH02,Hoskote,PRD00850,Fashion,29
WH02,Hoskote,PRD00851,Beauty,31
WH02,Hoskote,PRD00852,Mobile,30
WH02,Hoskote,PRD00853,Beauty,32
WH02,Hoskote,PRD00854,Accessories,14
WH02,Hoskote,PRD00855,Mobile,28
WH02,Hoskote,PRD00856,Accessories,19
WH02,Hoskote,PRD00857,Mobile,30
WH02,Hoskote,PRD00858,Mobile,27
WH02,Hoskote,PRD00859,Mobile,28
WH02,Hoskote,PRD00860,Laptop,25
WH02,Hoskote,PRD00861,Mobile,11
WH02,Hoskote,PRD00862,Laptop,22
WH02,Hoskote,PRD00863,Beauty,34
WH02,Hoskote,PRD00864,Electronics,33
WH02,Hoskote,PRD00865,Laptop,8
WH02,Hoskote,PRD00866,Electronics,11
WH02,Hoskote,PRD00867,Home,10
WH02,Hoskote,PRD00868,Beauty,27
WH02,Hoskote,PRD00869,Accessories,29
WH02,Hoskote,PRD00870,Mobile,12
WH02,Hoskote,PRD00871,Home,21
WH02,Hoskote,PRD00872,Fashion,30
WH02,Hoskote,PRD00873,Home,27
WH02,Hoskote,PRD00874,Laptop,22
WH02,Hoskote,PRD00875,Fashion,23
WH02,Hoskote,PRD00876,Electronics,21
WH02,Hoskote,PRD00877,Grocery,15
WH02,Hoskote,PRD00878,Fashion,22
WH02,Hoskote,PRD00879,Laptop,26
WH02,Hoskote,PRD00880,Fashion,31
WH02,Hoskote,PRD00881,Laptop,24
WH02,Hoskote,PRD00882,Beauty,28
WH02,Hoskote,PRD00883,Grocery,11
WH02,Hoskote,PRD00884,Home,19
WH02,Hoskote,PRD00885,Home,7
WH02,Hoskote,PRD00886,Fashion,13
WH02,Hoskote,PRD00887,Home,27
WH02,Hoskote,PRD00888,Laptop,34
WH02,Hoskote,PRD00889,Fashion,9
WH02,Hoskote,PRD00890,Fashion,18
WH02,Hoskote,PRD00891,Accessories,29
WH02,Hoskote,PRD00892,Fashion,12
WH02,Hoskote,PRD00893,Mobile,22
WH02,Hoskote,PRD00894,Accessories,27
WH02,Hoskote,PRD00895,Beauty,24
WH02,Hoskote,PRD00896,Beauty,12
WH02,Hoskote,PRD00897,Beauty,16
WH02,Hoskote,PRD00898,Accessories,28
WH02,Hoskote,PRD00899,Laptop,22
WH02,Hoskote,PRD00900,Electronics,7
WH02,Hoskote,PRD00901,Grocery,28
WH02,Hoskote,PRD00902,Laptop,7
WH02,Hoskote,PRD00903,Home,27
WH02,Hoskote,PRD00904,Grocery,12
WH02,Hoskote,PRD00905,Beauty,33
WH02,Hoskote,PRD00906,Fashion,17
WH02,Hoskote,PRD00907,Home,16
WH02,Hoskote,PRD00908,Beauty,11
WH02,Hoskote,PRD00909,Fashion,15
WH02,Hoskote,PRD00910,Mobile,31
WH02,Hoskote,PRD00911,Home,34
WH02,Hoskote,PRD00912,Fashion,17
WH02,Hoskote,PRD00913,Home,19
WH02,Hoskote,PRD00914,Accessories,27
WH02,Hoskote,PRD00915,Fashion,31
WH02,Hoskote,PRD00916,Electronics,23
WH02,Hoskote,PRD00917,Mobile,17
WH02,Hoskote,PRD00918,Laptop,18
WH02,Hoskote,PRD00919,Accessories,26
WH02,Hoskote,PRD00920,Laptop,7
WH02,Hoskote,PRD00921,Accessories,24
WH02,Hoskote,PRD00922,Beauty,16
WH02,Hoskote,PRD00923,Beauty,29
WH02,Hoskote,PRD00924,Grocery,9
WH02,Hoskote,PRD00925,Electronics,23
WH02,Hoskote,PRD00926,Beauty,20
WH02,Hoskote,PRD00927,Mobile,24
WH02,Hoskote,PRD00928,Beauty,8
WH02,Hoskote,PRD00929,Electronics,23
WH02,Hoskote,PRD00930,Laptop,22
WH02,Hoskote,PRD00931,Grocery,22
WH02,Hoskote,PRD00932,Accessories,23
WH02,Hoskote,PRD00933,Beauty,25
WH02,Hoskote,PRD00934,Beauty,29
WH02,Hoskote,PRD00935,Mobile,14
WH02,Hoskote,PRD00936,Laptop,30
WH02,Hoskote,PRD00937,Beauty,20
WH02,Hoskote,PRD00938,Fashion,9
WH02,Hoskote,PRD00939,Laptop,8
WH02,Hoskote,PRD00940,Accessories,16
WH02,Hoskote,PRD00941,Laptop,28
WH02,Hoskote,PRD00942,Electronics,26
WH02,Hoskote,PRD00943,Accessories,29
WH02,Hoskote,PRD00944,Accessories,21
WH02,Hoskote,PRD00945,Grocery,19
WH02,Hoskote,PRD00946,Grocery,11
WH02,Hoskote,PRD00947,Accessories,16
WH02,Hoskote,PRD00948,Home,19
WH02,Hoskote,PRD00949,Fashion,9
WH02,Hoskote,PRD00950,Beauty,13
WH02,Hoskote,PRD00951,Beauty,23
WH02,Hoskote,PRD00952,Accessories,27
WH02,Hoskote,PRD00953,Grocery,34
WH02,Hoskote,PRD00954,Fashion,33
WH02,Hoskote,PRD00955,Electronics,24
WH02,Hoskote,PRD00956,Home,18
WH02,Hoskote,PRD00957,Mobile,24
WH02,Hoskote,PRD00958,Grocery,28
WH02,Hoskote,PRD00959,Grocery,10
WH02,Hoskote,PRD00960,Fashion,18
WH02,Hoskote,PRD00961,Grocery,30
WH02,Hoskote,PRD00962,Electronics,17
WH02,Hoskote,PRD00963,Laptop,23
WH02,Hoskote,PRD00964,Laptop,23
WH02,Hoskote,PRD00965,Fashion,12
WH02,Hoskote,PRD00966,Home,17
WH02,Hoskote,PRD00967,Laptop,16
WH02,Hoskote,PRD00968,Laptop,7
WH02,Hoskote,PRD00969,Beauty,7
WH02,Hoskote,PRD00970,Electronics,30
WH02,Hoskote,PRD00971,Mobile,14
WH02,Hoskote,PRD00972,Fashion,21
WH02,Hoskote,PRD00973,Laptop,15
WH02,Hoskote,PRD00974,Beauty,33
WH02,Hoskote,PRD00975,Accessories,14
WH02,Hoskote,PRD00976,Grocery,19
WH02,Hoskote,PRD00977,Laptop,31
WH02,Hoskote,PRD00978,Accessories,30
WH02,Hoskote,PRD00979,Electronics,12
WH02,Hoskote,PRD00980,Laptop,29
WH02,Hoskote,PRD00981,Home,19
WH02,Hoskote,PRD00982,Laptop,20
WH02,Hoskote,PRD00983,Fashion,10
WH02,Hoskote,PRD00984,Fashion,9
WH02,Hoskote,PRD00985,Mobile,27
WH02,Hoskote,PRD00986,Laptop,20
WH02,Hoskote,PRD00987,Home,19
WH02,Hoskote,PRD00988,Home,27
WH02,Hoskote,PRD00989,Grocery,28
WH02,Hoskote,PRD00990,Mobile,11
WH02,Hoskote,PRD00991,Home,24
WH02,Hoskote,PRD00992,Laptop,10
WH02,Hoskote,PRD00993,Beauty,28
WH02,Hoskote,PRD00994,Electronics,25
WH02,Hoskote,PRD00995,Accessories,33
WH02,Hoskote,PRD00996,Laptop,8
WH02,Hoskote,PRD00997,Beauty,8
WH02,Hoskote,PRD00998,Mobile,14
WH02,Hoskote,PRD00999,Accessories,14
WH02,Hoskote,PRD01000,Grocery,13
WH03,Mysore,PRD00001,Home,22
WH03,Mysore,PRD00002,Beauty,24
WH03,Mysore,PRD00003,Electronics,46
WH03,Mysore,PRD00004,Laptop,32
WH03,Mysore,PRD00005,Home,47
WH03,Mysore,PRD00006,Beauty,14
WH03,Mysore,PRD00007,Electronics,33
WH03,Mysore,PRD00008,Home,13
WH03,Mysore,PRD00009,Accessories,14
WH03,Mysore,PRD00010,Mobile,53
WH03,Mysore,PRD00011,Electronics,17
WH03,Mysore,PRD00012,Beauty,35
WH03,Mysore,PRD00013,Mobile,30
WH03,Mysore,PRD00014,Grocery,27
WH03,Mysore,PRD00015,Mobile,52
WH03,Mysore,PRD00016,Accessories,12
WH03,Mysore,PRD00017,Laptop,42
WH03,Mysore,PRD00018,Fashion,55
WH03,Mysore,PRD00019,Electronics,37
WH03,Mysore,PRD00020,Mobile,54
WH03,Mysore,PRD00021,Electronics,13
WH03,Mysore,PRD00022,Accessories,30
WH03,Mysore,PRD00023,Home,23
WH03,Mysore,PRD00024,Beauty,45
WH03,Mysore,PRD00025,Grocery,56
WH03,Mysore,PRD00026,Accessories,23
WH03,Mysore,PRD00027,Fashion,41
WH03,Mysore,PRD00028,Home,20
WH03,Mysore,PRD00029,Electronics,37
WH03,Mysore,PRD00030,Electronics,32
WH03,Mysore,PRD00031,Electronics,56
WH03,Mysore,PRD00032,Home,39
WH03,Mysore,PRD00033,Grocery,27
WH03,Mysore,PRD00034,Electronics,16
WH03,Mysore,PRD00035,Accessories,18
WH03,Mysore,PRD00036,Electronics,21
WH03,Mysore,PRD00037,Grocery,23
WH03,Mysore,PRD00038,Grocery,50
WH03,Mysore,PRD00039,Laptop,37
WH03,Mysore,PRD00040,Grocery,35
WH03,Mysore,PRD00041,Grocery,16
WH03,Mysore,PRD00042,Laptop,51
WH03,Mysore,PRD00043,Mobile,44
WH03,Mysore,PRD00044,Accessories,14
WH03,Mysore,PRD00045,Mobile,44
WH03,Mysore,PRD00046,Beauty,36
WH03,Mysore,PRD00047,Beauty,15
WH03,Mysore,PRD00048,Home,32
WH03,Mysore,PRD00049,Beauty,33
WH03,Mysore,PRD00050,Grocery,19
WH03,Mysore,PRD00051,Electronics,55
WH03,Mysore,PRD00052,Home,50
WH03,Mysore,PRD00053,Home,42
WH03,Mysore,PRD00054,Mobile,32
WH03,Mysore,PRD00055,Electronics,30
WH03,Mysore,PRD00056,Home,41
WH03,Mysore,PRD00057,Grocery,36
WH03,Mysore,PRD00058,Electronics,14
WH03,Mysore,PRD00059,Electronics,35
WH03,Mysore,PRD00060,Home,48
WH03,Mysore,PRD00061,Electronics,32
WH03,Mysore,PRD00062,Mobile,13
WH03,Mysore,PRD00063,Electronics,47
WH03,Mysore,PRD00064,Laptop,20
WH03,Mysore,PRD00065,Accessories,23
WH03,Mysore,PRD00066,Laptop,19
WH03,Mysore,PRD00067,Fashion,26
WH03,Mysore,PRD00068,Electronics,46
WH03,Mysore,PRD00069,Beauty,35
WH03,Mysore,PRD00070,Beauty,20
WH03,Mysore,PRD00071,Home,51
WH03,Mysore,PRD00072,Fashion,51
WH03,Mysore,PRD00073,Laptop,51
WH03,Mysore,PRD00074,Grocery,22
WH03,Mysore,PRD00075,Accessories,32
WH03,Mysore,PRD00076,Mobile,56
WH03,Mysore,PRD00077,Mobile,47
WH03,Mysore,PRD00078,Mobile,12
WH03,Mysore,PRD00079,Fashion,14
WH03,Mysore,PRD00080,Home,32
WH03,Mysore,PRD00081,Accessories,53
WH03,Mysore,PRD00082,Beauty,36
WH03,Mysore,PRD00083,Home,34
WH03,Mysore,PRD00084,Accessories,16
WH03,Mysore,PRD00085,Fashion,41
WH03,Mysore,PRD00086,Beauty,49
WH03,Mysore,PRD00087,Fashion,28
WH03,Mysore,PRD00088,Home,47
WH03,Mysore,PRD00089,Fashion,55
WH03,Mysore,PRD00090,Beauty,20
WH03,Mysore,PRD00091,Mobile,35
WH03,Mysore,PRD00092,Electronics,24
WH03,Mysore,PRD00093,Beauty,47
WH03,Mysore,PRD00094,Grocery,38
WH03,Mysore,PRD00095,Accessories,40
WH03,Mysore,PRD00096,Fashion,48
WH03,Mysore,PRD00097,Mobile,29
WH03,Mysore,PRD00098,Home,53
WH03,Mysore,PRD00099,Laptop,36
WH03,Mysore,PRD00100,Home,18
WH03,Mysore,PRD00101,Fashion,43
WH03,Mysore,PRD00102,Home,47
WH03,Mysore,PRD00103,Mobile,26
WH03,Mysore,PRD00104,Beauty,50
WH03,Mysore,PRD00105,Laptop,53
WH03,Mysore,PRD00106,Electronics,24
WH03,Mysore,PRD00107,Home,56
WH03,Mysore,PRD00108,Accessories,17
WH03,Mysore,PRD00109,Accessories,20
WH03,Mysore,PRD00110,Mobile,19
WH03,Mysore,PRD00111,Electronics,52
WH03,Mysore,PRD00112,Accessories,41
WH03,Mysore,PRD00113,Electronics,18
WH03,Mysore,PRD00114,Fashion,31
WH03,Mysore,PRD00115,Fashion,39
WH03,Mysore,PRD00116,Grocery,15
WH03,Mysore,PRD00117,Fashion,52
WH03,Mysore,PRD00118,Mobile,48
WH03,Mysore,PRD00119,Electronics,34
WH03,Mysore,PRD00120,Fashion,55
WH03,Mysore,PRD00121,Grocery,30
WH03,Mysore,PRD00122,Accessories,56
WH03,Mysore,PRD00123,Electronics,42
WH03,Mysore,PRD00124,Grocery,40
WH03,Mysore,PRD00125,Grocery,19
WH03,Mysore,PRD00126,Accessories,52
WH03,Mysore,PRD00127,Electronics,31
WH03,Mysore,PRD00128,Home,18
WH03,Mysore,PRD00129,Home,12
WH03,Mysore,PRD00130,Grocery,37
WH03,Mysore,PRD00131,Laptop,35
WH03,Mysore,PRD00132,Grocery,44
WH03,Mysore,PRD00133,Electronics,52
WH03,Mysore,PRD00134,Fashion,15
WH03,Mysore,PRD00135,Electronics,45
WH03,Mysore,PRD00136,Beauty,20
WH03,Mysore,PRD00137,Electronics,50
WH03,Mysore,PRD00138,Beauty,49
WH03,Mysore,PRD00139,Fashion,36
WH03,Mysore,PRD00140,Home,44
WH03,Mysore,PRD00141,Electronics,25
WH03,Mysore,PRD00142,Beauty,33
WH03,Mysore,PRD00143,Grocery,49
WH03,Mysore,PRD00144,Grocery,32
WH03,Mysore,PRD00145,Electronics,27
WH03,Mysore,PRD00146,Mobile,34
WH03,Mysore,PRD00147,Grocery,49
WH03,Mysore,PRD00148,Fashion,26
WH03,Mysore,PRD00149,Accessories,19
WH03,Mysore,PRD00150,Grocery,44
WH03,Mysore,PRD00151,Fashion,49
WH03,Mysore,PRD00152,Laptop,16
WH03,Mysore,PRD00153,Grocery,22
WH03,Mysore,PRD00154,Accessories,18
WH03,Mysore,PRD00155,Home,27
WH03,Mysore,PRD00156,Laptop,32
WH03,Mysore,PRD00157,Electronics,45
WH03,Mysore,PRD00158,Fashion,41
WH03,Mysore,PRD00159,Fashion,40
WH03,Mysore,PRD00160,Mobile,27
WH03,Mysore,PRD00161,Home,50
WH03,Mysore,PRD00162,Fashion,33
WH03,Mysore,PRD00163,Beauty,56
WH03,Mysore,PRD00164,Grocery,40
WH03,Mysore,PRD00165,Electronics,17
WH03,Mysore,PRD00166,Fashion,42
WH03,Mysore,PRD00167,Beauty,26
WH03,Mysore,PRD00168,Fashion,43
WH03,Mysore,PRD00169,Fashion,14
WH03,Mysore,PRD00170,Electronics,19
WH03,Mysore,PRD00171,Mobile,50
WH03,Mysore,PRD00172,Fashion,21
WH03,Mysore,PRD00173,Beauty,50
WH03,Mysore,PRD00174,Fashion,24
WH03,Mysore,PRD00175,Laptop,41
WH03,Mysore,PRD00176,Accessories,43
WH03,Mysore,PRD00177,Accessories,35
WH03,Mysore,PRD00178,Electronics,25
WH03,Mysore,PRD00179,Accessories,21
WH03,Mysore,PRD00180,Electronics,13
WH03,Mysore,PRD00181,Accessories,25
WH03,Mysore,PRD00182,Electronics,41
WH03,Mysore,PRD00183,Beauty,54
WH03,Mysore,PRD00184,Accessories,51
WH03,Mysore,PRD00185,Home,46
WH03,Mysore,PRD00186,Grocery,47
WH03,Mysore,PRD00187,Electronics,42
WH03,Mysore,PRD00188,Mobile,23
WH03,Mysore,PRD00189,Fashion,53
WH03,Mysore,PRD00190,Beauty,42
WH03,Mysore,PRD00191,Mobile,37
WH03,Mysore,PRD00192,Accessories,16
WH03,Mysore,PRD00193,Laptop,32
WH03,Mysore,PRD00194,Fashion,32
WH03,Mysore,PRD00195,Fashion,51
WH03,Mysore,PRD00196,Fashion,36
WH03,Mysore,PRD00197,Accessories,28
WH03,Mysore,PRD00198,Laptop,56
WH03,Mysore,PRD00199,Home,16
WH03,Mysore,PRD00200,Laptop,30
WH03,Mysore,PRD00201,Laptop,13
WH03,Mysore,PRD00202,Electronics,45
WH03,Mysore,PRD00203,Home,53
WH03,Mysore,PRD00204,Mobile,24
WH03,Mysore,PRD00205,Electronics,50
WH03,Mysore,PRD00206,Laptop,24
WH03,Mysore,PRD00207,Accessories,53
WH03,Mysore,PRD00208,Beauty,46
WH03,Mysore,PRD00209,Electronics,48
WH03,Mysore,PRD00210,Home,12
WH03,Mysore,PRD00211,Electronics,55
WH03,Mysore,PRD00212,Fashion,44
WH03,Mysore,PRD00213,Fashion,25
WH03,Mysore,PRD00214,Electronics,49
WH03,Mysore,PRD00215,Beauty,24
WH03,Mysore,PRD00216,Electronics,51
WH03,Mysore,PRD00217,Home,16
WH03,Mysore,PRD00218,Beauty,43
WH03,Mysore,PRD00219,Mobile,36
WH03,Mysore,PRD00220,Mobile,15
WH03,Mysore,PRD00221,Accessories,22
WH03,Mysore,PRD00222,Mobile,12
WH03,Mysore,PRD00223,Mobile,33
WH03,Mysore,PRD00224,Home,25
WH03,Mysore,PRD00225,Home,39
WH03,Mysore,PRD00226,Beauty,25
WH03,Mysore,PRD00227,Beauty,25
WH03,Mysore,PRD00228,Grocery,45
WH03,Mysore,PRD00229,Mobile,13
WH03,Mysore,PRD00230,Grocery,53
WH03,Mysore,PRD00231,Fashion,50
WH03,Mysore,PRD00232,Laptop,42
WH03,Mysore,PRD00233,Electronics,38
WH03,Mysore,PRD00234,Beauty,52
WH03,Mysore,PRD00235,Beauty,20
WH03,Mysore,PRD00236,Beauty,15
WH03,Mysore,PRD00237,Grocery,22
WH03,Mysore,PRD00238,Beauty,48
WH03,Mysore,PRD00239,Accessories,13
WH03,Mysore,PRD00240,Fashion,38
WH03,Mysore,PRD00241,Electronics,57
WH03,Mysore,PRD00242,Laptop,50
WH03,Mysore,PRD00243,Beauty,35
WH03,Mysore,PRD00244,Electronics,14
WH03,Mysore,PRD00245,Fashion,49
WH03,Mysore,PRD00246,Laptop,39
WH03,Mysore,PRD00247,Electronics,16
WH03,Mysore,PRD00248,Mobile,15
WH03,Mysore,PRD00249,Home,53
WH03,Mysore,PRD00250,Beauty,42
WH03,Mysore,PRD00251,Beauty,49
WH03,Mysore,PRD00252,Home,51
WH03,Mysore,PRD00253,Grocery,37
WH03,Mysore,PRD00254,Electronics,35
WH03,Mysore,PRD00255,Laptop,31
WH03,Mysore,PRD00256,Grocery,26
WH03,Mysore,PRD00257,Mobile,31
WH03,Mysore,PRD00258,Mobile,47
WH03,Mysore,PRD00259,Home,39
WH03,Mysore,PRD00260,Grocery,52
WH03,Mysore,PRD00261,Mobile,31
WH03,Mysore,PRD00262,Electronics,39
WH03,Mysore,PRD00263,Accessories,40
WH03,Mysore,PRD00264,Accessories,38
WH03,Mysore,PRD00265,Beauty,43
WH03,Mysore,PRD00266,Fashion,22
WH03,Mysore,PRD00267,Home,35
WH03,Mysore,PRD00268,Fashion,16
WH03,Mysore,PRD00269,Home,29
WH03,Mysore,PRD00270,Beauty,33
WH03,Mysore,PRD00271,Home,41
WH03,Mysore,PRD00272,Beauty,55
WH03,Mysore,PRD00273,Home,39
WH03,Mysore,PRD00274,Accessories,45
WH03,Mysore,PRD00275,Beauty,34
WH03,Mysore,PRD00276,Mobile,40
WH03,Mysore,PRD00277,Home,14
WH03,Mysore,PRD00278,Accessories,23
WH03,Mysore,PRD00279,Grocery,28
WH03,Mysore,PRD00280,Beauty,33
WH03,Mysore,PRD00281,Mobile,13
WH03,Mysore,PRD00282,Beauty,17
WH03,Mysore,PRD00283,Mobile,24
WH03,Mysore,PRD00284,Beauty,56
WH03,Mysore,PRD00285,Accessories,26
WH03,Mysore,PRD00286,Home,33
WH03,Mysore,PRD00287,Accessories,20
WH03,Mysore,PRD00288,Grocery,39
WH03,Mysore,PRD00289,Home,24
WH03,Mysore,PRD00290,Laptop,21
WH03,Mysore,PRD00291,Home,35
WH03,Mysore,PRD00292,Grocery,11
WH03,Mysore,PRD00293,Laptop,11
WH03,Mysore,PRD00294,Fashion,21
WH03,Mysore,PRD00295,Fashion,13
WH03,Mysore,PRD00296,Beauty,16
WH03,Mysore,PRD00297,Beauty,27
WH03,Mysore,PRD00298,Mobile,48
WH03,Mysore,PRD00299,Mobile,37
WH03,Mysore,PRD00300,Grocery,35
WH03,Mysore,PRD00301,Grocery,25
WH03,Mysore,PRD00302,Laptop,54
WH03,Mysore,PRD00303,Accessories,29
WH03,Mysore,PRD00304,Home,15
WH03,Mysore,PRD00305,Laptop,39
WH03,Mysore,PRD00306,Accessories,16
WH03,Mysore,PRD00307,Electronics,27
WH03,Mysore,PRD00308,Laptop,34
WH03,Mysore,PRD00309,Mobile,51
WH03,Mysore,PRD00310,Grocery,34
WH03,Mysore,PRD00311,Fashion,43
WH03,Mysore,PRD00312,Accessories,57
WH03,Mysore,PRD00313,Mobile,17
WH03,Mysore,PRD00314,Laptop,24
WH03,Mysore,PRD00315,Electronics,29
WH03,Mysore,PRD00316,Grocery,30
WH03,Mysore,PRD00317,Electronics,30
WH03,Mysore,PRD00318,Laptop,53
WH03,Mysore,PRD00319,Mobile,44
WH03,Mysore,PRD00320,Laptop,39
WH03,Mysore,PRD00321,Grocery,25
WH03,Mysore,PRD00322,Grocery,49
WH03,Mysore,PRD00323,Beauty,55
WH03,Mysore,PRD00324,Laptop,49
WH03,Mysore,PRD00325,Grocery,11
WH03,Mysore,PRD00326,Home,40
WH03,Mysore,PRD00327,Fashion,13
WH03,Mysore,PRD00328,Mobile,23
WH03,Mysore,PRD00329,Beauty,14
WH03,Mysore,PRD00330,Beauty,39
WH03,Mysore,PRD00331,Mobile,43
WH03,Mysore,PRD00332,Electronics,16
WH03,Mysore,PRD00333,Mobile,29
WH03,Mysore,PRD00334,Beauty,32
WH03,Mysore,PRD00335,Accessories,28
WH03,Mysore,PRD00336,Grocery,17
WH03,Mysore,PRD00337,Accessories,30
WH03,Mysore,PRD00338,Grocery,46
WH03,Mysore,PRD00339,Fashion,14
WH03,Mysore,PRD00340,Accessories,15
WH03,Mysore,PRD00341,Laptop,27
WH03,Mysore,PRD00342,Laptop,54
WH03,Mysore,PRD00343,Mobile,42
WH03,Mysore,PRD00344,Laptop,42
WH03,Mysore,PRD00345,Electronics,28
WH03,Mysore,PRD00346,Beauty,38
WH03,Mysore,PRD00347,Accessories,11
WH03,Mysore,PRD00348,Grocery,40
WH03,Mysore,PRD00349,Beauty,53
WH03,Mysore,PRD00350,Accessories,39
WH03,Mysore,PRD00351,Laptop,51
WH03,Mysore,PRD00352,Fashion,44
WH03,Mysore,PRD00353,Mobile,17
WH03,Mysore,PRD00354,Home,53
WH03,Mysore,PRD00355,Fashion,14
WH03,Mysore,PRD00356,Accessories,36
WH03,Mysore,PRD00357,Beauty,18
WH03,Mysore,PRD00358,Electronics,12
WH03,Mysore,PRD00359,Grocery,30
WH03,Mysore,PRD00360,Fashion,25
WH03,Mysore,PRD00361,Beauty,33
WH03,Mysore,PRD00362,Grocery,38
WH03,Mysore,PRD00363,Beauty,13
WH03,Mysore,PRD00364,Laptop,17
WH03,Mysore,PRD00365,Laptop,37
WH03,Mysore,PRD00366,Electronics,27
WH03,Mysore,PRD00367,Home,45
WH03,Mysore,PRD00368,Grocery,41
WH03,Mysore,PRD00369,Fashion,50
WH03,Mysore,PRD00370,Beauty,43
WH03,Mysore,PRD00371,Mobile,31
WH03,Mysore,PRD00372,Beauty,42
WH03,Mysore,PRD00373,Fashion,24
WH03,Mysore,PRD00374,Laptop,25
WH03,Mysore,PRD00375,Mobile,47
WH03,Mysore,PRD00376,Fashion,32
WH03,Mysore,PRD00377,Fashion,48
WH03,Mysore,PRD00378,Accessories,49
WH03,Mysore,PRD00379,Accessories,50
WH03,Mysore,PRD00380,Home,53
WH03,Mysore,PRD00381,Laptop,31
WH03,Mysore,PRD00382,Fashion,26
WH03,Mysore,PRD00383,Fashion,38
WH03,Mysore,PRD00384,Mobile,28
WH03,Mysore,PRD00385,Home,39
WH03,Mysore,PRD00386,Fashion,43
WH03,Mysore,PRD00387,Laptop,43
WH03,Mysore,PRD00388,Mobile,28
WH03,Mysore,PRD00389,Home,19
WH03,Mysore,PRD00390,Laptop,31
WH03,Mysore,PRD00391,Electronics,18
WH03,Mysore,PRD00392,Electronics,52
WH03,Mysore,PRD00393,Home,27
WH03,Mysore,PRD00394,Electronics,18
WH03,Mysore,PRD00395,Accessories,12
WH03,Mysore,PRD00396,Electronics,41
WH03,Mysore,PRD00397,Beauty,40
WH03,Mysore,PRD00398,Home,27
WH03,Mysore,PRD00399,Fashion,14
WH03,Mysore,PRD00400,Grocery,30
WH03,Mysore,PRD00401,Accessories,25
WH03,Mysore,PRD00402,Laptop,42
WH03,Mysore,PRD00403,Accessories,39
WH03,Mysore,PRD00404,Fashion,28
WH03,Mysore,PRD00405,Mobile,21
WH03,Mysore,PRD00406,Mobile,56
WH03,Mysore,PRD00407,Accessories,32
WH03,Mysore,PRD00408,Grocery,43
WH03,Mysore,PRD00409,Accessories,17
WH03,Mysore,PRD00410,Fashion,33
WH03,Mysore,PRD00411,Mobile,12
WH03,Mysore,PRD00412,Laptop,34
WH03,Mysore,PRD00413,Fashion,55
WH03,Mysore,PRD00414,Mobile,29
WH03,Mysore,PRD00415,Beauty,13
WH03,Mysore,PRD00416,Mobile,12
WH03,Mysore,PRD00417,Home,29
WH03,Mysore,PRD00418,Mobile,18
WH03,Mysore,PRD00419,Beauty,12
WH03,Mysore,PRD00420,Laptop,46
WH03,Mysore,PRD00421,Beauty,32
WH03,Mysore,PRD00422,Fashion,24
WH03,Mysore,PRD00423,Accessories,52
WH03,Mysore,PRD00424,Mobile,16
WH03,Mysore,PRD00425,Beauty,55
WH03,Mysore,PRD00426,Electronics,25
WH03,Mysore,PRD00427,Grocery,52
WH03,Mysore,PRD00428,Mobile,39
WH03,Mysore,PRD00429,Beauty,49
WH03,Mysore,PRD00430,Home,56
WH03,Mysore,PRD00431,Electronics,24
WH03,Mysore,PRD00432,Electronics,55
WH03,Mysore,PRD00433,Home,29
WH03,Mysore,PRD00434,Laptop,29
WH03,Mysore,PRD00435,Grocery,27
WH03,Mysore,PRD00436,Home,36
WH03,Mysore,PRD00437,Home,18
WH03,Mysore,PRD00438,Fashion,36
WH03,Mysore,PRD00439,Accessories,36
WH03,Mysore,PRD00440,Laptop,46
WH03,Mysore,PRD00441,Accessories,49
WH03,Mysore,PRD00442,Laptop,31
WH03,Mysore,PRD00443,Accessories,25
WH03,Mysore,PRD00444,Fashion,23
WH03,Mysore,PRD00445,Laptop,20
WH03,Mysore,PRD00446,Home,14
WH03,Mysore,PRD00447,Mobile,27
WH03,Mysore,PRD00448,Home,23
WH03,Mysore,PRD00449,Electronics,55
WH03,Mysore,PRD00450,Grocery,37
WH03,Mysore,PRD00451,Mobile,27
WH03,Mysore,PRD00452,Accessories,38
WH03,Mysore,PRD00453,Home,17
WH03,Mysore,PRD00454,Laptop,31
WH03,Mysore,PRD00455,Electronics,40
WH03,Mysore,PRD00456,Grocery,33
WH03,Mysore,PRD00457,Fashion,29
WH03,Mysore,PRD00458,Grocery,57
WH03,Mysore,PRD00459,Home,51
WH03,Mysore,PRD00460,Beauty,40
WH03,Mysore,PRD00461,Accessories,37
WH03,Mysore,PRD00462,Laptop,40
WH03,Mysore,PRD00463,Fashion,20
WH03,Mysore,PRD00464,Home,29
WH03,Mysore,PRD00465,Fashion,13
WH03,Mysore,PRD00466,Accessories,33
WH03,Mysore,PRD00467,Accessories,36
WH03,Mysore,PRD00468,Grocery,21
WH03,Mysore,PRD00469,Beauty,55
WH03,Mysore,PRD00470,Accessories,53
WH03,Mysore,PRD00471,Fashion,44
WH03,Mysore,PRD00472,Mobile,36
WH03,Mysore,PRD00473,Home,51
WH03,Mysore,PRD00474,Mobile,17
WH03,Mysore,PRD00475,Fashion,47
WH03,Mysore,PRD00476,Grocery,17
WH03,Mysore,PRD00477,Accessories,48
WH03,Mysore,PRD00478,Beauty,24
WH03,Mysore,PRD00479,Home,51
WH03,Mysore,PRD00480,Grocery,54
WH03,Mysore,PRD00481,Mobile,18
WH03,Mysore,PRD00482,Laptop,32
WH03,Mysore,PRD00483,Accessories,56
WH03,Mysore,PRD00484,Beauty,33
WH03,Mysore,PRD00485,Mobile,51
WH03,Mysore,PRD00486,Beauty,38
WH03,Mysore,PRD00487,Grocery,28
WH03,Mysore,PRD00488,Laptop,24
WH03,Mysore,PRD00489,Accessories,20
WH03,Mysore,PRD00490,Accessories,46
WH03,Mysore,PRD00491,Grocery,29
WH03,Mysore,PRD00492,Home,35
WH03,Mysore,PRD00493,Electronics,34
WH03,Mysore,PRD00494,Fashion,38
WH03,Mysore,PRD00495,Fashion,51
WH03,Mysore,PRD00496,Home,56
WH03,Mysore,PRD00497,Grocery,30
WH03,Mysore,PRD00498,Electronics,49
WH03,Mysore,PRD00499,Beauty,46
WH03,Mysore,PRD00500,Fashion,37
WH03,Mysore,PRD00501,Beauty,55
WH03,Mysore,PRD00502,Grocery,20
WH03,Mysore,PRD00503,Grocery,16
WH03,Mysore,PRD00504,Accessories,50
WH03,Mysore,PRD00505,Grocery,31
WH03,Mysore,PRD00506,Grocery,50
WH03,Mysore,PRD00507,Fashion,52
WH03,Mysore,PRD00508,Electronics,14
WH03,Mysore,PRD00509,Fashion,52
WH03,Mysore,PRD00510,Accessories,32
WH03,Mysore,PRD00511,Home,34
WH03,Mysore,PRD00512,Beauty,40
WH03,Mysore,PRD00513,Electronics,54
WH03,Mysore,PRD00514,Fashion,12
WH03,Mysore,PRD00515,Accessories,33
WH03,Mysore,PRD00516,Grocery,43
WH03,Mysore,PRD00517,Home,44
WH03,Mysore,PRD00518,Laptop,43
WH03,Mysore,PRD00519,Home,17
WH03,Mysore,PRD00520,Mobile,25
WH03,Mysore,PRD00521,Beauty,28
WH03,Mysore,PRD00522,Laptop,48
WH03,Mysore,PRD00523,Electronics,24
WH03,Mysore,PRD00524,Electronics,21
WH03,Mysore,PRD00525,Grocery,55
WH03,Mysore,PRD00526,Mobile,11
WH03,Mysore,PRD00527,Beauty,57
WH03,Mysore,PRD00528,Beauty,42
WH03,Mysore,PRD00529,Mobile,49
WH03,Mysore,PRD00530,Electronics,25
WH03,Mysore,PRD00531,Home,12
WH03,Mysore,PRD00532,Beauty,45
WH03,Mysore,PRD00533,Home,49
WH03,Mysore,PRD00534,Laptop,45
WH03,Mysore,PRD00535,Grocery,18
WH03,Mysore,PRD00536,Home,46
WH03,Mysore,PRD00537,Fashion,46
WH03,Mysore,PRD00538,Laptop,41
WH03,Mysore,PRD00539,Beauty,46
WH03,Mysore,PRD00540,Beauty,50
WH03,Mysore,PRD00541,Grocery,39
WH03,Mysore,PRD00542,Home,15
WH03,Mysore,PRD00543,Home,33
WH03,Mysore,PRD00544,Electronics,15
WH03,Mysore,PRD00545,Electronics,30
WH03,Mysore,PRD00546,Electronics,30
WH03,Mysore,PRD00547,Mobile,14
WH03,Mysore,PRD00548,Grocery,27
WH03,Mysore,PRD00549,Accessories,16
WH03,Mysore,PRD00550,Electronics,48
WH03,Mysore,PRD00551,Laptop,55
WH03,Mysore,PRD00552,Fashion,14
WH03,Mysore,PRD00553,Fashion,55
WH03,Mysore,PRD00554,Electronics,35
WH03,Mysore,PRD00555,Home,25
WH03,Mysore,PRD00556,Home,15
WH03,Mysore,PRD00557,Electronics,34
WH03,Mysore,PRD00558,Fashion,48
WH03,Mysore,PRD00559,Mobile,44
WH03,Mysore,PRD00560,Grocery,13
WH03,Mysore,PRD00561,Grocery,14
WH03,Mysore,PRD00562,Laptop,30
WH03,Mysore,PRD00563,Fashion,25
WH03,Mysore,PRD00564,Mobile,22
WH03,Mysore,PRD00565,Mobile,24
WH03,Mysore,PRD00566,Mobile,48
WH03,Mysore,PRD00567,Grocery,54
WH03,Mysore,PRD00568,Electronics,30
WH03,Mysore,PRD00569,Electronics,53
WH03,Mysore,PRD00570,Laptop,26
WH03,Mysore,PRD00571,Mobile,33
WH03,Mysore,PRD00572,Grocery,21
WH03,Mysore,PRD00573,Home,40
WH03,Mysore,PRD00574,Fashion,56
WH03,Mysore,PRD00575,Beauty,39
WH03,Mysore,PRD00576,Grocery,27
WH03,Mysore,PRD00577,Electronics,41
WH03,Mysore,PRD00578,Fashion,17
WH03,Mysore,PRD00579,Fashion,52
WH03,Mysore,PRD00580,Accessories,34
WH03,Mysore,PRD00581,Home,32
WH03,Mysore,PRD00582,Mobile,38
WH03,Mysore,PRD00583,Fashion,40
WH03,Mysore,PRD00584,Accessories,14
WH03,Mysore,PRD00585,Grocery,42
WH03,Mysore,PRD00586,Fashion,22
WH03,Mysore,PRD00587,Grocery,44
WH03,Mysore,PRD00588,Mobile,49
WH03,Mysore,PRD00589,Home,48
WH03,Mysore,PRD00590,Grocery,36
WH03,Mysore,PRD00591,Fashion,35
WH03,Mysore,PRD00592,Accessories,18
WH03,Mysore,PRD00593,Fashion,47
WH03,Mysore,PRD00594,Home,23
WH03,Mysore,PRD00595,Grocery,34
WH03,Mysore,PRD00596,Electronics,24
WH03,Mysore,PRD00597,Accessories,17
WH03,Mysore,PRD00598,Grocery,40
WH03,Mysore,PRD00599,Beauty,13
WH03,Mysore,PRD00600,Mobile,45
WH03,Mysore,PRD00601,Accessories,26
WH03,Mysore,PRD00602,Home,11
WH03,Mysore,PRD00603,Electronics,35
WH03,Mysore,PRD00604,Grocery,13
WH03,Mysore,PRD00605,Home,24
WH03,Mysore,PRD00606,Accessories,44
WH03,Mysore,PRD00607,Beauty,14
WH03,Mysore,PRD00608,Accessories,50
WH03,Mysore,PRD00609,Mobile,11
WH03,Mysore,PRD00610,Fashion,22
WH03,Mysore,PRD00611,Beauty,45
WH03,Mysore,PRD00612,Laptop,26
WH03,Mysore,PRD00613,Mobile,16
WH03,Mysore,PRD00614,Mobile,28
WH03,Mysore,PRD00615,Laptop,23
WH03,Mysore,PRD00616,Home,50
WH03,Mysore,PRD00617,Accessories,25
WH03,Mysore,PRD00618,Home,47
WH03,Mysore,PRD00619,Mobile,52
WH03,Mysore,PRD00620,Laptop,31
WH03,Mysore,PRD00621,Grocery,53
WH03,Mysore,PRD00622,Accessories,28
WH03,Mysore,PRD00623,Home,55
WH03,Mysore,PRD00624,Electronics,15
WH03,Mysore,PRD00625,Accessories,43
WH03,Mysore,PRD00626,Fashion,34
WH03,Mysore,PRD00627,Grocery,29
WH03,Mysore,PRD00628,Fashion,40
WH03,Mysore,PRD00629,Beauty,43
WH03,Mysore,PRD00630,Laptop,11
WH03,Mysore,PRD00631,Electronics,19
WH03,Mysore,PRD00632,Beauty,44
WH03,Mysore,PRD00633,Grocery,42
WH03,Mysore,PRD00634,Electronics,55
WH03,Mysore,PRD00635,Fashion,46
WH03,Mysore,PRD00636,Home,55
WH03,Mysore,PRD00637,Accessories,43
WH03,Mysore,PRD00638,Accessories,25
WH03,Mysore,PRD00639,Beauty,16
WH03,Mysore,PRD00640,Home,47
WH03,Mysore,PRD00641,Beauty,41
WH03,Mysore,PRD00642,Accessories,13
WH03,Mysore,PRD00643,Accessories,28
WH03,Mysore,PRD00644,Mobile,55
WH03,Mysore,PRD00645,Mobile,34
WH03,Mysore,PRD00646,Grocery,31
WH03,Mysore,PRD00647,Mobile,32
WH03,Mysore,PRD00648,Grocery,21
WH03,Mysore,PRD00649,Laptop,28
WH03,Mysore,PRD00650,Electronics,28
WH03,Mysore,PRD00651,Laptop,13
WH03,Mysore,PRD00652,Mobile,46
WH03,Mysore,PRD00653,Laptop,30
WH03,Mysore,PRD00654,Home,49
WH03,Mysore,PRD00655,Accessories,50
WH03,Mysore,PRD00656,Mobile,21
WH03,Mysore,PRD00657,Electronics,41
WH03,Mysore,PRD00658,Grocery,33
WH03,Mysore,PRD00659,Accessories,51
WH03,Mysore,PRD00660,Laptop,21
WH03,Mysore,PRD00661,Accessories,42
WH03,Mysore,PRD00662,Laptop,39
WH03,Mysore,PRD00663,Grocery,25
WH03,Mysore,PRD00664,Grocery,17
WH03,Mysore,PRD00665,Electronics,41
WH03,Mysore,PRD00666,Fashion,45
WH03,Mysore,PRD00667,Mobile,26
WH03,Mysore,PRD00668,Grocery,41
WH03,Mysore,PRD00669,Fashion,29
WH03,Mysore,PRD00670,Fashion,44
WH03,Mysore,PRD00671,Beauty,20
WH03,Mysore,PRD00672,Beauty,52
WH03,Mysore,PRD00673,Laptop,24
WH03,Mysore,PRD00674,Laptop,28
WH03,Mysore,PRD00675,Fashion,14
WH03,Mysore,PRD00676,Home,16
WH03,Mysore,PRD00677,Beauty,35
WH03,Mysore,PRD00678,Fashion,23
WH03,Mysore,PRD00679,Accessories,49
WH03,Mysore,PRD00680,Accessories,12
WH03,Mysore,PRD00681,Home,28
WH03,Mysore,PRD00682,Beauty,27
WH03,Mysore,PRD00683,Laptop,12
WH03,Mysore,PRD00684,Laptop,17
WH03,Mysore,PRD00685,Accessories,30
WH03,Mysore,PRD00686,Electronics,34
WH03,Mysore,PRD00687,Beauty,30
WH03,Mysore,PRD00688,Grocery,35
WH03,Mysore,PRD00689,Laptop,38
WH03,Mysore,PRD00690,Laptop,11
WH03,Mysore,PRD00691,Accessories,32
WH03,Mysore,PRD00692,Mobile,55
WH03,Mysore,PRD00693,Electronics,35
WH03,Mysore,PRD00694,Fashion,42
WH03,Mysore,PRD00695,Home,25
WH03,Mysore,PRD00696,Home,47
WH03,Mysore,PRD00697,Mobile,47
WH03,Mysore,PRD00698,Accessories,35
WH03,Mysore,PRD00699,Beauty,56
WH03,Mysore,PRD00700,Mobile,17
WH03,Mysore,PRD00701,Electronics,12
WH03,Mysore,PRD00702,Accessories,46
WH03,Mysore,PRD00703,Laptop,48
WH03,Mysore,PRD00704,Mobile,17
WH03,Mysore,PRD00705,Beauty,23
WH03,Mysore,PRD00706,Home,12
WH03,Mysore,PRD00707,Beauty,24
WH03,Mysore,PRD00708,Electronics,47
WH03,Mysore,PRD00709,Home,35
WH03,Mysore,PRD00710,Fashion,27
WH03,Mysore,PRD00711,Fashion,28
WH03,Mysore,PRD00712,Grocery,11
WH03,Mysore,PRD00713,Fashion,25
WH03,Mysore,PRD00714,Beauty,41
WH03,Mysore,PRD00715,Grocery,56
WH03,Mysore,PRD00716,Fashion,50
WH03,Mysore,PRD00717,Home,12
WH03,Mysore,PRD00718,Mobile,52
WH03,Mysore,PRD00719,Laptop,47
WH03,Mysore,PRD00720,Mobile,47
WH03,Mysore,PRD00721,Home,32
WH03,Mysore,PRD00722,Fashion,29
WH03,Mysore,PRD00723,Laptop,25
WH03,Mysore,PRD00724,Fashion,14
WH03,Mysore,PRD00725,Mobile,21
WH03,Mysore,PRD00726,Laptop,22
WH03,Mysore,PRD00727,Grocery,33
WH03,Mysore,PRD00728,Beauty,45
WH03,Mysore,PRD00729,Fashion,33
WH03,Mysore,PRD00730,Accessories,14
WH03,Mysore,PRD00731,Home,55
WH03,Mysore,PRD00732,Laptop,54
WH03,Mysore,PRD00733,Electronics,47
WH03,Mysore,PRD00734,Home,57
WH03,Mysore,PRD00735,Home,36
WH03,Mysore,PRD00736,Mobile,55
WH03,Mysore,PRD00737,Laptop,14
WH03,Mysore,PRD00738,Laptop,28
WH03,Mysore,PRD00739,Laptop,21
WH03,Mysore,PRD00740,Accessories,20
WH03,Mysore,PRD00741,Electronics,17
WH03,Mysore,PRD00742,Beauty,40
WH03,Mysore,PRD00743,Mobile,47
WH03,Mysore,PRD00744,Electronics,38
WH03,Mysore,PRD00745,Laptop,18
WH03,Mysore,PRD00746,Accessories,48
WH03,Mysore,PRD00747,Grocery,40
WH03,Mysore,PRD00748,Accessories,29
WH03,Mysore,PRD00749,Beauty,42
WH03,Mysore,PRD00750,Fashion,23
WH03,Mysore,PRD00751,Mobile,27
WH03,Mysore,PRD00752,Home,53
WH03,Mysore,PRD00753,Grocery,24
WH03,Mysore,PRD00754,Grocery,33
WH03,Mysore,PRD00755,Grocery,52
WH03,Mysore,PRD00756,Accessories,44
WH03,Mysore,PRD00757,Beauty,14
WH03,Mysore,PRD00758,Fashion,18
WH03,Mysore,PRD00759,Beauty,11
WH03,Mysore,PRD00760,Mobile,40
WH03,Mysore,PRD00761,Home,32
WH03,Mysore,PRD00762,Laptop,17
WH03,Mysore,PRD00763,Fashion,55
WH03,Mysore,PRD00764,Laptop,35
WH03,Mysore,PRD00765,Grocery,22
WH03,Mysore,PRD00766,Accessories,34
WH03,Mysore,PRD00767,Accessories,42
WH03,Mysore,PRD00768,Fashion,15
WH03,Mysore,PRD00769,Mobile,24
WH03,Mysore,PRD00770,Grocery,48
WH03,Mysore,PRD00771,Beauty,32
WH03,Mysore,PRD00772,Laptop,36
WH03,Mysore,PRD00773,Electronics,31
WH03,Mysore,PRD00774,Beauty,13
WH03,Mysore,PRD00775,Accessories,19
WH03,Mysore,PRD00776,Beauty,31
WH03,Mysore,PRD00777,Grocery,21
WH03,Mysore,PRD00778,Home,13
WH03,Mysore,PRD00779,Home,50
WH03,Mysore,PRD00780,Grocery,56
WH03,Mysore,PRD00781,Beauty,47
WH03,Mysore,PRD00782,Laptop,50
WH03,Mysore,PRD00783,Electronics,22
WH03,Mysore,PRD00784,Home,55
WH03,Mysore,PRD00785,Accessories,20
WH03,Mysore,PRD00786,Beauty,55
WH03,Mysore,PRD00787,Home,57
WH03,Mysore,PRD00788,Electronics,44
WH03,Mysore,PRD00789,Fashion,56
WH03,Mysore,PRD00790,Beauty,37
WH03,Mysore,PRD00791,Mobile,23
WH03,Mysore,PRD00792,Beauty,31
WH03,Mysore,PRD00793,Fashion,38
WH03,Mysore,PRD00794,Electronics,14
WH03,Mysore,PRD00795,Fashion,40
WH03,Mysore,PRD00796,Electronics,56
WH03,Mysore,PRD00797,Fashion,20
WH03,Mysore,PRD00798,Accessories,47
WH03,Mysore,PRD00799,Grocery,53
WH03,Mysore,PRD00800,Electronics,54
WH03,Mysore,PRD00801,Fashion,55
WH03,Mysore,PRD00802,Fashion,35
WH03,Mysore,PRD00803,Electronics,56
WH03,Mysore,PRD00804,Electronics,46
WH03,Mysore,PRD00805,Accessories,18
WH03,Mysore,PRD00806,Accessories,33
WH03,Mysore,PRD00807,Accessories,44
WH03,Mysore,PRD00808,Laptop,22
WH03,Mysore,PRD00809,Accessories,40
WH03,Mysore,PRD00810,Mobile,42
WH03,Mysore,PRD00811,Electronics,18
WH03,Mysore,PRD00812,Beauty,37
WH03,Mysore,PRD00813,Electronics,46
WH03,Mysore,PRD00814,Laptop,34
WH03,Mysore,PRD00815,Laptop,12
WH03,Mysore,PRD00816,Laptop,11
WH03,Mysore,PRD00817,Mobile,27
WH03,Mysore,PRD00818,Grocery,54
WH03,Mysore,PRD00819,Mobile,22
WH03,Mysore,PRD00820,Electronics,40
WH03,Mysore,PRD00821,Accessories,21
WH03,Mysore,PRD00822,Electronics,26
WH03,Mysore,PRD00823,Beauty,50
WH03,Mysore,PRD00824,Mobile,45
WH03,Mysore,PRD00825,Fashion,15
WH03,Mysore,PRD00826,Home,31
WH03,Mysore,PRD00827,Electronics,12
WH03,Mysore,PRD00828,Beauty,33
WH03,Mysore,PRD00829,Beauty,41
WH03,Mysore,PRD00830,Laptop,16
WH03,Mysore,PRD00831,Beauty,24
WH03,Mysore,PRD00832,Electronics,29
WH03,Mysore,PRD00833,Grocery,53
WH03,Mysore,PRD00834,Grocery,57
WH03,Mysore,PRD00835,Electronics,13
WH03,Mysore,PRD00836,Mobile,46
WH03,Mysore,PRD00837,Home,28
WH03,Mysore,PRD00838,Laptop,29
WH03,Mysore,PRD00839,Fashion,46
WH03,Mysore,PRD00840,Mobile,53
WH03,Mysore,PRD00841,Laptop,55
WH03,Mysore,PRD00842,Accessories,38
WH03,Mysore,PRD00843,Electronics,27
WH03,Mysore,PRD00844,Fashion,47
WH03,Mysore,PRD00845,Home,23
WH03,Mysore,PRD00846,Grocery,37
WH03,Mysore,PRD00847,Laptop,27
WH03,Mysore,PRD00848,Electronics,41
WH03,Mysore,PRD00849,Fashion,22
WH03,Mysore,PRD00850,Fashion,20
WH03,Mysore,PRD00851,Beauty,53
WH03,Mysore,PRD00852,Mobile,16
WH03,Mysore,PRD00853,Beauty,34
WH03,Mysore,PRD00854,Accessories,21
WH03,Mysore,PRD00855,Mobile,13
WH03,Mysore,PRD00856,Accessories,13
WH03,Mysore,PRD00857,Mobile,19
WH03,Mysore,PRD00858,Mobile,51
WH03,Mysore,PRD00859,Mobile,24
WH03,Mysore,PRD00860,Laptop,55
WH03,Mysore,PRD00861,Mobile,38
WH03,Mysore,PRD00862,Laptop,31
WH03,Mysore,PRD00863,Beauty,38
WH03,Mysore,PRD00864,Electronics,35
WH03,Mysore,PRD00865,Laptop,46
WH03,Mysore,PRD00866,Electronics,24
WH03,Mysore,PRD00867,Home,27
WH03,Mysore,PRD00868,Beauty,52
WH03,Mysore,PRD00869,Accessories,55
WH03,Mysore,PRD00870,Mobile,52
WH03,Mysore,PRD00871,Home,30
WH03,Mysore,PRD00872,Fashion,47
WH03,Mysore,PRD00873,Home,33
WH03,Mysore,PRD00874,Laptop,34
WH03,Mysore,PRD00875,Fashion,20
WH03,Mysore,PRD00876,Electronics,38
WH03,Mysore,PRD00877,Grocery,20
WH03,Mysore,PRD00878,Fashion,26
WH03,Mysore,PRD00879,Laptop,50
WH03,Mysore,PRD00880,Fashion,21
WH03,Mysore,PRD00881,Laptop,14
WH03,Mysore,PRD00882,Beauty,14
WH03,Mysore,PRD00883,Grocery,54
WH03,Mysore,PRD00884,Home,34
WH03,Mysore,PRD00885,Home,30
WH03,Mysore,PRD00886,Fashion,48
WH03,Mysore,PRD00887,Home,49
WH03,Mysore,PRD00888,Laptop,26
WH03,Mysore,PRD00889,Fashion,43
WH03,Mysore,PRD00890,Fashion,46
WH03,Mysore,PRD00891,Accessories,41
WH03,Mysore,PRD00892,Fashion,18
WH03,Mysore,PRD00893,Mobile,51
WH03,Mysore,PRD00894,Accessories,36
WH03,Mysore,PRD00895,Beauty,24
WH03,Mysore,PRD00896,Beauty,31
WH03,Mysore,PRD00897,Beauty,13
WH03,Mysore,PRD00898,Accessories,17
WH03,Mysore,PRD00899,Laptop,46
WH03,Mysore,PRD00900,Electronics,11
WH03,Mysore,PRD00901,Grocery,30
WH03,Mysore,PRD00902,Laptop,35
WH03,Mysore,PRD00903,Home,14
WH03,Mysore,PRD00904,Grocery,56
WH03,Mysore,PRD00905,Beauty,21
WH03,Mysore,PRD00906,Fashion,25
WH03,Mysore,PRD00907,Home,25
WH03,Mysore,PRD00908,Beauty,22
WH03,Mysore,PRD00909,Fashion,11
WH03,Mysore,PRD00910,Mobile,45
WH03,Mysore,PRD00911,Home,55
WH03,Mysore,PRD00912,Fashion,21
WH03,Mysore,PRD00913,Home,42
WH03,Mysore,PRD00914,Accessories,45
WH03,Mysore,PRD00915,Fashion,50
WH03,Mysore,PRD00916,Electronics,30
WH03,Mysore,PRD00917,Mobile,25
WH03,Mysore,PRD00918,Laptop,26
WH03,Mysore,PRD00919,Accessories,44
WH03,Mysore,PRD00920,Laptop,49
WH03,Mysore,PRD00921,Accessories,19
WH03,Mysore,PRD00922,Beauty,28
WH03,Mysore,PRD00923,Beauty,52
WH03,Mysore,PRD00924,Grocery,48
WH03,Mysore,PRD00925,Electronics,56
WH03,Mysore,PRD00926,Beauty,46
WH03,Mysore,PRD00927,Mobile,29
WH03,Mysore,PRD00928,Beauty,38
WH03,Mysore,PRD00929,Electronics,41
WH03,Mysore,PRD00930,Laptop,15
WH03,Mysore,PRD00931,Grocery,36
WH03,Mysore,PRD00932,Accessories,44
WH03,Mysore,PRD00933,Beauty,19
WH03,Mysore,PRD00934,Beauty,47
WH03,Mysore,PRD00935,Mobile,38
WH03,Mysore,PRD00936,Laptop,55
WH03,Mysore,PRD00937,Beauty,13
WH03,Mysore,PRD00938,Fashion,23
WH03,Mysore,PRD00939,Laptop,39
WH03,Mysore,PRD00940,Accessories,25
WH03,Mysore,PRD00941,Laptop,44
WH03,Mysore,PRD00942,Electronics,46
WH03,Mysore,PRD00943,Accessories,16
WH03,Mysore,PRD00944,Accessories,35
WH03,Mysore,PRD00945,Grocery,34
WH03,Mysore,PRD00946,Grocery,28
WH03,Mysore,PRD00947,Accessories,54
WH03,Mysore,PRD00948,Home,49
WH03,Mysore,PRD00949,Fashion,43
WH03,Mysore,PRD00950,Beauty,44
WH03,Mysore,PRD00951,Beauty,32
WH03,Mysore,PRD00952,Accessories,53
WH03,Mysore,PRD00953,Grocery,43
WH03,Mysore,PRD00954,Fashion,45
WH03,Mysore,PRD00955,Electronics,51
WH03,Mysore,PRD00956,Home,24
WH03,Mysore,PRD00957,Mobile,48
WH03,Mysore,PRD00958,Grocery,20
WH03,Mysore,PRD00959,Grocery,27
WH03,Mysore,PRD00960,Fashion,26
WH03,Mysore,PRD00961,Grocery,56
WH03,Mysore,PRD00962,Electronics,50
WH03,Mysore,PRD00963,Laptop,43
WH03,Mysore,PRD00964,Laptop,44
WH03,Mysore,PRD00965,Fashion,37
WH03,Mysore,PRD00966,Home,55
WH03,Mysore,PRD00967,Laptop,34
WH03,Mysore,PRD00968,Laptop,29
WH03,Mysore,PRD00969,Beauty,18
WH03,Mysore,PRD00970,Electronics,47
WH03,Mysore,PRD00971,Mobile,45
WH03,Mysore,PRD00972,Fashion,29
WH03,Mysore,PRD00973,Laptop,12
WH03,Mysore,PRD00974,Beauty,50
WH03,Mysore,PRD00975,Accessories,12
WH03,Mysore,PRD00976,Grocery,43
WH03,Mysore,PRD00977,Laptop,56
WH03,Mysore,PRD00978,Accessories,31
WH03,Mysore,PRD00979,Electronics,22
WH03,Mysore,PRD00980,Laptop,43
WH03,Mysore,PRD00981,Home,49
WH03,Mysore,PRD00982,Laptop,36
WH03,Mysore,PRD00983,Fashion,55
WH03,Mysore,PRD00984,Fashion,13
WH03,Mysore,PRD00985,Mobile,34
WH03,Mysore,PRD00986,Laptop,44
WH03,Mysore,PRD00987,Home,51
WH03,Mysore,PRD00988,Home,19
WH03,Mysore,PRD00989,Grocery,48
WH03,Mysore,PRD00990,Mobile,36
WH03,Mysore,PRD00991,Home,29
WH03,Mysore,PRD00992,Laptop,17
WH03,Mysore,PRD00993,Beauty,51
WH03,Mysore,PRD00994,Electronics,18
WH03,Mysore,PRD00995,Accessories,25
WH03,Mysore,PRD00996,Laptop,24
WH03,Mysore,PRD00997,Beauty,51
WH03,Mysore,PRD00998,Mobile,42
WH03,Mysore,PRD00999,Accessories,48
WH03,Mysore,PRD01000,Grocery,23
WH04,Chennai,PRD00001,Home,19
WH04,Chennai,PRD00002,Beauty,25
WH04,Chennai,PRD00003,Electronics,27
WH04,Chennai,PRD00004,Laptop,6
WH04,Chennai,PRD00005,Home,22
WH04,Chennai,PRD00006,Beauty,7
WH04,Chennai,PRD00007,Electronics,19
WH04,Chennai,PRD00008,Home,12
WH04,Chennai,PRD00009,Accessories,13
WH04,Chennai,PRD00010,Mobile,14
WH04,Chennai,PRD00011,Electronics,20
WH04,Chennai,PRD00012,Beauty,14
WH04,Chennai,PRD00013,Mobile,23
WH04,Chennai,PRD00014,Grocery,15
WH04,Chennai,PRD00015,Mobile,7
WH04,Chennai,PRD00016,Accessories,24
WH04,Chennai,PRD00017,Laptop,12
WH04,Chennai,PRD00018,Fashion,16
WH04,Chennai,PRD00019,Electronics,22
WH04,Chennai,PRD00020,Mobile,13
WH04,Chennai,PRD00021,Electronics,7
WH04,Chennai,PRD00022,Accessories,14
WH04,Chennai,PRD00023,Home,28
WH04,Chennai,PRD00024,Beauty,21
WH04,Chennai,PRD00025,Grocery,22
WH04,Chennai,PRD00026,Accessories,21
WH04,Chennai,PRD00027,Fashion,10
WH04,Chennai,PRD00028,Home,16
WH04,Chennai,PRD00029,Electronics,24
WH04,Chennai,PRD00030,Electronics,8
WH04,Chennai,PRD00031,Electronics,12
WH04,Chennai,PRD00032,Home,12
WH04,Chennai,PRD00033,Grocery,16
WH04,Chennai,PRD00034,Electronics,29
WH04,Chennai,PRD00035,Accessories,7
WH04,Chennai,PRD00036,Electronics,18
WH04,Chennai,PRD00037,Grocery,10
WH04,Chennai,PRD00038,Grocery,29
WH04,Chennai,PRD00039,Laptop,8
WH04,Chennai,PRD00040,Grocery,15
WH04,Chennai,PRD00041,Grocery,23
WH04,Chennai,PRD00042,Laptop,22
WH04,Chennai,PRD00043,Mobile,16
WH04,Chennai,PRD00044,Accessories,14
WH04,Chennai,PRD00045,Mobile,15
WH04,Chennai,PRD00046,Beauty,12
WH04,Chennai,PRD00047,Beauty,10
WH04,Chennai,PRD00048,Home,17
WH04,Chennai,PRD00049,Beauty,12
WH04,Chennai,PRD00050,Grocery,12
WH04,Chennai,PRD00051,Electronics,21
WH04,Chennai,PRD00052,Home,29
WH04,Chennai,PRD00053,Home,20
WH04,Chennai,PRD00054,Mobile,7
WH04,Chennai,PRD00055,Electronics,7
WH04,Chennai,PRD00056,Home,28
WH04,Chennai,PRD00057,Grocery,13
WH04,Chennai,PRD00058,Electronics,8
WH04,Chennai,PRD00059,Electronics,20
WH04,Chennai,PRD00060,Home,20
WH04,Chennai,PRD00061,Electronics,21
WH04,Chennai,PRD00062,Mobile,12
WH04,Chennai,PRD00063,Electronics,6
WH04,Chennai,PRD00064,Laptop,29
WH04,Chennai,PRD00065,Accessories,12
WH04,Chennai,PRD00066,Laptop,22
WH04,Chennai,PRD00067,Fashion,22
WH04,Chennai,PRD00068,Electronics,20
WH04,Chennai,PRD00069,Beauty,13
WH04,Chennai,PRD00070,Beauty,12
WH04,Chennai,PRD00071,Home,20
WH04,Chennai,PRD00072,Fashion,26
WH04,Chennai,PRD00073,Laptop,28
WH04,Chennai,PRD00074,Grocery,8
WH04,Chennai,PRD00075,Accessories,9
WH04,Chennai,PRD00076,Mobile,28
WH04,Chennai,PRD00077,Mobile,23
WH04,Chennai,PRD00078,Mobile,27
WH04,Chennai,PRD00079,Fashion,10
WH04,Chennai,PRD00080,Home,20
WH04,Chennai,PRD00081,Accessories,22
WH04,Chennai,PRD00082,Beauty,22
WH04,Chennai,PRD00083,Home,15
WH04,Chennai,PRD00084,Accessories,6
WH04,Chennai,PRD00085,Fashion,19
WH04,Chennai,PRD00086,Beauty,12
WH04,Chennai,PRD00087,Fashion,16
WH04,Chennai,PRD00088,Home,28
WH04,Chennai,PRD00089,Fashion,15
WH04,Chennai,PRD00090,Beauty,26
WH04,Chennai,PRD00091,Mobile,10
WH04,Chennai,PRD00092,Electronics,22
WH04,Chennai,PRD00093,Beauty,29
WH04,Chennai,PRD00094,Grocery,8
WH04,Chennai,PRD00095,Accessories,6
WH04,Chennai,PRD00096,Fashion,16
WH04,Chennai,PRD00097,Mobile,8
WH04,Chennai,PRD00098,Home,23
WH04,Chennai,PRD00099,Laptop,27
WH04,Chennai,PRD00100,Home,16
WH04,Chennai,PRD00101,Fashion,12
WH04,Chennai,PRD00102,Home,16
WH04,Chennai,PRD00103,Mobile,23
WH04,Chennai,PRD00104,Beauty,6
WH04,Chennai,PRD00105,Laptop,20
WH04,Chennai,PRD00106,Electronics,20
WH04,Chennai,PRD00107,Home,21
WH04,Chennai,PRD00108,Accessories,11
WH04,Chennai,PRD00109,Accessories,23
WH04,Chennai,PRD00110,Mobile,8
WH04,Chennai,PRD00111,Electronics,10
WH04,Chennai,PRD00112,Accessories,27
WH04,Chennai,PRD00113,Electronics,23
WH04,Chennai,PRD00114,Fashion,6
WH04,Chennai,PRD00115,Fashion,11
WH04,Chennai,PRD00116,Grocery,11
WH04,Chennai,PRD00117,Fashion,12
WH04,Chennai,PRD00118,Mobile,11
WH04,Chennai,PRD00119,Electronics,7
WH04,Chennai,PRD00120,Fashion,17
WH04,Chennai,PRD00121,Grocery,23
WH04,Chennai,PRD00122,Accessories,20
WH04,Chennai,PRD00123,Electronics,22
WH04,Chennai,PRD00124,Grocery,7
WH04,Chennai,PRD00125,Grocery,28
WH04,Chennai,PRD00126,Accessories,26
WH04,Chennai,PRD00127,Electronics,25
WH04,Chennai,PRD00128,Home,25
WH04,Chennai,PRD00129,Home,28
WH04,Chennai,PRD00130,Grocery,19
WH04,Chennai,PRD00131,Laptop,10
WH04,Chennai,PRD00132,Grocery,20
WH04,Chennai,PRD00133,Electronics,23
WH04,Chennai,PRD00134,Fashion,23
WH04,Chennai,PRD00135,Electronics,18
WH04,Chennai,PRD00136,Beauty,7
WH04,Chennai,PRD00137,Electronics,14
WH04,Chennai,PRD00138,Beauty,28
WH04,Chennai,PRD00139,Fashion,20
WH04,Chennai,PRD00140,Home,18
WH04,Chennai,PRD00141,Electronics,12
WH04,Chennai,PRD00142,Beauty,14
WH04,Chennai,PRD00143,Grocery,27
WH04,Chennai,PRD00144,Grocery,21
WH04,Chennai,PRD00145,Electronics,24
WH04,Chennai,PRD00146,Mobile,16
WH04,Chennai,PRD00147,Grocery,21
WH04,Chennai,PRD00148,Fashion,11
WH04,Chennai,PRD00149,Accessories,22
WH04,Chennai,PRD00150,Grocery,16
WH04,Chennai,PRD00151,Fashion,16
WH04,Chennai,PRD00152,Laptop,21
WH04,Chennai,PRD00153,Grocery,28
WH04,Chennai,PRD00154,Accessories,7
WH04,Chennai,PRD00155,Home,25
WH04,Chennai,PRD00156,Laptop,13
WH04,Chennai,PRD00157,Electronics,16
WH04,Chennai,PRD00158,Fashion,6
WH04,Chennai,PRD00159,Fashion,13
WH04,Chennai,PRD00160,Mobile,18
WH04,Chennai,PRD00161,Home,7
WH04,Chennai,PRD00162,Fashion,17
WH04,Chennai,PRD00163,Beauty,28
WH04,Chennai,PRD00164,Grocery,8
WH04,Chennai,PRD00165,Electronics,24
WH04,Chennai,PRD00166,Fashion,15
WH04,Chennai,PRD00167,Beauty,21
WH04,Chennai,PRD00168,Fashion,12
WH04,Chennai,PRD00169,Fashion,9
WH04,Chennai,PRD00170,Electronics,9
WH04,Chennai,PRD00171,Mobile,7
WH04,Chennai,PRD00172,Fashion,10
WH04,Chennai,PRD00173,Beauty,21
WH04,Chennai,PRD00174,Fashion,27
WH04,Chennai,PRD00175,Laptop,25
WH04,Chennai,PRD00176,Accessories,22
WH04,Chennai,PRD00177,Accessories,8
WH04,Chennai,PRD00178,Electronics,12
WH04,Chennai,PRD00179,Accessories,13
WH04,Chennai,PRD00180,Electronics,11
WH04,Chennai,PRD00181,Accessories,18
WH04,Chennai,PRD00182,Electronics,18
WH04,Chennai,PRD00183,Beauty,14
WH04,Chennai,PRD00184,Accessories,14
WH04,Chennai,PRD00185,Home,25
WH04,Chennai,PRD00186,Grocery,24
WH04,Chennai,PRD00187,Electronics,13
WH04,Chennai,PRD00188,Mobile,27
WH04,Chennai,PRD00189,Fashion,28
WH04,Chennai,PRD00190,Beauty,13
WH04,Chennai,PRD00191,Mobile,14
WH04,Chennai,PRD00192,Accessories,18
WH04,Chennai,PRD00193,Laptop,28
WH04,Chennai,PRD00194,Fashion,27
WH04,Chennai,PRD00195,Fashion,8
WH04,Chennai,PRD00196,Fashion,15
WH04,Chennai,PRD00197,Accessories,19
WH04,Chennai,PRD00198,Laptop,18
WH04,Chennai,PRD00199,Home,10
WH04,Chennai,PRD00200,Laptop,26
WH04,Chennai,PRD00201,Laptop,22
WH04,Chennai,PRD00202,Electronics,26
WH04,Chennai,PRD00203,Home,26
WH04,Chennai,PRD00204,Mobile,23
WH04,Chennai,PRD00205,Electronics,16
WH04,Chennai,PRD00206,Laptop,20
WH04,Chennai,PRD00207,Accessories,9
WH04,Chennai,PRD00208,Beauty,22
WH04,Chennai,PRD00209,Electronics,10
WH04,Chennai,PRD00210,Home,22
WH04,Chennai,PRD00211,Electronics,11
WH04,Chennai,PRD00212,Fashion,8
WH04,Chennai,PRD00213,Fashion,9
WH04,Chennai,PRD00214,Electronics,6
WH04,Chennai,PRD00215,Beauty,23
WH04,Chennai,PRD00216,Electronics,23
WH04,Chennai,PRD00217,Home,18
WH04,Chennai,PRD00218,Beauty,9
WH04,Chennai,PRD00219,Mobile,8
WH04,Chennai,PRD00220,Mobile,6
WH04,Chennai,PRD00221,Accessories,9
WH04,Chennai,PRD00222,Mobile,27
WH04,Chennai,PRD00223,Mobile,11
WH04,Chennai,PRD00224,Home,14
WH04,Chennai,PRD00225,Home,8
WH04,Chennai,PRD00226,Beauty,11
WH04,Chennai,PRD00227,Beauty,18
WH04,Chennai,PRD00228,Grocery,20
WH04,Chennai,PRD00229,Mobile,11
WH04,Chennai,PRD00230,Grocery,7
WH04,Chennai,PRD00231,Fashion,15
WH04,Chennai,PRD00232,Laptop,11
WH04,Chennai,PRD00233,Electronics,11
WH04,Chennai,PRD00234,Beauty,29
WH04,Chennai,PRD00235,Beauty,20
WH04,Chennai,PRD00236,Beauty,19
WH04,Chennai,PRD00237,Grocery,15
WH04,Chennai,PRD00238,Beauty,16
WH04,Chennai,PRD00239,Accessories,18
WH04,Chennai,PRD00240,Fashion,22
WH04,Chennai,PRD00241,Electronics,22
WH04,Chennai,PRD00242,Laptop,10
WH04,Chennai,PRD00243,Beauty,18
WH04,Chennai,PRD00244,Electronics,15
WH04,Chennai,PRD00245,Fashion,26
WH04,Chennai,PRD00246,Laptop,21
WH04,Chennai,PRD00247,Electronics,18
WH04,Chennai,PRD00248,Mobile,8
WH04,Chennai,PRD00249,Home,20
WH04,Chennai,PRD00250,Beauty,8
WH04,Chennai,PRD00251,Beauty,14
WH04,Chennai,PRD00252,Home,9
WH04,Chennai,PRD00253,Grocery,22
WH04,Chennai,PRD00254,Electronics,10
WH04,Chennai,PRD00255,Laptop,15
WH04,Chennai,PRD00256,Grocery,27
WH04,Chennai,PRD00257,Mobile,10
WH04,Chennai,PRD00258,Mobile,18
WH04,Chennai,PRD00259,Home,16
WH04,Chennai,PRD00260,Grocery,6
WH04,Chennai,PRD00261,Mobile,25
WH04,Chennai,PRD00262,Electronics,7
WH04,Chennai,PRD00263,Accessories,17
WH04,Chennai,PRD00264,Accessories,19
WH04,Chennai,PRD00265,Beauty,21
WH04,Chennai,PRD00266,Fashion,22
WH04,Chennai,PRD00267,Home,12
WH04,Chennai,PRD00268,Fashion,6
WH04,Chennai,PRD00269,Home,23
WH04,Chennai,PRD00270,Beauty,18
WH04,Chennai,PRD00271,Home,26
WH04,Chennai,PRD00272,Beauty,25
WH04,Chennai,PRD00273,Home,26
WH04,Chennai,PRD00274,Accessories,17
WH04,Chennai,PRD00275,Beauty,14
WH04,Chennai,PRD00276,Mobile,24
WH04,Chennai,PRD00277,Home,16
WH04,Chennai,PRD00278,Accessories,10
WH04,Chennai,PRD00279,Grocery,26
WH04,Chennai,PRD00280,Beauty,27
WH04,Chennai,PRD00281,Mobile,17
WH04,Chennai,PRD00282,Beauty,7
WH04,Chennai,PRD00283,Mobile,15
WH04,Chennai,PRD00284,Beauty,25
WH04,Chennai,PRD00285,Accessories,27
WH04,Chennai,PRD00286,Home,10
WH04,Chennai,PRD00287,Accessories,7
WH04,Chennai,PRD00288,Grocery,27
WH04,Chennai,PRD00289,Home,15
WH04,Chennai,PRD00290,Laptop,19
WH04,Chennai,PRD00291,Home,29
WH04,Chennai,PRD00292,Grocery,7
WH04,Chennai,PRD00293,Laptop,21
WH04,Chennai,PRD00294,Fashion,7
WH04,Chennai,PRD00295,Fashion,15
WH04,Chennai,PRD00296,Beauty,25
WH04,Chennai,PRD00297,Beauty,16
WH04,Chennai,PRD00298,Mobile,29
WH04,Chennai,PRD00299,Mobile,19
WH04,Chennai,PRD00300,Grocery,13
WH04,Chennai,PRD00301,Grocery,11
WH04,Chennai,PRD00302,Laptop,14
WH04,Chennai,PRD00303,Accessories,14
WH04,Chennai,PRD00304,Home,7
WH04,Chennai,PRD00305,Laptop,14
WH04,Chennai,PRD00306,Accessories,17
WH04,Chennai,PRD00307,Electronics,23
WH04,Chennai,PRD00308,Laptop,21
WH04,Chennai,PRD00309,Mobile,23
WH04,Chennai,PRD00310,Grocery,6
WH04,Chennai,PRD00311,Fashion,11
WH04,Chennai,PRD00312,Accessories,21
WH04,Chennai,PRD00313,Mobile,17
WH04,Chennai,PRD00314,Laptop,6
WH04,Chennai,PRD00315,Electronics,25
WH04,Chennai,PRD00316,Grocery,24
WH04,Chennai,PRD00317,Electronics,19
WH04,Chennai,PRD00318,Laptop,7
WH04,Chennai,PRD00319,Mobile,24
WH04,Chennai,PRD00320,Laptop,20
WH04,Chennai,PRD00321,Grocery,24
WH04,Chennai,PRD00322,Grocery,24
WH04,Chennai,PRD00323,Beauty,25
WH04,Chennai,PRD00324,Laptop,18
WH04,Chennai,PRD00325,Grocery,9
WH04,Chennai,PRD00326,Home,22
WH04,Chennai,PRD00327,Fashion,20
WH04,Chennai,PRD00328,Mobile,23
WH04,Chennai,PRD00329,Beauty,10
WH04,Chennai,PRD00330,Beauty,10
WH04,Chennai,PRD00331,Mobile,27
WH04,Chennai,PRD00332,Electronics,23
WH04,Chennai,PRD00333,Mobile,27
WH04,Chennai,PRD00334,Beauty,24
WH04,Chennai,PRD00335,Accessories,20
WH04,Chennai,PRD00336,Grocery,21
WH04,Chennai,PRD00337,Accessories,27
WH04,Chennai,PRD00338,Grocery,19
WH04,Chennai,PRD00339,Fashion,21
WH04,Chennai,PRD00340,Accessories,9
WH04,Chennai,PRD00341,Laptop,17
WH04,Chennai,PRD00342,Laptop,23
WH04,Chennai,PRD00343,Mobile,12
WH04,Chennai,PRD00344,Laptop,10
WH04,Chennai,PRD00345,Electronics,13
WH04,Chennai,PRD00346,Beauty,11
WH04,Chennai,PRD00347,Accessories,11
WH04,Chennai,PRD00348,Grocery,16
WH04,Chennai,PRD00349,Beauty,27
WH04,Chennai,PRD00350,Accessories,18
WH04,Chennai,PRD00351,Laptop,10
WH04,Chennai,PRD00352,Fashion,7
WH04,Chennai,PRD00353,Mobile,22
WH04,Chennai,PRD00354,Home,15
WH04,Chennai,PRD00355,Fashion,25
WH04,Chennai,PRD00356,Accessories,21
WH04,Chennai,PRD00357,Beauty,25
WH04,Chennai,PRD00358,Electronics,12
WH04,Chennai,PRD00359,Grocery,22
WH04,Chennai,PRD00360,Fashion,12
WH04,Chennai,PRD00361,Beauty,28
WH04,Chennai,PRD00362,Grocery,21
WH04,Chennai,PRD00363,Beauty,13
WH04,Chennai,PRD00364,Laptop,12
WH04,Chennai,PRD00365,Laptop,10
WH04,Chennai,PRD00366,Electronics,22
WH04,Chennai,PRD00367,Home,11
WH04,Chennai,PRD00368,Grocery,20
WH04,Chennai,PRD00369,Fashion,12
WH04,Chennai,PRD00370,Beauty,21
WH04,Chennai,PRD00371,Mobile,25
WH04,Chennai,PRD00372,Beauty,24
WH04,Chennai,PRD00373,Fashion,24
WH04,Chennai,PRD00374,Laptop,10
WH04,Chennai,PRD00375,Mobile,8
WH04,Chennai,PRD00376,Fashion,22
WH04,Chennai,PRD00377,Fashion,14
WH04,Chennai,PRD00378,Accessories,16
WH04,Chennai,PRD00379,Accessories,6
WH04,Chennai,PRD00380,Home,12
WH04,Chennai,PRD00381,Laptop,6
WH04,Chennai,PRD00382,Fashion,27
WH04,Chennai,PRD00383,Fashion,11
WH04,Chennai,PRD00384,Mobile,19
WH04,Chennai,PRD00385,Home,6
WH04,Chennai,PRD00386,Fashion,22
WH04,Chennai,PRD00387,Laptop,13
WH04,Chennai,PRD00388,Mobile,27
WH04,Chennai,PRD00389,Home,27
WH04,Chennai,PRD00390,Laptop,13
WH04,Chennai,PRD00391,Electronics,27
WH04,Chennai,PRD00392,Electronics,29
WH04,Chennai,PRD00393,Home,25
WH04,Chennai,PRD00394,Electronics,26
WH04,Chennai,PRD00395,Accessories,11
WH04,Chennai,PRD00396,Electronics,19
WH04,Chennai,PRD00397,Beauty,7
WH04,Chennai,PRD00398,Home,8
WH04,Chennai,PRD00399,Fashion,29
WH04,Chennai,PRD00400,Grocery,13
WH04,Chennai,PRD00401,Accessories,23
WH04,Chennai,PRD00402,Laptop,25
WH04,Chennai,PRD00403,Accessories,26
WH04,Chennai,PRD00404,Fashion,29
WH04,Chennai,PRD00405,Mobile,11
WH04,Chennai,PRD00406,Mobile,6
WH04,Chennai,PRD00407,Accessories,15
WH04,Chennai,PRD00408,Grocery,9
WH04,Chennai,PRD00409,Accessories,6
WH04,Chennai,PRD00410,Fashion,14
WH04,Chennai,PRD00411,Mobile,24
WH04,Chennai,PRD00412,Laptop,19
WH04,Chennai,PRD00413,Fashion,13
WH04,Chennai,PRD00414,Mobile,21
WH04,Chennai,PRD00415,Beauty,11
WH04,Chennai,PRD00416,Mobile,6
WH04,Chennai,PRD00417,Home,24
WH04,Chennai,PRD00418,Mobile,20
WH04,Chennai,PRD00419,Beauty,24
WH04,Chennai,PRD00420,Laptop,6
WH04,Chennai,PRD00421,Beauty,26
WH04,Chennai,PRD00422,Fashion,20
WH04,Chennai,PRD00423,Accessories,19
WH04,Chennai,PRD00424,Mobile,20
WH04,Chennai,PRD00425,Beauty,26
WH04,Chennai,PRD00426,Electronics,20
WH04,Chennai,PRD00427,Grocery,19
WH04,Chennai,PRD00428,Mobile,29
WH04,Chennai,PRD00429,Beauty,24
WH04,Chennai,PRD00430,Home,16
WH04,Chennai,PRD00431,Electronics,22
WH04,Chennai,PRD00432,Electronics,15
WH04,Chennai,PRD00433,Home,11
WH04,Chennai,PRD00434,Laptop,20
WH04,Chennai,PRD00435,Grocery,28
WH04,Chennai,PRD00436,Home,28
WH04,Chennai,PRD00437,Home,14
WH04,Chennai,PRD00438,Fashion,18
WH04,Chennai,PRD00439,Accessories,11
WH04,Chennai,PRD00440,Laptop,29
WH04,Chennai,PRD00441,Accessories,29
WH04,Chennai,PRD00442,Laptop,21
WH04,Chennai,PRD00443,Accessories,25
WH04,Chennai,PRD00444,Fashion,23
WH04,Chennai,PRD00445,Laptop,20
WH04,Chennai,PRD00446,Home,7
WH04,Chennai,PRD00447,Mobile,16
WH04,Chennai,PRD00448,Home,22
WH04,Chennai,PRD00449,Electronics,22
WH04,Chennai,PRD00450,Grocery,14
WH04,Chennai,PRD00451,Mobile,28
WH04,Chennai,PRD00452,Accessories,10
WH04,Chennai,PRD00453,Home,18
WH04,Chennai,PRD00454,Laptop,22
WH04,Chennai,PRD00455,Electronics,22
WH04,Chennai,PRD00456,Grocery,21
WH04,Chennai,PRD00457,Fashion,12
WH04,Chennai,PRD00458,Grocery,9
WH04,Chennai,PRD00459,Home,21
WH04,Chennai,PRD00460,Beauty,20
WH04,Chennai,PRD00461,Accessories,10
WH04,Chennai,PRD00462,Laptop,22
WH04,Chennai,PRD00463,Fashion,16
WH04,Chennai,PRD00464,Home,22
WH04,Chennai,PRD00465,Fashion,26
WH04,Chennai,PRD00466,Accessories,10
WH04,Chennai,PRD00467,Accessories,6
WH04,Chennai,PRD00468,Grocery,24
WH04,Chennai,PRD00469,Beauty,20
WH04,Chennai,PRD00470,Accessories,22
WH04,Chennai,PRD00471,Fashion,26
WH04,Chennai,PRD00472,Mobile,25
WH04,Chennai,PRD00473,Home,29
WH04,Chennai,PRD00474,Mobile,18
WH04,Chennai,PRD00475,Fashion,17
WH04,Chennai,PRD00476,Grocery,15
WH04,Chennai,PRD00477,Accessories,9
WH04,Chennai,PRD00478,Beauty,19
WH04,Chennai,PRD00479,Home,12
WH04,Chennai,PRD00480,Grocery,28
WH04,Chennai,PRD00481,Mobile,19
WH04,Chennai,PRD00482,Laptop,20
WH04,Chennai,PRD00483,Accessories,14
WH04,Chennai,PRD00484,Beauty,7
WH04,Chennai,PRD00485,Mobile,6
WH04,Chennai,PRD00486,Beauty,16
WH04,Chennai,PRD00487,Grocery,8
WH04,Chennai,PRD00488,Laptop,20
WH04,Chennai,PRD00489,Accessories,27
WH04,Chennai,PRD00490,Accessories,27
WH04,Chennai,PRD00491,Grocery,21
WH04,Chennai,PRD00492,Home,11
WH04,Chennai,PRD00493,Electronics,26
WH04,Chennai,PRD00494,Fashion,27
WH04,Chennai,PRD00495,Fashion,10
WH04,Chennai,PRD00496,Home,23
WH04,Chennai,PRD00497,Grocery,12
WH04,Chennai,PRD00498,Electronics,25
WH04,Chennai,PRD00499,Beauty,29
WH04,Chennai,PRD00500,Fashion,6
WH04,Chennai,PRD00501,Beauty,27
WH04,Chennai,PRD00502,Grocery,20
WH04,Chennai,PRD00503,Grocery,29
WH04,Chennai,PRD00504,Accessories,17
WH04,Chennai,PRD00505,Grocery,26
WH04,Chennai,PRD00506,Grocery,7
WH04,Chennai,PRD00507,Fashion,14
WH04,Chennai,PRD00508,Electronics,7
WH04,Chennai,PRD00509,Fashion,29
WH04,Chennai,PRD00510,Accessories,25
WH04,Chennai,PRD00511,Home,26
WH04,Chennai,PRD00512,Beauty,28
WH04,Chennai,PRD00513,Electronics,8
WH04,Chennai,PRD00514,Fashion,15
WH04,Chennai,PRD00515,Accessories,7
WH04,Chennai,PRD00516,Grocery,11
WH04,Chennai,PRD00517,Home,11
WH04,Chennai,PRD00518,Laptop,17
WH04,Chennai,PRD00519,Home,12
WH04,Chennai,PRD00520,Mobile,8
WH04,Chennai,PRD00521,Beauty,10
WH04,Chennai,PRD00522,Laptop,9
WH04,Chennai,PRD00523,Electronics,29
WH04,Chennai,PRD00524,Electronics,24
WH04,Chennai,PRD00525,Grocery,29
WH04,Chennai,PRD00526,Mobile,16
WH04,Chennai,PRD00527,Beauty,12
WH04,Chennai,PRD00528,Beauty,25
WH04,Chennai,PRD00529,Mobile,13
WH04,Chennai,PRD00530,Electronics,13
WH04,Chennai,PRD00531,Home,11
WH04,Chennai,PRD00532,Beauty,9
WH04,Chennai,PRD00533,Home,12
WH04,Chennai,PRD00534,Laptop,14
WH04,Chennai,PRD00535,Grocery,22
WH04,Chennai,PRD00536,Home,7
WH04,Chennai,PRD00537,Fashion,11
WH04,Chennai,PRD00538,Laptop,25
WH04,Chennai,PRD00539,Beauty,9
WH04,Chennai,PRD00540,Beauty,14
WH04,Chennai,PRD00541,Grocery,26
WH04,Chennai,PRD00542,Home,9
WH04,Chennai,PRD00543,Home,7
WH04,Chennai,PRD00544,Electronics,17
WH04,Chennai,PRD00545,Electronics,13
WH04,Chennai,PRD00546,Electronics,19
WH04,Chennai,PRD00547,Mobile,25
WH04,Chennai,PRD00548,Grocery,9
WH04,Chennai,PRD00549,Accessories,19
WH04,Chennai,PRD00550,Electronics,18
WH04,Chennai,PRD00551,Laptop,9
WH04,Chennai,PRD00552,Fashion,20
WH04,Chennai,PRD00553,Fashion,12
WH04,Chennai,PRD00554,Electronics,17
WH04,Chennai,PRD00555,Home,7
WH04,Chennai,PRD00556,Home,17
WH04,Chennai,PRD00557,Electronics,13
WH04,Chennai,PRD00558,Fashion,25
WH04,Chennai,PRD00559,Mobile,7
WH04,Chennai,PRD00560,Grocery,16
WH04,Chennai,PRD00561,Grocery,17
WH04,Chennai,PRD00562,Laptop,23
WH04,Chennai,PRD00563,Fashion,19
WH04,Chennai,PRD00564,Mobile,22
WH04,Chennai,PRD00565,Mobile,24
WH04,Chennai,PRD00566,Mobile,26
WH04,Chennai,PRD00567,Grocery,13
WH04,Chennai,PRD00568,Electronics,18
WH04,Chennai,PRD00569,Electronics,26
WH04,Chennai,PRD00570,Laptop,29
WH04,Chennai,PRD00571,Mobile,27
WH04,Chennai,PRD00572,Grocery,14
WH04,Chennai,PRD00573,Home,10
WH04,Chennai,PRD00574,Fashion,17
WH04,Chennai,PRD00575,Beauty,23
WH04,Chennai,PRD00576,Grocery,17
WH04,Chennai,PRD00577,Electronics,17
WH04,Chennai,PRD00578,Fashion,26
WH04,Chennai,PRD00579,Fashion,14
WH04,Chennai,PRD00580,Accessories,26
WH04,Chennai,PRD00581,Home,15
WH04,Chennai,PRD00582,Mobile,13
WH04,Chennai,PRD00583,Fashion,16
WH04,Chennai,PRD00584,Accessories,24
WH04,Chennai,PRD00585,Grocery,9
WH04,Chennai,PRD00586,Fashion,10
WH04,Chennai,PRD00587,Grocery,28
WH04,Chennai,PRD00588,Mobile,10
WH04,Chennai,PRD00589,Home,19
WH04,Chennai,PRD00590,Grocery,19
WH04,Chennai,PRD00591,Fashion,17
WH04,Chennai,PRD00592,Accessories,21
WH04,Chennai,PRD00593,Fashion,11
WH04,Chennai,PRD00594,Home,19
WH04,Chennai,PRD00595,Grocery,14
WH04,Chennai,PRD00596,Electronics,21
WH04,Chennai,PRD00597,Accessories,9
WH04,Chennai,PRD00598,Grocery,19
WH04,Chennai,PRD00599,Beauty,10
WH04,Chennai,PRD00600,Mobile,12
WH04,Chennai,PRD00601,Accessories,11
WH04,Chennai,PRD00602,Home,10
WH04,Chennai,PRD00603,Electronics,25
WH04,Chennai,PRD00604,Grocery,12
WH04,Chennai,PRD00605,Home,28
WH04,Chennai,PRD00606,Accessories,29
WH04,Chennai,PRD00607,Beauty,19
WH04,Chennai,PRD00608,Accessories,9
WH04,Chennai,PRD00609,Mobile,14
WH04,Chennai,PRD00610,Fashion,25
WH04,Chennai,PRD00611,Beauty,14
WH04,Chennai,PRD00612,Laptop,8
WH04,Chennai,PRD00613,Mobile,19
WH04,Chennai,PRD00614,Mobile,26
WH04,Chennai,PRD00615,Laptop,25
WH04,Chennai,PRD00616,Home,10
WH04,Chennai,PRD00617,Accessories,22
WH04,Chennai,PRD00618,Home,11
WH04,Chennai,PRD00619,Mobile,11
WH04,Chennai,PRD00620,Laptop,26
WH04,Chennai,PRD00621,Grocery,11
WH04,Chennai,PRD00622,Accessories,12
WH04,Chennai,PRD00623,Home,6
WH04,Chennai,PRD00624,Electronics,26
WH04,Chennai,PRD00625,Accessories,25
WH04,Chennai,PRD00626,Fashion,21
WH04,Chennai,PRD00627,Grocery,24
WH04,Chennai,PRD00628,Fashion,9
WH04,Chennai,PRD00629,Beauty,16
WH04,Chennai,PRD00630,Laptop,14
WH04,Chennai,PRD00631,Electronics,8
WH04,Chennai,PRD00632,Beauty,17
WH04,Chennai,PRD00633,Grocery,28
WH04,Chennai,PRD00634,Electronics,6
WH04,Chennai,PRD00635,Fashion,12
WH04,Chennai,PRD00636,Home,10
WH04,Chennai,PRD00637,Accessories,11
WH04,Chennai,PRD00638,Accessories,27
WH04,Chennai,PRD00639,Beauty,17
WH04,Chennai,PRD00640,Home,17
WH04,Chennai,PRD00641,Beauty,24
WH04,Chennai,PRD00642,Accessories,9
WH04,Chennai,PRD00643,Accessories,17
WH04,Chennai,PRD00644,Mobile,16
WH04,Chennai,PRD00645,Mobile,20
WH04,Chennai,PRD00646,Grocery,29
WH04,Chennai,PRD00647,Mobile,24
WH04,Chennai,PRD00648,Grocery,15
WH04,Chennai,PRD00649,Laptop,25
WH04,Chennai,PRD00650,Electronics,10
WH04,Chennai,PRD00651,Laptop,6
WH04,Chennai,PRD00652,Mobile,10
WH04,Chennai,PRD00653,Laptop,14
WH04,Chennai,PRD00654,Home,18
WH04,Chennai,PRD00655,Accessories,20
WH04,Chennai,PRD00656,Mobile,27
WH04,Chennai,PRD00657,Electronics,18
WH04,Chennai,PRD00658,Grocery,18
WH04,Chennai,PRD00659,Accessories,7
WH04,Chennai,PRD00660,Laptop,6
WH04,Chennai,PRD00661,Accessories,19
WH04,Chennai,PRD00662,Laptop,16
WH04,Chennai,PRD00663,Grocery,26
WH04,Chennai,PRD00664,Grocery,9
WH04,Chennai,PRD00665,Electronics,6
WH04,Chennai,PRD00666,Fashion,16
WH04,Chennai,PRD00667,Mobile,11
WH04,Chennai,PRD00668,Grocery,7
WH04,Chennai,PRD00669,Fashion,23
WH04,Chennai,PRD00670,Fashion,8
WH04,Chennai,PRD00671,Beauty,20
WH04,Chennai,PRD00672,Beauty,12
WH04,Chennai,PRD00673,Laptop,10
WH04,Chennai,PRD00674,Laptop,15
WH04,Chennai,PRD00675,Fashion,25
WH04,Chennai,PRD00676,Home,15
WH04,Chennai,PRD00677,Beauty,24
WH04,Chennai,PRD00678,Fashion,9
WH04,Chennai,PRD00679,Accessories,24
WH04,Chennai,PRD00680,Accessories,11
WH04,Chennai,PRD00681,Home,22
WH04,Chennai,PRD00682,Beauty,19
WH04,Chennai,PRD00683,Laptop,28
WH04,Chennai,PRD00684,Laptop,15
WH04,Chennai,PRD00685,Accessories,7
WH04,Chennai,PRD00686,Electronics,6
WH04,Chennai,PRD00687,Beauty,25
WH04,Chennai,PRD00688,Grocery,18
WH04,Chennai,PRD00689,Laptop,24
WH04,Chennai,PRD00690,Laptop,11
WH04,Chennai,PRD00691,Accessories,14
WH04,Chennai,PRD00692,Mobile,6
WH04,Chennai,PRD00693,Electronics,29
WH04,Chennai,PRD00694,Fashion,22
WH04,Chennai,PRD00695,Home,28
WH04,Chennai,PRD00696,Home,12
WH04,Chennai,PRD00697,Mobile,20
WH04,Chennai,PRD00698,Accessories,22
WH04,Chennai,PRD00699,Beauty,13
WH04,Chennai,PRD00700,Mobile,26
WH04,Chennai,PRD00701,Electronics,28
WH04,Chennai,PRD00702,Accessories,27
WH04,Chennai,PRD00703,Laptop,23
WH04,Chennai,PRD00704,Mobile,12
WH04,Chennai,PRD00705,Beauty,12
WH04,Chennai,PRD00706,Home,29
WH04,Chennai,PRD00707,Beauty,6
WH04,Chennai,PRD00708,Electronics,23
WH04,Chennai,PRD00709,Home,22
WH04,Chennai,PRD00710,Fashion,20
WH04,Chennai,PRD00711,Fashion,29
WH04,Chennai,PRD00712,Grocery,13
WH04,Chennai,PRD00713,Fashion,14
WH04,Chennai,PRD00714,Beauty,7
WH04,Chennai,PRD00715,Grocery,16
WH04,Chennai,PRD00716,Fashion,12
WH04,Chennai,PRD00717,Home,14
WH04,Chennai,PRD00718,Mobile,26
WH04,Chennai,PRD00719,Laptop,28
WH04,Chennai,PRD00720,Mobile,10
WH04,Chennai,PRD00721,Home,14
WH04,Chennai,PRD00722,Fashion,28
WH04,Chennai,PRD00723,Laptop,7
WH04,Chennai,PRD00724,Fashion,8
WH04,Chennai,PRD00725,Mobile,9
WH04,Chennai,PRD00726,Laptop,20
WH04,Chennai,PRD00727,Grocery,9
WH04,Chennai,PRD00728,Beauty,29
WH04,Chennai,PRD00729,Fashion,16
WH04,Chennai,PRD00730,Accessories,18
WH04,Chennai,PRD00731,Home,11
WH04,Chennai,PRD00732,Laptop,17
WH04,Chennai,PRD00733,Electronics,21
WH04,Chennai,PRD00734,Home,24
WH04,Chennai,PRD00735,Home,24
WH04,Chennai,PRD00736,Mobile,19
WH04,Chennai,PRD00737,Laptop,27
WH04,Chennai,PRD00738,Laptop,25
WH04,Chennai,PRD00739,Laptop,24
WH04,Chennai,PRD00740,Accessories,7
WH04,Chennai,PRD00741,Electronics,6
WH04,Chennai,PRD00742,Beauty,11
WH04,Chennai,PRD00743,Mobile,21
WH04,Chennai,PRD00744,Electronics,15
WH04,Chennai,PRD00745,Laptop,15
WH04,Chennai,PRD00746,Accessories,27
WH04,Chennai,PRD00747,Grocery,27
WH04,Chennai,PRD00748,Accessories,27
WH04,Chennai,PRD00749,Beauty,13
WH04,Chennai,PRD00750,Fashion,22
WH04,Chennai,PRD00751,Mobile,12
WH04,Chennai,PRD00752,Home,10
WH04,Chennai,PRD00753,Grocery,10
WH04,Chennai,PRD00754,Grocery,14
WH04,Chennai,PRD00755,Grocery,16
WH04,Chennai,PRD00756,Accessories,25
WH04,Chennai,PRD00757,Beauty,8
WH04,Chennai,PRD00758,Fashion,23
WH04,Chennai,PRD00759,Beauty,18
WH04,Chennai,PRD00760,Mobile,12
WH04,Chennai,PRD00761,Home,17
WH04,Chennai,PRD00762,Laptop,13
WH04,Chennai,PRD00763,Fashion,20
WH04,Chennai,PRD00764,Laptop,16
WH04,Chennai,PRD00765,Grocery,9
WH04,Chennai,PRD00766,Accessories,8
WH04,Chennai,PRD00767,Accessories,19
WH04,Chennai,PRD00768,Fashion,27
WH04,Chennai,PRD00769,Mobile,14
WH04,Chennai,PRD00770,Grocery,23
WH04,Chennai,PRD00771,Beauty,21
WH04,Chennai,PRD00772,Laptop,28
WH04,Chennai,PRD00773,Electronics,25
WH04,Chennai,PRD00774,Beauty,19
WH04,Chennai,PRD00775,Accessories,21
WH04,Chennai,PRD00776,Beauty,27
WH04,Chennai,PRD00777,Grocery,15
WH04,Chennai,PRD00778,Home,13
WH04,Chennai,PRD00779,Home,6
WH04,Chennai,PRD00780,Grocery,25
WH04,Chennai,PRD00781,Beauty,25
WH04,Chennai,PRD00782,Laptop,8
WH04,Chennai,PRD00783,Electronics,19
WH04,Chennai,PRD00784,Home,17
WH04,Chennai,PRD00785,Accessories,8
WH04,Chennai,PRD00786,Beauty,29
WH04,Chennai,PRD00787,Home,11
WH04,Chennai,PRD00788,Electronics,7
WH04,Chennai,PRD00789,Fashion,20
WH04,Chennai,PRD00790,Beauty,23
WH04,Chennai,PRD00791,Mobile,6
WH04,Chennai,PRD00792,Beauty,21
WH04,Chennai,PRD00793,Fashion,18
WH04,Chennai,PRD00794,Electronics,8
WH04,Chennai,PRD00795,Fashion,10
WH04,Chennai,PRD00796,Electronics,19
WH04,Chennai,PRD00797,Fashion,13
WH04,Chennai,PRD00798,Accessories,28
WH04,Chennai,PRD00799,Grocery,25
WH04,Chennai,PRD00800,Electronics,29
WH04,Chennai,PRD00801,Fashion,12
WH04,Chennai,PRD00802,Fashion,29
WH04,Chennai,PRD00803,Electronics,16
WH04,Chennai,PRD00804,Electronics,14
WH04,Chennai,PRD00805,Accessories,7
WH04,Chennai,PRD00806,Accessories,7
WH04,Chennai,PRD00807,Accessories,22
WH04,Chennai,PRD00808,Laptop,16
WH04,Chennai,PRD00809,Accessories,11
WH04,Chennai,PRD00810,Mobile,20
WH04,Chennai,PRD00811,Electronics,12
WH04,Chennai,PRD00812,Beauty,19
WH04,Chennai,PRD00813,Electronics,14
WH04,Chennai,PRD00814,Laptop,25
WH04,Chennai,PRD00815,Laptop,25
WH04,Chennai,PRD00816,Laptop,17
WH04,Chennai,PRD00817,Mobile,14
WH04,Chennai,PRD00818,Grocery,14
WH04,Chennai,PRD00819,Mobile,25
WH04,Chennai,PRD00820,Electronics,13
WH04,Chennai,PRD00821,Accessories,11
WH04,Chennai,PRD00822,Electronics,8
WH04,Chennai,PRD00823,Beauty,17
WH04,Chennai,PRD00824,Mobile,17
WH04,Chennai,PRD00825,Fashion,26
WH04,Chennai,PRD00826,Home,11
WH04,Chennai,PRD00827,Electronics,15
WH04,Chennai,PRD00828,Beauty,25
WH04,Chennai,PRD00829,Beauty,25
WH04,Chennai,PRD00830,Laptop,15
WH04,Chennai,PRD00831,Beauty,17
WH04,Chennai,PRD00832,Electronics,13
WH04,Chennai,PRD00833,Grocery,28
WH04,Chennai,PRD00834,Grocery,8
WH04,Chennai,PRD00835,Electronics,28
WH04,Chennai,PRD00836,Mobile,22
WH04,Chennai,PRD00837,Home,18
WH04,Chennai,PRD00838,Laptop,6
WH04,Chennai,PRD00839,Fashion,17
WH04,Chennai,PRD00840,Mobile,15
WH04,Chennai,PRD00841,Laptop,9
WH04,Chennai,PRD00842,Accessories,21
WH04,Chennai,PRD00843,Electronics,29
WH04,Chennai,PRD00844,Fashion,19
WH04,Chennai,PRD00845,Home,23
WH04,Chennai,PRD00846,Grocery,7
WH04,Chennai,PRD00847,Laptop,16
WH04,Chennai,PRD00848,Electronics,8
WH04,Chennai,PRD00849,Fashion,20
WH04,Chennai,PRD00850,Fashion,28
WH04,Chennai,PRD00851,Beauty,21
WH04,Chennai,PRD00852,Mobile,7
WH04,Chennai,PRD00853,Beauty,14
WH04,Chennai,PRD00854,Accessories,19
WH04,Chennai,PRD00855,Mobile,15
WH04,Chennai,PRD00856,Accessories,26
WH04,Chennai,PRD00857,Mobile,25
WH04,Chennai,PRD00858,Mobile,20
WH04,Chennai,PRD00859,Mobile,14
WH04,Chennai,PRD00860,Laptop,12
WH04,Chennai,PRD00861,Mobile,8
WH04,Chennai,PRD00862,Laptop,14
WH04,Chennai,PRD00863,Beauty,15
WH04,Chennai,PRD00864,Electronics,22
WH04,Chennai,PRD00865,Laptop,21
WH04,Chennai,PRD00866,Electronics,7
WH04,Chennai,PRD00867,Home,15
WH04,Chennai,PRD00868,Beauty,10
WH04,Chennai,PRD00869,Accessories,9
WH04,Chennai,PRD00870,Mobile,25
WH04,Chennai,PRD00871,Home,7
WH04,Chennai,PRD00872,Fashion,16
WH04,Chennai,PRD00873,Home,10
WH04,Chennai,PRD00874,Laptop,27
WH04,Chennai,PRD00875,Fashion,19
WH04,Chennai,PRD00876,Electronics,11
WH04,Chennai,PRD00877,Grocery,18
WH04,Chennai,PRD00878,Fashion,23
WH04,Chennai,PRD00879,Laptop,28
WH04,Chennai,PRD00880,Fashion,11
WH04,Chennai,PRD00881,Laptop,27
WH04,Chennai,PRD00882,Beauty,28
WH04,Chennai,PRD00883,Grocery,27
WH04,Chennai,PRD00884,Home,21
WH04,Chennai,PRD00885,Home,21
WH04,Chennai,PRD00886,Fashion,15
WH04,Chennai,PRD00887,Home,24
WH04,Chennai,PRD00888,Laptop,18
WH04,Chennai,PRD00889,Fashion,22
WH04,Chennai,PRD00890,Fashion,16
WH04,Chennai,PRD00891,Accessories,23
WH04,Chennai,PRD00892,Fashion,25
WH04,Chennai,PRD00893,Mobile,9
WH04,Chennai,PRD00894,Accessories,25
WH04,Chennai,PRD00895,Beauty,18
WH04,Chennai,PRD00896,Beauty,26
WH04,Chennai,PRD00897,Beauty,16
WH04,Chennai,PRD00898,Accessories,15
WH04,Chennai,PRD00899,Laptop,27
WH04,Chennai,PRD00900,Electronics,12
WH04,Chennai,PRD00901,Grocery,26
WH04,Chennai,PRD00902,Laptop,17
WH04,Chennai,PRD00903,Home,18
WH04,Chennai,PRD00904,Grocery,13
WH04,Chennai,PRD00905,Beauty,19
WH04,Chennai,PRD00906,Fashion,13
WH04,Chennai,PRD00907,Home,6
WH04,Chennai,PRD00908,Beauty,12
WH04,Chennai,PRD00909,Fashion,6
WH04,Chennai,PRD00910,Mobile,29
WH04,Chennai,PRD00911,Home,29
WH04,Chennai,PRD00912,Fashion,15
WH04,Chennai,PRD00913,Home,23
WH04,Chennai,PRD00914,Accessories,14
WH04,Chennai,PRD00915,Fashion,22
WH04,Chennai,PRD00916,Electronics,25
WH04,Chennai,PRD00917,Mobile,28
WH04,Chennai,PRD00918,Laptop,15
WH04,Chennai,PRD00919,Accessories,24
WH04,Chennai,PRD00920,Laptop,12
WH04,Chennai,PRD00921,Accessories,29
WH04,Chennai,PRD00922,Beauty,6
WH04,Chennai,PRD00923,Beauty,20
WH04,Chennai,PRD00924,Grocery,21
WH04,Chennai,PRD00925,Electronics,22
WH04,Chennai,PRD00926,Beauty,8
WH04,Chennai,PRD00927,Mobile,28
WH04,Chennai,PRD00928,Beauty,10
WH04,Chennai,PRD00929,Electronics,20
WH04,Chennai,PRD00930,Laptop,11
WH04,Chennai,PRD00931,Grocery,13
WH04,Chennai,PRD00932,Accessories,19
WH04,Chennai,PRD00933,Beauty,16
WH04,Chennai,PRD00934,Beauty,9
WH04,Chennai,PRD00935,Mobile,10
WH04,Chennai,PRD00936,Laptop,16
WH04,Chennai,PRD00937,Beauty,24
WH04,Chennai,PRD00938,Fashion,27
WH04,Chennai,PRD00939,Laptop,8
WH04,Chennai,PRD00940,Accessories,15
WH04,Chennai,PRD00941,Laptop,8
WH04,Chennai,PRD00942,Electronics,6
WH04,Chennai,PRD00943,Accessories,21
WH04,Chennai,PRD00944,Accessories,20
WH04,Chennai,PRD00945,Grocery,9
WH04,Chennai,PRD00946,Grocery,11
WH04,Chennai,PRD00947,Accessories,6
WH04,Chennai,PRD00948,Home,26
WH04,Chennai,PRD00949,Fashion,29
WH04,Chennai,PRD00950,Beauty,9
WH04,Chennai,PRD00951,Beauty,11
WH04,Chennai,PRD00952,Accessories,26
WH04,Chennai,PRD00953,Grocery,28
WH04,Chennai,PRD00954,Fashion,16
WH04,Chennai,PRD00955,Electronics,7
WH04,Chennai,PRD00956,Home,6
WH04,Chennai,PRD00957,Mobile,19
WH04,Chennai,PRD00958,Grocery,15
WH04,Chennai,PRD00959,Grocery,6
WH04,Chennai,PRD00960,Fashion,19
WH04,Chennai,PRD00961,Grocery,6
WH04,Chennai,PRD00962,Electronics,24
WH04,Chennai,PRD00963,Laptop,13
WH04,Chennai,PRD00964,Laptop,6
WH04,Chennai,PRD00965,Fashion,20
WH04,Chennai,PRD00966,Home,15
WH04,Chennai,PRD00967,Laptop,29
WH04,Chennai,PRD00968,Laptop,19
WH04,Chennai,PRD00969,Beauty,12
WH04,Chennai,PRD00970,Electronics,23
WH04,Chennai,PRD00971,Mobile,12
WH04,Chennai,PRD00972,Fashion,27
WH04,Chennai,PRD00973,Laptop,14
WH04,Chennai,PRD00974,Beauty,19
WH04,Chennai,PRD00975,Accessories,7
WH04,Chennai,PRD00976,Grocery,16
WH04,Chennai,PRD00977,Laptop,25
WH04,Chennai,PRD00978,Accessories,25
WH04,Chennai,PRD00979,Electronics,11
WH04,Chennai,PRD00980,Laptop,11
WH04,Chennai,PRD00981,Home,25
WH04,Chennai,PRD00982,Laptop,28
WH04,Chennai,PRD00983,Fashion,8
WH04,Chennai,PRD00984,Fashion,16
WH04,Chennai,PRD00985,Mobile,14
WH04,Chennai,PRD00986,Laptop,26
WH04,Chennai,PRD00987,Home,8
WH04,Chennai,PRD00988,Home,11
WH04,Chennai,PRD00989,Grocery,24
WH04,Chennai,PRD00990,Mobile,7
WH04,Chennai,PRD00991,Home,17
WH04,Chennai,PRD00992,Laptop,16
WH04,Chennai,PRD00993,Beauty,14
WH04,Chennai,PRD00994,Electronics,15
WH04,Chennai,PRD00995,Accessories,18
WH04,Chennai,PRD00996,Laptop,9
WH04,Chennai,PRD00997,Beauty,19
WH04,Chennai,PRD00998,Mobile,25
WH04,Chennai,PRD00999,Accessories,24
WH04,Chennai,PRD01000,Grocery,9
WH05,Hyderabad,PRD00001,Home,8
WH05,Hyderabad,PRD00002,Beauty,9
WH05,Hyderabad,PRD00003,Electronics,10
WH05,Hyderabad,PRD00004,Laptop,14
WH05,Hyderabad,PRD00005,Home,4
WH05,Hyderabad,PRD00006,Beauty,4
WH05,Hyderabad,PRD00007,Electronics,10
WH05,Hyderabad,PRD00008,Home,15
WH05,Hyderabad,PRD00009,Accessories,7
WH05,Hyderabad,PRD00010,Mobile,14
WH05,Hyderabad,PRD00011,Electronics,8
WH05,Hyderabad,PRD00012,Beauty,18
WH05,Hyderabad,PRD00013,Mobile,18
WH05,Hyderabad,PRD00014,Grocery,8
WH05,Hyderabad,PRD00015,Mobile,7
WH05,Hyderabad,PRD00016,Accessories,10
WH05,Hyderabad,PRD00017,Laptop,7
WH05,Hyderabad,PRD00018,Fashion,14
WH05,Hyderabad,PRD00019,Electronics,17
WH05,Hyderabad,PRD00020,Mobile,14
WH05,Hyderabad,PRD00021,Electronics,17
WH05,Hyderabad,PRD00022,Accessories,10
WH05,Hyderabad,PRD00023,Home,6
WH05,Hyderabad,PRD00024,Beauty,15
WH05,Hyderabad,PRD00025,Grocery,9
WH05,Hyderabad,PRD00026,Accessories,14
WH05,Hyderabad,PRD00027,Fashion,8
WH05,Hyderabad,PRD00028,Home,5
WH05,Hyderabad,PRD00029,Electronics,19
WH05,Hyderabad,PRD00030,Electronics,6
WH05,Hyderabad,PRD00031,Electronics,19
WH05,Hyderabad,PRD00032,Home,19
WH05,Hyderabad,PRD00033,Grocery,16
WH05,Hyderabad,PRD00034,Electronics,14
WH05,Hyderabad,PRD00035,Accessories,13
WH05,Hyderabad,PRD00036,Electronics,17
WH05,Hyderabad,PRD00037,Grocery,8
WH05,Hyderabad,PRD00038,Grocery,11
WH05,Hyderabad,PRD00039,Laptop,13
WH05,Hyderabad,PRD00040,Grocery,10
WH05,Hyderabad,PRD00041,Grocery,10
WH05,Hyderabad,PRD00042,Laptop,9
WH05,Hyderabad,PRD00043,Mobile,13
WH05,Hyderabad,PRD00044,Accessories,17
WH05,Hyderabad,PRD00045,Mobile,7
WH05,Hyderabad,PRD00046,Beauty,18
WH05,Hyderabad,PRD00047,Beauty,15
WH05,Hyderabad,PRD00048,Home,17
WH05,Hyderabad,PRD00049,Beauty,12
WH05,Hyderabad,PRD00050,Grocery,16
WH05,Hyderabad,PRD00051,Electronics,4
WH05,Hyderabad,PRD00052,Home,17
WH05,Hyderabad,PRD00053,Home,4
WH05,Hyderabad,PRD00054,Mobile,18
WH05,Hyderabad,PRD00055,Electronics,19
WH05,Hyderabad,PRD00056,Home,8
WH05,Hyderabad,PRD00057,Grocery,7
WH05,Hyderabad,PRD00058,Electronics,16
WH05,Hyderabad,PRD00059,Electronics,8
WH05,Hyderabad,PRD00060,Home,17
WH05,Hyderabad,PRD00061,Electronics,5
WH05,Hyderabad,PRD00062,Mobile,6
WH05,Hyderabad,PRD00063,Electronics,19
WH05,Hyderabad,PRD00064,Laptop,14
WH05,Hyderabad,PRD00065,Accessories,17
WH05,Hyderabad,PRD00066,Laptop,9
WH05,Hyderabad,PRD00067,Fashion,14
WH05,Hyderabad,PRD00068,Electronics,13
WH05,Hyderabad,PRD00069,Beauty,13
WH05,Hyderabad,PRD00070,Beauty,14
WH05,Hyderabad,PRD00071,Home,13
WH05,Hyderabad,PRD00072,Fashion,10
WH05,Hyderabad,PRD00073,Laptop,8
WH05,Hyderabad,PRD00074,Grocery,16
WH05,Hyderabad,PRD00075,Accessories,7
WH05,Hyderabad,PRD00076,Mobile,15
WH05,Hyderabad,PRD00077,Mobile,7
WH05,Hyderabad,PRD00078,Mobile,14
WH05,Hyderabad,PRD00079,Fashion,15
WH05,Hyderabad,PRD00080,Home,7
WH05,Hyderabad,PRD00081,Accessories,4
WH05,Hyderabad,PRD00082,Beauty,6
WH05,Hyderabad,PRD00083,Home,13
WH05,Hyderabad,PRD00084,Accessories,17
WH05,Hyderabad,PRD00085,Fashion,4
WH05,Hyderabad,PRD00086,Beauty,15
WH05,Hyderabad,PRD00087,Fashion,9
WH05,Hyderabad,PRD00088,Home,11
WH05,Hyderabad,PRD00089,Fashion,18
WH05,Hyderabad,PRD00090,Beauty,9
WH05,Hyderabad,PRD00091,Mobile,11
WH05,Hyderabad,PRD00092,Electronics,4
WH05,Hyderabad,PRD00093,Beauty,5
WH05,Hyderabad,PRD00094,Grocery,8
WH05,Hyderabad,PRD00095,Accessories,4
WH05,Hyderabad,PRD00096,Fashion,14
WH05,Hyderabad,PRD00097,Mobile,10
WH05,Hyderabad,PRD00098,Home,12
WH05,Hyderabad,PRD00099,Laptop,6
WH05,Hyderabad,PRD00100,Home,8
WH05,Hyderabad,PRD00101,Fashion,14
WH05,Hyderabad,PRD00102,Home,19
WH05,Hyderabad,PRD00103,Mobile,4
WH05,Hyderabad,PRD00104,Beauty,18
WH05,Hyderabad,PRD00105,Laptop,13
WH05,Hyderabad,PRD00106,Electronics,13
WH05,Hyderabad,PRD00107,Home,12
WH05,Hyderabad,PRD00108,Accessories,5
WH05,Hyderabad,PRD00109,Accessories,5
WH05,Hyderabad,PRD00110,Mobile,13
WH05,Hyderabad,PRD00111,Electronics,9
WH05,Hyderabad,PRD00112,Accessories,18
WH05,Hyderabad,PRD00113,Electronics,10
WH05,Hyderabad,PRD00114,Fashion,6
WH05,Hyderabad,PRD00115,Fashion,15
WH05,Hyderabad,PRD00116,Grocery,8
WH05,Hyderabad,PRD00117,Fashion,12
WH05,Hyderabad,PRD00118,Mobile,15
WH05,Hyderabad,PRD00119,Electronics,18
WH05,Hyderabad,PRD00120,Fashion,16
WH05,Hyderabad,PRD00121,Grocery,14
WH05,Hyderabad,PRD00122,Accessories,14
WH05,Hyderabad,PRD00123,Electronics,19
WH05,Hyderabad,PRD00124,Grocery,8
WH05,Hyderabad,PRD00125,Grocery,4
WH05,Hyderabad,PRD00126,Accessories,8
WH05,Hyderabad,PRD00127,Electronics,7
WH05,Hyderabad,PRD00128,Home,14
WH05,Hyderabad,PRD00129,Home,14
WH05,Hyderabad,PRD00130,Grocery,13
WH05,Hyderabad,PRD00131,Laptop,4
WH05,Hyderabad,PRD00132,Grocery,15
WH05,Hyderabad,PRD00133,Electronics,9
WH05,Hyderabad,PRD00134,Fashion,14
WH05,Hyderabad,PRD00135,Electronics,12
WH05,Hyderabad,PRD00136,Beauty,9
WH05,Hyderabad,PRD00137,Electronics,6
WH05,Hyderabad,PRD00138,Beauty,5
WH05,Hyderabad,PRD00139,Fashion,17
WH05,Hyderabad,PRD00140,Home,18
WH05,Hyderabad,PRD00141,Electronics,14
WH05,Hyderabad,PRD00142,Beauty,5
WH05,Hyderabad,PRD00143,Grocery,10
WH05,Hyderabad,PRD00144,Grocery,15
WH05,Hyderabad,PRD00145,Electronics,16
WH05,Hyderabad,PRD00146,Mobile,5
WH05,Hyderabad,PRD00147,Grocery,4
WH05,Hyderabad,PRD00148,Fashion,15
WH05,Hyderabad,PRD00149,Accessories,9
WH05,Hyderabad,PRD00150,Grocery,8
WH05,Hyderabad,PRD00151,Fashion,4
WH05,Hyderabad,PRD00152,Laptop,12
WH05,Hyderabad,PRD00153,Grocery,17
WH05,Hyderabad,PRD00154,Accessories,19
WH05,Hyderabad,PRD00155,Home,13
WH05,Hyderabad,PRD00156,Laptop,12
WH05,Hyderabad,PRD00157,Electronics,5
WH05,Hyderabad,PRD00158,Fashion,12
WH05,Hyderabad,PRD00159,Fashion,10
WH05,Hyderabad,PRD00160,Mobile,13
WH05,Hyderabad,PRD00161,Home,10
WH05,Hyderabad,PRD00162,Fashion,7
WH05,Hyderabad,PRD00163,Beauty,5
WH05,Hyderabad,PRD00164,Grocery,9
WH05,Hyderabad,PRD00165,Electronics,5
WH05,Hyderabad,PRD00166,Fashion,6
WH05,Hyderabad,PRD00167,Beauty,19
WH05,Hyderabad,PRD00168,Fashion,11
WH05,Hyderabad,PRD00169,Fashion,12
WH05,Hyderabad,PRD00170,Electronics,17
WH05,Hyderabad,PRD00171,Mobile,19
WH05,Hyderabad,PRD00172,Fashion,13
WH05,Hyderabad,PRD00173,Beauty,16
WH05,Hyderabad,PRD00174,Fashion,9
WH05,Hyderabad,PRD00175,Laptop,8
WH05,Hyderabad,PRD00176,Accessories,10
WH05,Hyderabad,PRD00177,Accessories,14
WH05,Hyderabad,PRD00178,Electronics,14
WH05,Hyderabad,PRD00179,Accessories,9
WH05,Hyderabad,PRD00180,Electronics,6
WH05,Hyderabad,PRD00181,Accessories,14
WH05,Hyderabad,PRD00182,Electronics,6
WH05,Hyderabad,PRD00183,Beauty,13
WH05,Hyderabad,PRD00184,Accessories,15
WH05,Hyderabad,PRD00185,Home,15
WH05,Hyderabad,PRD00186,Grocery,16
WH05,Hyderabad,PRD00187,Electronics,17
WH05,Hyderabad,PRD00188,Mobile,11
WH05,Hyderabad,PRD00189,Fashion,15
WH05,Hyderabad,PRD00190,Beauty,13
WH05,Hyderabad,PRD00191,Mobile,6
WH05,Hyderabad,PRD00192,Accessories,4
WH05,Hyderabad,PRD00193,Laptop,8
WH05,Hyderabad,PRD00194,Fashion,11
WH05,Hyderabad,PRD00195,Fashion,13
WH05,Hyderabad,PRD00196,Fashion,17
WH05,Hyderabad,PRD00197,Accessories,7
WH05,Hyderabad,PRD00198,Laptop,6
WH05,Hyderabad,PRD00199,Home,19
WH05,Hyderabad,PRD00200,Laptop,5
WH05,Hyderabad,PRD00201,Laptop,11
WH05,Hyderabad,PRD00202,Electronics,13
WH05,Hyderabad,PRD00203,Home,12
WH05,Hyderabad,PRD00204,Mobile,5
WH05,Hyderabad,PRD00205,Electronics,4
WH05,Hyderabad,PRD00206,Laptop,5
WH05,Hyderabad,PRD00207,Accessories,13
WH05,Hyderabad,PRD00208,Beauty,12
WH05,Hyderabad,PRD00209,Electronics,7
WH05,Hyderabad,PRD00210,Home,14
WH05,Hyderabad,PRD00211,Electronics,17
WH05,Hyderabad,PRD00212,Fashion,4
WH05,Hyderabad,PRD00213,Fashion,11
WH05,Hyderabad,PRD00214,Electronics,15
WH05,Hyderabad,PRD00215,Beauty,8
WH05,Hyderabad,PRD00216,Electronics,8
WH05,Hyderabad,PRD00217,Home,13
WH05,Hyderabad,PRD00218,Beauty,18
WH05,Hyderabad,PRD00219,Mobile,16
WH05,Hyderabad,PRD00220,Mobile,13
WH05,Hyderabad,PRD00221,Accessories,15
WH05,Hyderabad,PRD00222,Mobile,9
WH05,Hyderabad,PRD00223,Mobile,14
WH05,Hyderabad,PRD00224,Home,11
WH05,Hyderabad,PRD00225,Home,7
WH05,Hyderabad,PRD00226,Beauty,15
WH05,Hyderabad,PRD00227,Beauty,12
WH05,Hyderabad,PRD00228,Grocery,9
WH05,Hyderabad,PRD00229,Mobile,18
WH05,Hyderabad,PRD00230,Grocery,4
WH05,Hyderabad,PRD00231,Fashion,9
WH05,Hyderabad,PRD00232,Laptop,4
WH05,Hyderabad,PRD00233,Electronics,16
WH05,Hyderabad,PRD00234,Beauty,15
WH05,Hyderabad,PRD00235,Beauty,9
WH05,Hyderabad,PRD00236,Beauty,14
WH05,Hyderabad,PRD00237,Grocery,10
WH05,Hyderabad,PRD00238,Beauty,16
WH05,Hyderabad,PRD00239,Accessories,11
WH05,Hyderabad,PRD00240,Fashion,10
WH05,Hyderabad,PRD00241,Electronics,18
WH05,Hyderabad,PRD00242,Laptop,8
WH05,Hyderabad,PRD00243,Beauty,5
WH05,Hyderabad,PRD00244,Electronics,13
WH05,Hyderabad,PRD00245,Fashion,19
WH05,Hyderabad,PRD00246,Laptop,10
WH05,Hyderabad,PRD00247,Electronics,4
WH05,Hyderabad,PRD00248,Mobile,9
WH05,Hyderabad,PRD00249,Home,12
WH05,Hyderabad,PRD00250,Beauty,6
WH05,Hyderabad,PRD00251,Beauty,14
WH05,Hyderabad,PRD00252,Home,19
WH05,Hyderabad,PRD00253,Grocery,11
WH05,Hyderabad,PRD00254,Electronics,9
WH05,Hyderabad,PRD00255,Laptop,10
WH05,Hyderabad,PRD00256,Grocery,5
WH05,Hyderabad,PRD00257,Mobile,18
WH05,Hyderabad,PRD00258,Mobile,10
WH05,Hyderabad,PRD00259,Home,10
WH05,Hyderabad,PRD00260,Grocery,14
WH05,Hyderabad,PRD00261,Mobile,11
WH05,Hyderabad,PRD00262,Electronics,14
WH05,Hyderabad,PRD00263,Accessories,4
WH05,Hyderabad,PRD00264,Accessories,17
WH05,Hyderabad,PRD00265,Beauty,19
WH05,Hyderabad,PRD00266,Fashion,14
WH05,Hyderabad,PRD00267,Home,19
WH05,Hyderabad,PRD00268,Fashion,6
WH05,Hyderabad,PRD00269,Home,11
WH05,Hyderabad,PRD00270,Beauty,13
WH05,Hyderabad,PRD00271,Home,13
WH05,Hyderabad,PRD00272,Beauty,10
WH05,Hyderabad,PRD00273,Home,9
WH05,Hyderabad,PRD00274,Accessories,6
WH05,Hyderabad,PRD00275,Beauty,10
WH05,Hyderabad,PRD00276,Mobile,6
WH05,Hyderabad,PRD00277,Home,15
WH05,Hyderabad,PRD00278,Accessories,7
WH05,Hyderabad,PRD00279,Grocery,4
WH05,Hyderabad,PRD00280,Beauty,12
WH05,Hyderabad,PRD00281,Mobile,13
WH05,Hyderabad,PRD00282,Beauty,17
WH05,Hyderabad,PRD00283,Mobile,13
WH05,Hyderabad,PRD00284,Beauty,9
WH05,Hyderabad,PRD00285,Accessories,16
WH05,Hyderabad,PRD00286,Home,12
WH05,Hyderabad,PRD00287,Accessories,5
WH05,Hyderabad,PRD00288,Grocery,13
WH05,Hyderabad,PRD00289,Home,18
WH05,Hyderabad,PRD00290,Laptop,10
WH05,Hyderabad,PRD00291,Home,8
WH05,Hyderabad,PRD00292,Grocery,6
WH05,Hyderabad,PRD00293,Laptop,6
WH05,Hyderabad,PRD00294,Fashion,10
WH05,Hyderabad,PRD00295,Fashion,13
WH05,Hyderabad,PRD00296,Beauty,5
WH05,Hyderabad,PRD00297,Beauty,19
WH05,Hyderabad,PRD00298,Mobile,16
WH05,Hyderabad,PRD00299,Mobile,13
WH05,Hyderabad,PRD00300,Grocery,17
WH05,Hyderabad,PRD00301,Grocery,5
WH05,Hyderabad,PRD00302,Laptop,11
WH05,Hyderabad,PRD00303,Accessories,14
WH05,Hyderabad,PRD00304,Home,17
WH05,Hyderabad,PRD00305,Laptop,16
WH05,Hyderabad,PRD00306,Accessories,8
WH05,Hyderabad,PRD00307,Electronics,19
WH05,Hyderabad,PRD00308,Laptop,5
WH05,Hyderabad,PRD00309,Mobile,18
WH05,Hyderabad,PRD00310,Grocery,19
WH05,Hyderabad,PRD00311,Fashion,6
WH05,Hyderabad,PRD00312,Accessories,15
WH05,Hyderabad,PRD00313,Mobile,4
WH05,Hyderabad,PRD00314,Laptop,10
WH05,Hyderabad,PRD00315,Electronics,12
WH05,Hyderabad,PRD00316,Grocery,13
WH05,Hyderabad,PRD00317,Electronics,18
WH05,Hyderabad,PRD00318,Laptop,14
WH05,Hyderabad,PRD00319,Mobile,11
WH05,Hyderabad,PRD00320,Laptop,16
WH05,Hyderabad,PRD00321,Grocery,19
WH05,Hyderabad,PRD00322,Grocery,4
WH05,Hyderabad,PRD00323,Beauty,19
WH05,Hyderabad,PRD00324,Laptop,5
WH05,Hyderabad,PRD00325,Grocery,17
WH05,Hyderabad,PRD00326,Home,8
WH05,Hyderabad,PRD00327,Fashion,6
WH05,Hyderabad,PRD00328,Mobile,11
WH05,Hyderabad,PRD00329,Beauty,14
WH05,Hyderabad,PRD00330,Beauty,10
WH05,Hyderabad,PRD00331,Mobile,4
WH05,Hyderabad,PRD00332,Electronics,13
WH05,Hyderabad,PRD00333,Mobile,18
WH05,Hyderabad,PRD00334,Beauty,10
WH05,Hyderabad,PRD00335,Accessories,7
WH05,Hyderabad,PRD00336,Grocery,11
WH05,Hyderabad,PRD00337,Accessories,4
WH05,Hyderabad,PRD00338,Grocery,17
WH05,Hyderabad,PRD00339,Fashion,17
WH05,Hyderabad,PRD00340,Accessories,13
WH05,Hyderabad,PRD00341,Laptop,9
WH05,Hyderabad,PRD00342,Laptop,16
WH05,Hyderabad,PRD00343,Mobile,12
WH05,Hyderabad,PRD00344,Laptop,17
WH05,Hyderabad,PRD00345,Electronics,14
WH05,Hyderabad,PRD00346,Beauty,16
WH05,Hyderabad,PRD00347,Accessories,13
WH05,Hyderabad,PRD00348,Grocery,10
WH05,Hyderabad,PRD00349,Beauty,19
WH05,Hyderabad,PRD00350,Accessories,12
WH05,Hyderabad,PRD00351,Laptop,13
WH05,Hyderabad,PRD00352,Fashion,7
WH05,Hyderabad,PRD00353,Mobile,14
WH05,Hyderabad,PRD00354,Home,13
WH05,Hyderabad,PRD00355,Fashion,6
WH05,Hyderabad,PRD00356,Accessories,4
WH05,Hyderabad,PRD00357,Beauty,13
WH05,Hyderabad,PRD00358,Electronics,16
WH05,Hyderabad,PRD00359,Grocery,12
WH05,Hyderabad,PRD00360,Fashion,7
WH05,Hyderabad,PRD00361,Beauty,14
WH05,Hyderabad,PRD00362,Grocery,5
WH05,Hyderabad,PRD00363,Beauty,11
WH05,Hyderabad,PRD00364,Laptop,6
WH05,Hyderabad,PRD00365,Laptop,6
WH05,Hyderabad,PRD00366,Electronics,7
WH05,Hyderabad,PRD00367,Home,10
WH05,Hyderabad,PRD00368,Grocery,4
WH05,Hyderabad,PRD00369,Fashion,10
WH05,Hyderabad,PRD00370,Beauty,12
WH05,Hyderabad,PRD00371,Mobile,11
WH05,Hyderabad,PRD00372,Beauty,10
WH05,Hyderabad,PRD00373,Fashion,17
WH05,Hyderabad,PRD00374,Laptop,6
WH05,Hyderabad,PRD00375,Mobile,12
WH05,Hyderabad,PRD00376,Fashion,4
WH05,Hyderabad,PRD00377,Fashion,5
WH05,Hyderabad,PRD00378,Accessories,13
WH05,Hyderabad,PRD00379,Accessories,13
WH05,Hyderabad,PRD00380,Home,18
WH05,Hyderabad,PRD00381,Laptop,12
WH05,Hyderabad,PRD00382,Fashion,19
WH05,Hyderabad,PRD00383,Fashion,4
WH05,Hyderabad,PRD00384,Mobile,5
WH05,Hyderabad,PRD00385,Home,4
WH05,Hyderabad,PRD00386,Fashion,6
WH05,Hyderabad,PRD00387,Laptop,12
WH05,Hyderabad,PRD00388,Mobile,14
WH05,Hyderabad,PRD00389,Home,4
WH05,Hyderabad,PRD00390,Laptop,19
WH05,Hyderabad,PRD00391,Electronics,17
WH05,Hyderabad,PRD00392,Electronics,8
WH05,Hyderabad,PRD00393,Home,5
WH05,Hyderabad,PRD00394,Electronics,6
WH05,Hyderabad,PRD00395,Accessories,6
WH05,Hyderabad,PRD00396,Electronics,5
WH05,Hyderabad,PRD00397,Beauty,12
WH05,Hyderabad,PRD00398,Home,7
WH05,Hyderabad,PRD00399,Fashion,9
WH05,Hyderabad,PRD00400,Grocery,19
WH05,Hyderabad,PRD00401,Accessories,14
WH05,Hyderabad,PRD00402,Laptop,19
WH05,Hyderabad,PRD00403,Accessories,6
WH05,Hyderabad,PRD00404,Fashion,10
WH05,Hyderabad,PRD00405,Mobile,12
WH05,Hyderabad,PRD00406,Mobile,5
WH05,Hyderabad,PRD00407,Accessories,4
WH05,Hyderabad,PRD00408,Grocery,14
WH05,Hyderabad,PRD00409,Accessories,14
WH05,Hyderabad,PRD00410,Fashion,10
WH05,Hyderabad,PRD00411,Mobile,11
WH05,Hyderabad,PRD00412,Laptop,10
WH05,Hyderabad,PRD00413,Fashion,4
WH05,Hyderabad,PRD00414,Mobile,9
WH05,Hyderabad,PRD00415,Beauty,6
WH05,Hyderabad,PRD00416,Mobile,5
WH05,Hyderabad,PRD00417,Home,19
WH05,Hyderabad,PRD00418,Mobile,13
WH05,Hyderabad,PRD00419,Beauty,15
WH05,Hyderabad,PRD00420,Laptop,9
WH05,Hyderabad,PRD00421,Beauty,10
WH05,Hyderabad,PRD00422,Fashion,7
WH05,Hyderabad,PRD00423,Accessories,5
WH05,Hyderabad,PRD00424,Mobile,6
WH05,Hyderabad,PRD00425,Beauty,16
WH05,Hyderabad,PRD00426,Electronics,14
WH05,Hyderabad,PRD00427,Grocery,12
WH05,Hyderabad,PRD00428,Mobile,11
WH05,Hyderabad,PRD00429,Beauty,18
WH05,Hyderabad,PRD00430,Home,5
WH05,Hyderabad,PRD00431,Electronics,8
WH05,Hyderabad,PRD00432,Electronics,9
WH05,Hyderabad,PRD00433,Home,16
WH05,Hyderabad,PRD00434,Laptop,19
WH05,Hyderabad,PRD00435,Grocery,7
WH05,Hyderabad,PRD00436,Home,17
WH05,Hyderabad,PRD00437,Home,17
WH05,Hyderabad,PRD00438,Fashion,7
WH05,Hyderabad,PRD00439,Accessories,10
WH05,Hyderabad,PRD00440,Laptop,10
WH05,Hyderabad,PRD00441,Accessories,19
WH05,Hyderabad,PRD00442,Laptop,6
WH05,Hyderabad,PRD00443,Accessories,16
WH05,Hyderabad,PRD00444,Fashion,9
WH05,Hyderabad,PRD00445,Laptop,15
WH05,Hyderabad,PRD00446,Home,10
WH05,Hyderabad,PRD00447,Mobile,13
WH05,Hyderabad,PRD00448,Home,17
WH05,Hyderabad,PRD00449,Electronics,16
WH05,Hyderabad,PRD00450,Grocery,17
WH05,Hyderabad,PRD00451,Mobile,4
WH05,Hyderabad,PRD00452,Accessories,15
WH05,Hyderabad,PRD00453,Home,6
WH05,Hyderabad,PRD00454,Laptop,10
WH05,Hyderabad,PRD00455,Electronics,12
WH05,Hyderabad,PRD00456,Grocery,10
WH05,Hyderabad,PRD00457,Fashion,12
WH05,Hyderabad,PRD00458,Grocery,19
WH05,Hyderabad,PRD00459,Home,6
WH05,Hyderabad,PRD00460,Beauty,14
WH05,Hyderabad,PRD00461,Accessories,10
WH05,Hyderabad,PRD00462,Laptop,6
WH05,Hyderabad,PRD00463,Fashion,6
WH05,Hyderabad,PRD00464,Home,19
WH05,Hyderabad,PRD00465,Fashion,18
WH05,Hyderabad,PRD00466,Accessories,18
WH05,Hyderabad,PRD00467,Accessories,19
WH05,Hyderabad,PRD00468,Grocery,7
WH05,Hyderabad,PRD00469,Beauty,9
WH05,Hyderabad,PRD00470,Accessories,14
WH05,Hyderabad,PRD00471,Fashion,11
WH05,Hyderabad,PRD00472,Mobile,10
WH05,Hyderabad,PRD00473,Home,9
WH05,Hyderabad,PRD00474,Mobile,13
WH05,Hyderabad,PRD00475,Fashion,13
WH05,Hyderabad,PRD00476,Grocery,6
WH05,Hyderabad,PRD00477,Accessories,11
WH05,Hyderabad,PRD00478,Beauty,12
WH05,Hyderabad,PRD00479,Home,13
WH05,Hyderabad,PRD00480,Grocery,7
WH05,Hyderabad,PRD00481,Mobile,15
WH05,Hyderabad,PRD00482,Laptop,4
WH05,Hyderabad,PRD00483,Accessories,9
WH05,Hyderabad,PRD00484,Beauty,16
WH05,Hyderabad,PRD00485,Mobile,13
WH05,Hyderabad,PRD00486,Beauty,8
WH05,Hyderabad,PRD00487,Grocery,15
WH05,Hyderabad,PRD00488,Laptop,13
WH05,Hyderabad,PRD00489,Accessories,16
WH05,Hyderabad,PRD00490,Accessories,15
WH05,Hyderabad,PRD00491,Grocery,13
WH05,Hyderabad,PRD00492,Home,11
WH05,Hyderabad,PRD00493,Electronics,6
WH05,Hyderabad,PRD00494,Fashion,8
WH05,Hyderabad,PRD00495,Fashion,10
WH05,Hyderabad,PRD00496,Home,13
WH05,Hyderabad,PRD00497,Grocery,12
WH05,Hyderabad,PRD00498,Electronics,8
WH05,Hyderabad,PRD00499,Beauty,4
WH05,Hyderabad,PRD00500,Fashion,11
WH05,Hyderabad,PRD00501,Beauty,8
WH05,Hyderabad,PRD00502,Grocery,15
WH05,Hyderabad,PRD00503,Grocery,4
WH05,Hyderabad,PRD00504,Accessories,13
WH05,Hyderabad,PRD00505,Grocery,19
WH05,Hyderabad,PRD00506,Grocery,6
WH05,Hyderabad,PRD00507,Fashion,11
WH05,Hyderabad,PRD00508,Electronics,5
WH05,Hyderabad,PRD00509,Fashion,14
WH05,Hyderabad,PRD00510,Accessories,12
WH05,Hyderabad,PRD00511,Home,10
WH05,Hyderabad,PRD00512,Beauty,12
WH05,Hyderabad,PRD00513,Electronics,18
WH05,Hyderabad,PRD00514,Fashion,7
WH05,Hyderabad,PRD00515,Accessories,4
WH05,Hyderabad,PRD00516,Grocery,17
WH05,Hyderabad,PRD00517,Home,13
WH05,Hyderabad,PRD00518,Laptop,18
WH05,Hyderabad,PRD00519,Home,13
WH05,Hyderabad,PRD00520,Mobile,16
WH05,Hyderabad,PRD00521,Beauty,10
WH05,Hyderabad,PRD00522,Laptop,15
WH05,Hyderabad,PRD00523,Electronics,18
WH05,Hyderabad,PRD00524,Electronics,13
WH05,Hyderabad,PRD00525,Grocery,6
WH05,Hyderabad,PRD00526,Mobile,8
WH05,Hyderabad,PRD00527,Beauty,7
WH05,Hyderabad,PRD00528,Beauty,7
WH05,Hyderabad,PRD00529,Mobile,8
WH05,Hyderabad,PRD00530,Electronics,12
WH05,Hyderabad,PRD00531,Home,13
WH05,Hyderabad,PRD00532,Beauty,10
WH05,Hyderabad,PRD00533,Home,13
WH05,Hyderabad,PRD00534,Laptop,5
WH05,Hyderabad,PRD00535,Grocery,5
WH05,Hyderabad,PRD00536,Home,6
WH05,Hyderabad,PRD00537,Fashion,12
WH05,Hyderabad,PRD00538,Laptop,7
WH05,Hyderabad,PRD00539,Beauty,8
WH05,Hyderabad,PRD00540,Beauty,10
WH05,Hyderabad,PRD00541,Grocery,16
WH05,Hyderabad,PRD00542,Home,4
WH05,Hyderabad,PRD00543,Home,14
WH05,Hyderabad,PRD00544,Electronics,14
WH05,Hyderabad,PRD00545,Electronics,16
WH05,Hyderabad,PRD00546,Electronics,18
WH05,Hyderabad,PRD00547,Mobile,4
WH05,Hyderabad,PRD00548,Grocery,6
WH05,Hyderabad,PRD00549,Accessories,18
WH05,Hyderabad,PRD00550,Electronics,11
WH05,Hyderabad,PRD00551,Laptop,13
WH05,Hyderabad,PRD00552,Fashion,14
WH05,Hyderabad,PRD00553,Fashion,14
WH05,Hyderabad,PRD00554,Electronics,18
WH05,Hyderabad,PRD00555,Home,19
WH05,Hyderabad,PRD00556,Home,15
WH05,Hyderabad,PRD00557,Electronics,8
WH05,Hyderabad,PRD00558,Fashion,18
WH05,Hyderabad,PRD00559,Mobile,4
WH05,Hyderabad,PRD00560,Grocery,7
WH05,Hyderabad,PRD00561,Grocery,18
WH05,Hyderabad,PRD00562,Laptop,8
WH05,Hyderabad,PRD00563,Fashion,7
WH05,Hyderabad,PRD00564,Mobile,6
WH05,Hyderabad,PRD00565,Mobile,17
WH05,Hyderabad,PRD00566,Mobile,12
WH05,Hyderabad,PRD00567,Grocery,14
WH05,Hyderabad,PRD00568,Electronics,7
WH05,Hyderabad,PRD00569,Electronics,16
WH05,Hyderabad,PRD00570,Laptop,16
WH05,Hyderabad,PRD00571,Mobile,9
WH05,Hyderabad,PRD00572,Grocery,10
WH05,Hyderabad,PRD00573,Home,7
WH05,Hyderabad,PRD00574,Fashion,19
WH05,Hyderabad,PRD00575,Beauty,14
WH05,Hyderabad,PRD00576,Grocery,18
WH05,Hyderabad,PRD00577,Electronics,8
WH05,Hyderabad,PRD00578,Fashion,16
WH05,Hyderabad,PRD00579,Fashion,16
WH05,Hyderabad,PRD00580,Accessories,15
WH05,Hyderabad,PRD00581,Home,19
WH05,Hyderabad,PRD00582,Mobile,10
WH05,Hyderabad,PRD00583,Fashion,6
WH05,Hyderabad,PRD00584,Accessories,14
WH05,Hyderabad,PRD00585,Grocery,15
WH05,Hyderabad,PRD00586,Fashion,13
WH05,Hyderabad,PRD00587,Grocery,7
WH05,Hyderabad,PRD00588,Mobile,12
WH05,Hyderabad,PRD00589,Home,8
WH05,Hyderabad,PRD00590,Grocery,10
WH05,Hyderabad,PRD00591,Fashion,14
WH05,Hyderabad,PRD00592,Accessories,15
WH05,Hyderabad,PRD00593,Fashion,7
WH05,Hyderabad,PRD00594,Home,10
WH05,Hyderabad,PRD00595,Grocery,8
WH05,Hyderabad,PRD00596,Electronics,7
WH05,Hyderabad,PRD00597,Accessories,16
WH05,Hyderabad,PRD00598,Grocery,18
WH05,Hyderabad,PRD00599,Beauty,9
WH05,Hyderabad,PRD00600,Mobile,16
WH05,Hyderabad,PRD00601,Accessories,18
WH05,Hyderabad,PRD00602,Home,17
WH05,Hyderabad,PRD00603,Electronics,6
WH05,Hyderabad,PRD00604,Grocery,19
WH05,Hyderabad,PRD00605,Home,10
WH05,Hyderabad,PRD00606,Accessories,9
WH05,Hyderabad,PRD00607,Beauty,4
WH05,Hyderabad,PRD00608,Accessories,11
WH05,Hyderabad,PRD00609,Mobile,5
WH05,Hyderabad,PRD00610,Fashion,7
WH05,Hyderabad,PRD00611,Beauty,9
WH05,Hyderabad,PRD00612,Laptop,16
WH05,Hyderabad,PRD00613,Mobile,18
WH05,Hyderabad,PRD00614,Mobile,8
WH05,Hyderabad,PRD00615,Laptop,17
WH05,Hyderabad,PRD00616,Home,17
WH05,Hyderabad,PRD00617,Accessories,16
WH05,Hyderabad,PRD00618,Home,6
WH05,Hyderabad,PRD00619,Mobile,15
WH05,Hyderabad,PRD00620,Laptop,19
WH05,Hyderabad,PRD00621,Grocery,14
WH05,Hyderabad,PRD00622,Accessories,9
WH05,Hyderabad,PRD00623,Home,12
WH05,Hyderabad,PRD00624,Electronics,14
WH05,Hyderabad,PRD00625,Accessories,12
WH05,Hyderabad,PRD00626,Fashion,5
WH05,Hyderabad,PRD00627,Grocery,8
WH05,Hyderabad,PRD00628,Fashion,16
WH05,Hyderabad,PRD00629,Beauty,17
WH05,Hyderabad,PRD00630,Laptop,6
WH05,Hyderabad,PRD00631,Electronics,19
WH05,Hyderabad,PRD00632,Beauty,9
WH05,Hyderabad,PRD00633,Grocery,14
WH05,Hyderabad,PRD00634,Electronics,16
WH05,Hyderabad,PRD00635,Fashion,16
WH05,Hyderabad,PRD00636,Home,19
WH05,Hyderabad,PRD00637,Accessories,9
WH05,Hyderabad,PRD00638,Accessories,17
WH05,Hyderabad,PRD00639,Beauty,6
WH05,Hyderabad,PRD00640,Home,15
WH05,Hyderabad,PRD00641,Beauty,15
WH05,Hyderabad,PRD00642,Accessories,14
WH05,Hyderabad,PRD00643,Accessories,8
WH05,Hyderabad,PRD00644,Mobile,17
WH05,Hyderabad,PRD00645,Mobile,6
WH05,Hyderabad,PRD00646,Grocery,4
WH05,Hyderabad,PRD00647,Mobile,15
WH05,Hyderabad,PRD00648,Grocery,11
WH05,Hyderabad,PRD00649,Laptop,17
WH05,Hyderabad,PRD00650,Electronics,10
WH05,Hyderabad,PRD00651,Laptop,6
WH05,Hyderabad,PRD00652,Mobile,17
WH05,Hyderabad,PRD00653,Laptop,12
WH05,Hyderabad,PRD00654,Home,7
WH05,Hyderabad,PRD00655,Accessories,15
WH05,Hyderabad,PRD00656,Mobile,12
WH05,Hyderabad,PRD00657,Electronics,13
WH05,Hyderabad,PRD00658,Grocery,11
WH05,Hyderabad,PRD00659,Accessories,17
WH05,Hyderabad,PRD00660,Laptop,17
WH05,Hyderabad,PRD00661,Accessories,15
WH05,Hyderabad,PRD00662,Laptop,5
WH05,Hyderabad,PRD00663,Grocery,17
WH05,Hyderabad,PRD00664,Grocery,14
WH05,Hyderabad,PRD00665,Electronics,15
WH05,Hyderabad,PRD00666,Fashion,9
WH05,Hyderabad,PRD00667,Mobile,18
WH05,Hyderabad,PRD00668,Grocery,15
WH05,Hyderabad,PRD00669,Fashion,5
WH05,Hyderabad,PRD00670,Fashion,10
WH05,Hyderabad,PRD00671,Beauty,18
WH05,Hyderabad,PRD00672,Beauty,4
WH05,Hyderabad,PRD00673,Laptop,19
WH05,Hyderabad,PRD00674,Laptop,14
WH05,Hyderabad,PRD00675,Fashion,14
WH05,Hyderabad,PRD00676,Home,8
WH05,Hyderabad,PRD00677,Beauty,7
WH05,Hyderabad,PRD00678,Fashion,19
WH05,Hyderabad,PRD00679,Accessories,8
WH05,Hyderabad,PRD00680,Accessories,16
WH05,Hyderabad,PRD00681,Home,10
WH05,Hyderabad,PRD00682,Beauty,6
WH05,Hyderabad,PRD00683,Laptop,4
WH05,Hyderabad,PRD00684,Laptop,12
WH05,Hyderabad,PRD00685,Accessories,19
WH05,Hyderabad,PRD00686,Electronics,9
WH05,Hyderabad,PRD00687,Beauty,9
WH05,Hyderabad,PRD00688,Grocery,9
WH05,Hyderabad,PRD00689,Laptop,12
WH05,Hyderabad,PRD00690,Laptop,11
WH05,Hyderabad,PRD00691,Accessories,18
WH05,Hyderabad,PRD00692,Mobile,12
WH05,Hyderabad,PRD00693,Electronics,12
WH05,Hyderabad,PRD00694,Fashion,6
WH05,Hyderabad,PRD00695,Home,19
WH05,Hyderabad,PRD00696,Home,7
WH05,Hyderabad,PRD00697,Mobile,5
WH05,Hyderabad,PRD00698,Accessories,14
WH05,Hyderabad,PRD00699,Beauty,13
WH05,Hyderabad,PRD00700,Mobile,10
WH05,Hyderabad,PRD00701,Electronics,10
WH05,Hyderabad,PRD00702,Accessories,16
WH05,Hyderabad,PRD00703,Laptop,7
WH05,Hyderabad,PRD00704,Mobile,17
WH05,Hyderabad,PRD00705,Beauty,14
WH05,Hyderabad,PRD00706,Home,10
WH05,Hyderabad,PRD00707,Beauty,11
WH05,Hyderabad,PRD00708,Electronics,8
WH05,Hyderabad,PRD00709,Home,16
WH05,Hyderabad,PRD00710,Fashion,12
WH05,Hyderabad,PRD00711,Fashion,9
WH05,Hyderabad,PRD00712,Grocery,13
WH05,Hyderabad,PRD00713,Fashion,19
WH05,Hyderabad,PRD00714,Beauty,10
WH05,Hyderabad,PRD00715,Grocery,18
WH05,Hyderabad,PRD00716,Fashion,9
WH05,Hyderabad,PRD00717,Home,4
WH05,Hyderabad,PRD00718,Mobile,7
WH05,Hyderabad,PRD00719,Laptop,10
WH05,Hyderabad,PRD00720,Mobile,7
WH05,Hyderabad,PRD00721,Home,4
WH05,Hyderabad,PRD00722,Fashion,18
WH05,Hyderabad,PRD00723,Laptop,17
WH05,Hyderabad,PRD00724,Fashion,15
WH05,Hyderabad,PRD00725,Mobile,6
WH05,Hyderabad,PRD00726,Laptop,5
WH05,Hyderabad,PRD00727,Grocery,5
WH05,Hyderabad,PRD00728,Beauty,15
WH05,Hyderabad,PRD00729,Fashion,18
WH05,Hyderabad,PRD00730,Accessories,10
WH05,Hyderabad,PRD00731,Home,5
WH05,Hyderabad,PRD00732,Laptop,12
WH05,Hyderabad,PRD00733,Electronics,9
WH05,Hyderabad,PRD00734,Home,9
WH05,Hyderabad,PRD00735,Home,13
WH05,Hyderabad,PRD00736,Mobile,15
WH05,Hyderabad,PRD00737,Laptop,5
WH05,Hyderabad,PRD00738,Laptop,4
WH05,Hyderabad,PRD00739,Laptop,19
WH05,Hyderabad,PRD00740,Accessories,7
WH05,Hyderabad,PRD00741,Electronics,4
WH05,Hyderabad,PRD00742,Beauty,7
WH05,Hyderabad,PRD00743,Mobile,4
WH05,Hyderabad,PRD00744,Electronics,10
WH05,Hyderabad,PRD00745,Laptop,16
WH05,Hyderabad,PRD00746,Accessories,9
WH05,Hyderabad,PRD00747,Grocery,11
WH05,Hyderabad,PRD00748,Accessories,14
WH05,Hyderabad,PRD00749,Beauty,12
WH05,Hyderabad,PRD00750,Fashion,17
WH05,Hyderabad,PRD00751,Mobile,17
WH05,Hyderabad,PRD00752,Home,4
WH05,Hyderabad,PRD00753,Grocery,16
WH05,Hyderabad,PRD00754,Grocery,11
WH05,Hyderabad,PRD00755,Grocery,19
WH05,Hyderabad,PRD00756,Accessories,11
WH05,Hyderabad,PRD00757,Beauty,19
WH05,Hyderabad,PRD00758,Fashion,16
WH05,Hyderabad,PRD00759,Beauty,7
WH05,Hyderabad,PRD00760,Mobile,12
WH05,Hyderabad,PRD00761,Home,19
WH05,Hyderabad,PRD00762,Laptop,17
WH05,Hyderabad,PRD00763,Fashion,5
WH05,Hyderabad,PRD00764,Laptop,15
WH05,Hyderabad,PRD00765,Grocery,9
WH05,Hyderabad,PRD00766,Accessories,4
WH05,Hyderabad,PRD00767,Accessories,10
WH05,Hyderabad,PRD00768,Fashion,7
WH05,Hyderabad,PRD00769,Mobile,17
WH05,Hyderabad,PRD00770,Grocery,9
WH05,Hyderabad,PRD00771,Beauty,17
WH05,Hyderabad,PRD00772,Laptop,4
WH05,Hyderabad,PRD00773,Electronics,8
WH05,Hyderabad,PRD00774,Beauty,7
WH05,Hyderabad,PRD00775,Accessories,7
WH05,Hyderabad,PRD00776,Beauty,5
WH05,Hyderabad,PRD00777,Grocery,6
WH05,Hyderabad,PRD00778,Home,12
WH05,Hyderabad,PRD00779,Home,8
WH05,Hyderabad,PRD00780,Grocery,10
WH05,Hyderabad,PRD00781,Beauty,10
WH05,Hyderabad,PRD00782,Laptop,18
WH05,Hyderabad,PRD00783,Electronics,18
WH05,Hyderabad,PRD00784,Home,11
WH05,Hyderabad,PRD00785,Accessories,9
WH05,Hyderabad,PRD00786,Beauty,5
WH05,Hyderabad,PRD00787,Home,19
WH05,Hyderabad,PRD00788,Electronics,4
WH05,Hyderabad,PRD00789,Fashion,8
WH05,Hyderabad,PRD00790,Beauty,8
WH05,Hyderabad,PRD00791,Mobile,9
WH05,Hyderabad,PRD00792,Beauty,6
WH05,Hyderabad,PRD00793,Fashion,16
WH05,Hyderabad,PRD00794,Electronics,5
WH05,Hyderabad,PRD00795,Fashion,14
WH05,Hyderabad,PRD00796,Electronics,5
WH05,Hyderabad,PRD00797,Fashion,5
WH05,Hyderabad,PRD00798,Accessories,18
WH05,Hyderabad,PRD00799,Grocery,7
WH05,Hyderabad,PRD00800,Electronics,17
WH05,Hyderabad,PRD00801,Fashion,12
WH05,Hyderabad,PRD00802,Fashion,5
WH05,Hyderabad,PRD00803,Electronics,19
WH05,Hyderabad,PRD00804,Electronics,7
WH05,Hyderabad,PRD00805,Accessories,17
WH05,Hyderabad,PRD00806,Accessories,6
WH05,Hyderabad,PRD00807,Accessories,17
WH05,Hyderabad,PRD00808,Laptop,4
WH05,Hyderabad,PRD00809,Accessories,12
WH05,Hyderabad,PRD00810,Mobile,16
WH05,Hyderabad,PRD00811,Electronics,18
WH05,Hyderabad,PRD00812,Beauty,18
WH05,Hyderabad,PRD00813,Electronics,17
WH05,Hyderabad,PRD00814,Laptop,18
WH05,Hyderabad,PRD00815,Laptop,7
WH05,Hyderabad,PRD00816,Laptop,8
WH05,Hyderabad,PRD00817,Mobile,8
WH05,Hyderabad,PRD00818,Grocery,10
WH05,Hyderabad,PRD00819,Mobile,10
WH05,Hyderabad,PRD00820,Electronics,12
WH05,Hyderabad,PRD00821,Accessories,6
WH05,Hyderabad,PRD00822,Electronics,15
WH05,Hyderabad,PRD00823,Beauty,6
WH05,Hyderabad,PRD00824,Mobile,8
WH05,Hyderabad,PRD00825,Fashion,12
WH05,Hyderabad,PRD00826,Home,16
WH05,Hyderabad,PRD00827,Electronics,15
WH05,Hyderabad,PRD00828,Beauty,14
WH05,Hyderabad,PRD00829,Beauty,6
WH05,Hyderabad,PRD00830,Laptop,12
WH05,Hyderabad,PRD00831,Beauty,5
WH05,Hyderabad,PRD00832,Electronics,10
WH05,Hyderabad,PRD00833,Grocery,10
WH05,Hyderabad,PRD00834,Grocery,4
WH05,Hyderabad,PRD00835,Electronics,8
WH05,Hyderabad,PRD00836,Mobile,19
WH05,Hyderabad,PRD00837,Home,19
WH05,Hyderabad,PRD00838,Laptop,9
WH05,Hyderabad,PRD00839,Fashion,4
WH05,Hyderabad,PRD00840,Mobile,6
WH05,Hyderabad,PRD00841,Laptop,10
WH05,Hyderabad,PRD00842,Accessories,19
WH05,Hyderabad,PRD00843,Electronics,6
WH05,Hyderabad,PRD00844,Fashion,16
WH05,Hyderabad,PRD00845,Home,5
WH05,Hyderabad,PRD00846,Grocery,19
WH05,Hyderabad,PRD00847,Laptop,10
WH05,Hyderabad,PRD00848,Electronics,16
WH05,Hyderabad,PRD00849,Fashion,9
WH05,Hyderabad,PRD00850,Fashion,14
WH05,Hyderabad,PRD00851,Beauty,7
WH05,Hyderabad,PRD00852,Mobile,6
WH05,Hyderabad,PRD00853,Beauty,19
WH05,Hyderabad,PRD00854,Accessories,18
WH05,Hyderabad,PRD00855,Mobile,18
WH05,Hyderabad,PRD00856,Accessories,14
WH05,Hyderabad,PRD00857,Mobile,16
WH05,Hyderabad,PRD00858,Mobile,5
WH05,Hyderabad,PRD00859,Mobile,9
WH05,Hyderabad,PRD00860,Laptop,9
WH05,Hyderabad,PRD00861,Mobile,14
WH05,Hyderabad,PRD00862,Laptop,9
WH05,Hyderabad,PRD00863,Beauty,6
WH05,Hyderabad,PRD00864,Electronics,13
WH05,Hyderabad,PRD00865,Laptop,17
WH05,Hyderabad,PRD00866,Electronics,10
WH05,Hyderabad,PRD00867,Home,6
WH05,Hyderabad,PRD00868,Beauty,7
WH05,Hyderabad,PRD00869,Accessories,7
WH05,Hyderabad,PRD00870,Mobile,8
WH05,Hyderabad,PRD00871,Home,14
WH05,Hyderabad,PRD00872,Fashion,13
WH05,Hyderabad,PRD00873,Home,15
WH05,Hyderabad,PRD00874,Laptop,9
WH05,Hyderabad,PRD00875,Fashion,17
WH05,Hyderabad,PRD00876,Electronics,7
WH05,Hyderabad,PRD00877,Grocery,11
WH05,Hyderabad,PRD00878,Fashion,16
WH05,Hyderabad,PRD00879,Laptop,6
WH05,Hyderabad,PRD00880,Fashion,5
WH05,Hyderabad,PRD00881,Laptop,18
WH05,Hyderabad,PRD00882,Beauty,9
WH05,Hyderabad,PRD00883,Grocery,14
WH05,Hyderabad,PRD00884,Home,4
WH05,Hyderabad,PRD00885,Home,15
WH05,Hyderabad,PRD00886,Fashion,9
WH05,Hyderabad,PRD00887,Home,4
WH05,Hyderabad,PRD00888,Laptop,13
WH05,Hyderabad,PRD00889,Fashion,7
WH05,Hyderabad,PRD00890,Fashion,10
WH05,Hyderabad,PRD00891,Accessories,5
WH05,Hyderabad,PRD00892,Fashion,6
WH05,Hyderabad,PRD00893,Mobile,8
WH05,Hyderabad,PRD00894,Accessories,5
WH05,Hyderabad,PRD00895,Beauty,18
WH05,Hyderabad,PRD00896,Beauty,4
WH05,Hyderabad,PRD00897,Beauty,11
WH05,Hyderabad,PRD00898,Accessories,5
WH05,Hyderabad,PRD00899,Laptop,8
WH05,Hyderabad,PRD00900,Electronics,18
WH05,Hyderabad,PRD00901,Grocery,6
WH05,Hyderabad,PRD00902,Laptop,19
WH05,Hyderabad,PRD00903,Home,7
WH05,Hyderabad,PRD00904,Grocery,15
WH05,Hyderabad,PRD00905,Beauty,12
WH05,Hyderabad,PRD00906,Fashion,18
WH05,Hyderabad,PRD00907,Home,12
WH05,Hyderabad,PRD00908,Beauty,12
WH05,Hyderabad,PRD00909,Fashion,7
WH05,Hyderabad,PRD00910,Mobile,6
WH05,Hyderabad,PRD00911,Home,18
WH05,Hyderabad,PRD00912,Fashion,9
WH05,Hyderabad,PRD00913,Home,9
WH05,Hyderabad,PRD00914,Accessories,16
WH05,Hyderabad,PRD00915,Fashion,9
WH05,Hyderabad,PRD00916,Electronics,19
WH05,Hyderabad,PRD00917,Mobile,15
WH05,Hyderabad,PRD00918,Laptop,13
WH05,Hyderabad,PRD00919,Accessories,18
WH05,Hyderabad,PRD00920,Laptop,4
WH05,Hyderabad,PRD00921,Accessories,8
WH05,Hyderabad,PRD00922,Beauty,11
WH05,Hyderabad,PRD00923,Beauty,7
WH05,Hyderabad,PRD00924,Grocery,15
WH05,Hyderabad,PRD00925,Electronics,18
WH05,Hyderabad,PRD00926,Beauty,10
WH05,Hyderabad,PRD00927,Mobile,9
WH05,Hyderabad,PRD00928,Beauty,19
WH05,Hyderabad,PRD00929,Electronics,11
WH05,Hyderabad,PRD00930,Laptop,11
WH05,Hyderabad,PRD00931,Grocery,9
WH05,Hyderabad,PRD00932,Accessories,18
WH05,Hyderabad,PRD00933,Beauty,13
WH05,Hyderabad,PRD00934,Beauty,16
WH05,Hyderabad,PRD00935,Mobile,16
WH05,Hyderabad,PRD00936,Laptop,9
WH05,Hyderabad,PRD00937,Beauty,10
WH05,Hyderabad,PRD00938,Fashion,17
WH05,Hyderabad,PRD00939,Laptop,9
WH05,Hyderabad,PRD00940,Accessories,16
WH05,Hyderabad,PRD00941,Laptop,19
WH05,Hyderabad,PRD00942,Electronics,13
WH05,Hyderabad,PRD00943,Accessories,15
WH05,Hyderabad,PRD00944,Accessories,16
WH05,Hyderabad,PRD00945,Grocery,17
WH05,Hyderabad,PRD00946,Grocery,10
WH05,Hyderabad,PRD00947,Accessories,4
WH05,Hyderabad,PRD00948,Home,10
WH05,Hyderabad,PRD00949,Fashion,14
WH05,Hyderabad,PRD00950,Beauty,11
WH05,Hyderabad,PRD00951,Beauty,15
WH05,Hyderabad,PRD00952,Accessories,9
WH05,Hyderabad,PRD00953,Grocery,14
WH05,Hyderabad,PRD00954,Fashion,6
WH05,Hyderabad,PRD00955,Electronics,15
WH05,Hyderabad,PRD00956,Home,12
WH05,Hyderabad,PRD00957,Mobile,7
WH05,Hyderabad,PRD00958,Grocery,8
WH05,Hyderabad,PRD00959,Grocery,15
WH05,Hyderabad,PRD00960,Fashion,11
WH05,Hyderabad,PRD00961,Grocery,7
WH05,Hyderabad,PRD00962,Electronics,19
WH05,Hyderabad,PRD00963,Laptop,15
WH05,Hyderabad,PRD00964,Laptop,19
WH05,Hyderabad,PRD00965,Fashion,10
WH05,Hyderabad,PRD00966,Home,11
WH05,Hyderabad,PRD00967,Laptop,18
WH05,Hyderabad,PRD00968,Laptop,12
WH05,Hyderabad,PRD00969,Beauty,15
WH05,Hyderabad,PRD00970,Electronics,8
WH05,Hyderabad,PRD00971,Mobile,11
WH05,Hyderabad,PRD00972,Fashion,5
WH05,Hyderabad,PRD00973,Laptop,7
WH05,Hyderabad,PRD00974,Beauty,4
WH05,Hyderabad,PRD00975,Accessories,4
WH05,Hyderabad,PRD00976,Grocery,19
WH05,Hyderabad,PRD00977,Laptop,7
WH05,Hyderabad,PRD00978,Accessories,14
WH05,Hyderabad,PRD00979,Electronics,17
WH05,Hyderabad,PRD00980,Laptop,12
WH05,Hyderabad,PRD00981,Home,6
WH05,Hyderabad,PRD00982,Laptop,15
WH05,Hyderabad,PRD00983,Fashion,13
WH05,Hyderabad,PRD00984,Fashion,15
WH05,Hyderabad,PRD00985,Mobile,16
WH05,Hyderabad,PRD00986,Laptop,19
WH05,Hyderabad,PRD00987,Home,13
WH05,Hyderabad,PRD00988,Home,9
WH05,Hyderabad,PRD00989,Grocery,14
WH05,Hyderabad,PRD00990,Mobile,5
WH05,Hyderabad,PRD00991,Home,18
WH05,Hyderabad,PRD00992,Laptop,5
WH05,Hyderabad,PRD00993,Beauty,9
WH05,Hyderabad,PRD00994,Electronics,17
WH05,Hyderabad,PRD00995,Accessories,13
WH05,Hyderabad,PRD00996,Laptop,10
WH05,Hyderabad,PRD00997,Beauty,11
WH05,Hyderabad,PRD00998,Mobile,17
WH05,Hyderabad,PRD00999,Accessories,9
WH05,Hyderabad,PRD01000,Grocery,17
